comp,comp_idx,cfg,site_idx,site_type,local_env,act_site_type,act_local_env,h_height,d_xy,E_slab,E_slabH,E_ads
Ru100Ni0Co0Fe0Cu0,0,0,0,fcc,Ru-Ru-Ru,fcc,Ru-Ru-Ru,1.041,0.0,-673.7555,-677.9973,-0.9795
Ru100Ni0Co0Fe0Cu0,0,0,1,top,Ru,top,Ru,1.621,0.0,-673.7555,-677.0957,-0.0779
Ru100Ni0Co0Fe0Cu0,0,0,2,bridge,Ru-Ru,bridge,Ru-Ru,1.162,0.002,-673.7555,-677.9228,-0.9051
Ru100Ni0Co0Fe0Cu0,0,0,3,bridge,Ru-Ru,bridge,Ru-Ru,1.162,0.002,-673.7555,-677.9228,-0.9051
Ru100Ni0Co0Fe0Cu0,0,0,4,hcp,Ru-Ru-Ru,hcp,Ru-Ru-Ru,1.023,0.0,-673.7555,-678.0356,-1.0179
Ru100Ni0Co0Fe0Cu0,0,0,5,bridge,Ru-Ru,bridge,Ru-Ru,1.162,0.002,-673.7555,-677.9228,-0.9051
Ru100Ni0Co0Fe0Cu0,0,0,6,hcp,Ru-Ru-Ru,hcp,Ru-Ru-Ru,1.023,0.0,-673.7555,-678.0356,-1.0179
Ru100Ni0Co0Fe0Cu0,0,0,7,bridge,Ru-Ru,bridge,Ru-Ru,1.162,0.002,-673.7555,-677.9228,-0.9051
Ru100Ni0Co0Fe0Cu0,0,0,8,top,Ru,top,Ru,1.621,0.0,-673.7555,-677.0957,-0.0779
Ru100Ni0Co0Fe0Cu0,0,0,9,bridge,Ru-Ru,bridge,Ru-Ru,1.162,0.002,-673.7555,-677.9228,-0.9051
Ru100Ni0Co0Fe0Cu0,0,1,0,bridge,Ru-Ru,bridge,Ru-Ru,1.162,0.002,-673.7555,-677.9228,-0.9051
Ru100Ni0Co0Fe0Cu0,0,1,1,hcp,Ru-Ru-Ru,hcp,Ru-Ru-Ru,1.023,0.0,-673.7555,-678.0356,-1.0179
Ru100Ni0Co0Fe0Cu0,0,1,2,bridge,Ru-Ru,bridge,Ru-Ru,1.162,0.002,-673.7555,-677.9228,-0.9051
Ru100Ni0Co0Fe0Cu0,0,1,3,bridge,Ru-Ru,bridge,Ru-Ru,1.162,0.002,-673.7555,-677.9228,-0.9051
Ru100Ni0Co0Fe0Cu0,0,1,4,top,Ru,top,Ru,1.621,0.0,-673.7555,-677.0957,-0.0779
Ru100Ni0Co0Fe0Cu0,0,1,5,top,Ru,top,Ru,1.621,0.0,-673.7555,-677.0957,-0.0779
Ru100Ni0Co0Fe0Cu0,0,1,6,hcp,Ru-Ru-Ru,hcp,Ru-Ru-Ru,1.023,0.0,-673.7555,-678.0356,-1.0179
Ru100Ni0Co0Fe0Cu0,0,1,7,fcc,Ru-Ru-Ru,fcc,Ru-Ru-Ru,1.041,0.0,-673.7555,-677.9973,-0.9795
Ru100Ni0Co0Fe0Cu0,0,1,8,bridge,Ru-Ru,bridge,Ru-Ru,1.162,0.002,-673.7555,-677.9228,-0.9051
Ru100Ni0Co0Fe0Cu0,0,1,9,bridge,Ru-Ru,bridge,Ru-Ru,1.162,0.002,-673.7555,-677.9228,-0.9051
Ru100Ni0Co0Fe0Cu0,0,2,0,bridge,Ru-Ru,bridge,Ru-Ru,1.162,0.002,-673.7555,-677.9228,-0.9051
Ru100Ni0Co0Fe0Cu0,0,2,1,bridge,Ru-Ru,bridge,Ru-Ru,1.162,0.002,-673.7555,-677.9228,-0.9051
Ru100Ni0Co0Fe0Cu0,0,2,2,top,Ru,top,Ru,1.621,0.0,-673.7555,-677.0957,-0.0779
Ru100Ni0Co0Fe0Cu0,0,2,3,top,Ru,top,Ru,1.621,0.0,-673.7555,-677.0957,-0.0779
Ru100Ni0Co0Fe0Cu0,0,2,4,bridge,Ru-Ru,bridge,Ru-Ru,1.162,0.002,-673.7555,-677.9228,-0.9051
Ru100Ni0Co0Fe0Cu0,0,2,5,bridge,Ru-Ru,bridge,Ru-Ru,1.162,0.002,-673.7555,-677.9228,-0.9051
Ru100Ni0Co0Fe0Cu0,0,2,6,fcc,Ru-Ru-Ru,fcc,Ru-Ru-Ru,1.041,0.0,-673.7555,-677.9973,-0.9795
Ru100Ni0Co0Fe0Cu0,0,2,7,hcp,Ru-Ru-Ru,hcp,Ru-Ru-Ru,1.023,0.0,-673.7555,-678.0356,-1.0179
Ru100Ni0Co0Fe0Cu0,0,2,8,bridge,Ru-Ru,bridge,Ru-Ru,1.162,0.002,-673.7555,-677.9228,-0.9051
Ru100Ni0Co0Fe0Cu0,0,2,9,hcp,Ru-Ru-Ru,hcp,Ru-Ru-Ru,1.023,0.0,-673.7555,-678.0356,-1.0179
Ru100Ni0Co0Fe0Cu0,0,3,0,bridge,Ru-Ru,bridge,Ru-Ru,1.162,0.002,-673.7555,-677.9228,-0.9051
Ru100Ni0Co0Fe0Cu0,0,3,1,bridge,Ru-Ru,bridge,Ru-Ru,1.162,0.002,-673.7555,-677.9228,-0.9051
Ru100Ni0Co0Fe0Cu0,0,3,2,top,Ru,top,Ru,1.621,0.0,-673.7555,-677.0957,-0.0779
Ru100Ni0Co0Fe0Cu0,0,3,3,top,Ru,top,Ru,1.621,0.0,-673.7555,-677.0957,-0.0779
Ru100Ni0Co0Fe0Cu0,0,3,4,fcc,Ru-Ru-Ru,fcc,Ru-Ru-Ru,1.041,0.0,-673.7555,-677.9973,-0.9795
Ru100Ni0Co0Fe0Cu0,0,3,5,bridge,Ru-Ru,bridge,Ru-Ru,1.162,0.002,-673.7555,-677.9228,-0.9051
Ru100Ni0Co0Fe0Cu0,0,3,6,bridge,Ru-Ru,bridge,Ru-Ru,1.162,0.002,-673.7555,-677.9228,-0.9051
Ru100Ni0Co0Fe0Cu0,0,3,7,hcp,Ru-Ru-Ru,hcp,Ru-Ru-Ru,1.023,0.0,-673.7555,-678.0356,-1.0179
Ru100Ni0Co0Fe0Cu0,0,3,8,hcp,Ru-Ru-Ru,hcp,Ru-Ru-Ru,1.023,0.0,-673.7555,-678.0356,-1.0179
Ru100Ni0Co0Fe0Cu0,0,3,9,bridge,Ru-Ru,bridge,Ru-Ru,1.162,0.002,-673.7555,-677.9228,-0.9051
Ru100Ni0Co0Fe0Cu0,0,4,0,bridge,Ru-Ru,bridge,Ru-Ru,1.162,0.002,-673.7555,-677.9228,-0.9051
Ru100Ni0Co0Fe0Cu0,0,4,1,top,Ru,top,Ru,1.621,0.0,-673.7555,-677.0957,-0.0779
Ru100Ni0Co0Fe0Cu0,0,4,2,top,Ru,top,Ru,1.621,0.0,-673.7555,-677.0957,-0.0779
Ru100Ni0Co0Fe0Cu0,0,4,3,bridge,Ru-Ru,bridge,Ru-Ru,1.162,0.002,-673.7555,-677.9228,-0.9051
Ru100Ni0Co0Fe0Cu0,0,4,4,hcp,Ru-Ru-Ru,hcp,Ru-Ru-Ru,1.023,0.0,-673.7555,-678.0356,-1.0179
Ru100Ni0Co0Fe0Cu0,0,4,5,fcc,Ru-Ru-Ru,fcc,Ru-Ru-Ru,1.041,0.0,-673.7555,-677.9973,-0.9795
Ru100Ni0Co0Fe0Cu0,0,4,6,bridge,Ru-Ru,bridge,Ru-Ru,1.162,0.002,-673.7555,-677.9228,-0.9051
Ru100Ni0Co0Fe0Cu0,0,4,7,bridge,Ru-Ru,bridge,Ru-Ru,1.162,0.002,-673.7555,-677.9228,-0.9051
Ru100Ni0Co0Fe0Cu0,0,4,8,bridge,Ru-Ru,bridge,Ru-Ru,1.162,0.002,-673.7555,-677.9228,-0.9051
Ru100Ni0Co0Fe0Cu0,0,4,9,hcp,Ru-Ru-Ru,hcp,Ru-Ru-Ru,1.023,0.0,-673.7555,-678.0356,-1.0179
Ru100Ni0Co0Fe0Cu0,0,5,0,bridge,Ru-Ru,bridge,Ru-Ru,1.162,0.002,-673.7555,-677.9228,-0.9051
Ru100Ni0Co0Fe0Cu0,0,5,1,bridge,Ru-Ru,bridge,Ru-Ru,1.162,0.002,-673.7555,-677.9228,-0.9051
Ru100Ni0Co0Fe0Cu0,0,5,2,top,Ru,top,Ru,1.621,0.0,-673.7555,-677.0957,-0.0779
Ru100Ni0Co0Fe0Cu0,0,5,3,fcc,Ru-Ru-Ru,fcc,Ru-Ru-Ru,1.041,0.0,-673.7555,-677.9973,-0.9795
Ru100Ni0Co0Fe0Cu0,0,5,4,bridge,Ru-Ru,bridge,Ru-Ru,1.162,0.002,-673.7555,-677.9228,-0.9051
Ru100Ni0Co0Fe0Cu0,0,5,5,bridge,Ru-Ru,bridge,Ru-Ru,1.162,0.002,-673.7555,-677.9228,-0.9051
Ru100Ni0Co0Fe0Cu0,0,5,6,hcp,Ru-Ru-Ru,hcp,Ru-Ru-Ru,1.023,0.0,-673.7555,-678.0356,-1.0179
Ru100Ni0Co0Fe0Cu0,0,5,7,hcp,Ru-Ru-Ru,hcp,Ru-Ru-Ru,1.023,0.0,-673.7555,-678.0356,-1.0179
Ru100Ni0Co0Fe0Cu0,0,5,8,bridge,Ru-Ru,bridge,Ru-Ru,1.162,0.002,-673.7555,-677.9228,-0.9051
Ru100Ni0Co0Fe0Cu0,0,5,9,top,Ru,top,Ru,1.621,0.0,-673.7555,-677.0957,-0.0779
Ru100Ni0Co0Fe0Cu0,0,6,0,bridge,Ru-Ru,bridge,Ru-Ru,1.162,0.002,-673.7555,-677.9228,-0.9051
Ru100Ni0Co0Fe0Cu0,0,6,1,fcc,Ru-Ru-Ru,fcc,Ru-Ru-Ru,1.041,0.0,-673.7555,-677.9973,-0.9795
Ru100Ni0Co0Fe0Cu0,0,6,2,bridge,Ru-Ru,bridge,Ru-Ru,1.162,0.002,-673.7555,-677.9228,-0.9051
Ru100Ni0Co0Fe0Cu0,0,6,3,bridge,Ru-Ru,bridge,Ru-Ru,1.162,0.002,-673.7555,-677.9228,-0.9051
Ru100Ni0Co0Fe0Cu0,0,6,4,hcp,Ru-Ru-Ru,hcp,Ru-Ru-Ru,1.023,0.0,-673.7555,-678.0356,-1.0179
Ru100Ni0Co0Fe0Cu0,0,6,5,top,Ru,top,Ru,1.621,0.0,-673.7555,-677.0957,-0.0779
Ru100Ni0Co0Fe0Cu0,0,6,6,bridge,Ru-Ru,bridge,Ru-Ru,1.162,0.002,-673.7555,-677.9228,-0.9051
Ru100Ni0Co0Fe0Cu0,0,6,7,top,Ru,top,Ru,1.621,0.0,-673.7555,-677.0957,-0.0779
Ru100Ni0Co0Fe0Cu0,0,6,8,hcp,Ru-Ru-Ru,hcp,Ru-Ru-Ru,1.023,0.0,-673.7555,-678.0356,-1.0179
Ru100Ni0Co0Fe0Cu0,0,6,9,bridge,Ru-Ru,bridge,Ru-Ru,1.162,0.002,-673.7555,-677.9228,-0.9051
Ru100Ni0Co0Fe0Cu0,0,7,0,bridge,Ru-Ru,bridge,Ru-Ru,1.162,0.002,-673.7555,-677.9228,-0.9051
Ru100Ni0Co0Fe0Cu0,0,7,1,bridge,Ru-Ru,bridge,Ru-Ru,1.162,0.002,-673.7555,-677.9228,-0.9051
Ru100Ni0Co0Fe0Cu0,0,7,2,fcc,Ru-Ru-Ru,fcc,Ru-Ru-Ru,1.041,0.0,-673.7555,-677.9973,-0.9795
Ru100Ni0Co0Fe0Cu0,0,7,3,bridge,Ru-Ru,bridge,Ru-Ru,1.162,0.002,-673.7555,-677.9228,-0.9051
Ru100Ni0Co0Fe0Cu0,0,7,4,bridge,Ru-Ru,bridge,Ru-Ru,1.162,0.002,-673.7555,-677.9228,-0.9051
Ru100Ni0Co0Fe0Cu0,0,7,5,top,Ru,top,Ru,1.621,0.0,-673.7555,-677.0957,-0.0779
Ru100Ni0Co0Fe0Cu0,0,7,6,hcp,Ru-Ru-Ru,hcp,Ru-Ru-Ru,1.023,0.0,-673.7555,-678.0356,-1.0179
Ru100Ni0Co0Fe0Cu0,0,7,7,hcp,Ru-Ru-Ru,hcp,Ru-Ru-Ru,1.023,0.0,-673.7555,-678.0356,-1.0179
Ru100Ni0Co0Fe0Cu0,0,7,8,top,Ru,top,Ru,1.621,0.0,-673.7555,-677.0957,-0.0779
Ru100Ni0Co0Fe0Cu0,0,7,9,bridge,Ru-Ru,bridge,Ru-Ru,1.162,0.002,-673.7555,-677.9228,-0.9051
Ru100Ni0Co0Fe0Cu0,0,8,0,bridge,Ru-Ru,bridge,Ru-Ru,1.162,0.002,-673.7555,-677.9228,-0.9051
Ru100Ni0Co0Fe0Cu0,0,8,1,top,Ru,top,Ru,1.621,0.0,-673.7555,-677.0957,-0.0779
Ru100Ni0Co0Fe0Cu0,0,8,2,bridge,Ru-Ru,bridge,Ru-Ru,1.162,0.002,-673.7555,-677.9228,-0.9051
Ru100Ni0Co0Fe0Cu0,0,8,3,bridge,Ru-Ru,bridge,Ru-Ru,1.162,0.002,-673.7555,-677.9228,-0.9051
Ru100Ni0Co0Fe0Cu0,0,8,4,fcc,Ru-Ru-Ru,fcc,Ru-Ru-Ru,1.041,0.0,-673.7555,-677.9973,-0.9795
Ru100Ni0Co0Fe0Cu0,0,8,5,bridge,Ru-Ru,bridge,Ru-Ru,1.162,0.002,-673.7555,-677.9228,-0.9051
Ru100Ni0Co0Fe0Cu0,0,8,6,hcp,Ru-Ru-Ru,hcp,Ru-Ru-Ru,1.023,0.0,-673.7555,-678.0356,-1.0179
Ru100Ni0Co0Fe0Cu0,0,8,7,hcp,Ru-Ru-Ru,hcp,Ru-Ru-Ru,1.023,0.0,-673.7555,-678.0356,-1.0179
Ru100Ni0Co0Fe0Cu0,0,8,8,bridge,Ru-Ru,bridge,Ru-Ru,1.162,0.002,-673.7555,-677.9228,-0.9051
Ru100Ni0Co0Fe0Cu0,0,8,9,top,Ru,top,Ru,1.621,0.0,-673.7555,-677.0957,-0.0779
Ru100Ni0Co0Fe0Cu0,0,9,0,fcc,Ru-Ru-Ru,fcc,Ru-Ru-Ru,1.041,0.0,-673.7555,-677.9973,-0.9795
Ru100Ni0Co0Fe0Cu0,0,9,1,bridge,Ru-Ru,bridge,Ru-Ru,1.162,0.002,-673.7555,-677.9228,-0.9051
Ru100Ni0Co0Fe0Cu0,0,9,2,hcp,Ru-Ru-Ru,hcp,Ru-Ru-Ru,1.023,0.0,-673.7555,-678.0356,-1.0179
Ru100Ni0Co0Fe0Cu0,0,9,3,bridge,Ru-Ru,bridge,Ru-Ru,1.162,0.002,-673.7555,-677.9228,-0.9051
Ru100Ni0Co0Fe0Cu0,0,9,4,fcc,Ru-Ru-Ru,fcc,Ru-Ru-Ru,1.041,0.0,-673.7555,-677.9973,-0.9795
Ru100Ni0Co0Fe0Cu0,0,9,5,top,Ru,top,Ru,1.621,0.0,-673.7555,-677.0957,-0.0779
Ru100Ni0Co0Fe0Cu0,0,9,6,top,Ru,top,Ru,1.621,0.0,-673.7555,-677.0957,-0.0779
Ru100Ni0Co0Fe0Cu0,0,9,7,bridge,Ru-Ru,bridge,Ru-Ru,1.162,0.002,-673.7555,-677.9228,-0.9051
Ru100Ni0Co0Fe0Cu0,0,9,8,bridge,Ru-Ru,bridge,Ru-Ru,1.162,0.002,-673.7555,-677.9228,-0.9051
Ru100Ni0Co0Fe0Cu0,0,9,9,bridge,Ru-Ru,bridge,Ru-Ru,1.162,0.002,-673.7555,-677.9228,-0.9051
Ru0Ni100Co0Fe0Cu0,1,0,0,bridge,Ni-Ni,bridge,Ni-Ni,0.995,0.0,-438.7741,-442.5196,-0.4833
Ru0Ni100Co0Fe0Cu0,1,0,1,fcc,Ni-Ni-Ni,fcc,Ni-Ni-Ni,0.826,0.0,-438.7741,-442.6154,-0.5791
Ru0Ni100Co0Fe0Cu0,1,0,2,bridge,Ni-Ni,bridge,Ni-Ni,0.995,0.0,-438.7741,-442.5196,-0.4833
Ru0Ni100Co0Fe0Cu0,1,0,3,bridge,Ni-Ni,bridge,Ni-Ni,0.995,0.0,-438.7741,-442.5196,-0.4833
Ru0Ni100Co0Fe0Cu0,1,0,4,top,Ni,top,Ni,1.449,0.0,-438.7741,-441.792,0.2444
Ru0Ni100Co0Fe0Cu0,1,0,5,hcp,Ni-Ni-Ni,hcp,Ni-Ni-Ni,0.808,0.0,-438.7741,-442.6331,-0.5967
Ru0Ni100Co0Fe0Cu0,1,0,6,bridge,Ni-Ni,bridge,Ni-Ni,0.995,0.0,-438.7741,-442.5196,-0.4833
Ru0Ni100Co0Fe0Cu0,1,0,7,fcc,Ni-Ni-Ni,fcc,Ni-Ni-Ni,0.826,0.0,-438.7741,-442.6154,-0.5791
Ru0Ni100Co0Fe0Cu0,1,0,8,bridge,Ni-Ni,bridge,Ni-Ni,0.995,0.0,-438.7741,-442.5196,-0.4833
Ru0Ni100Co0Fe0Cu0,1,0,9,top,Ni,top,Ni,1.449,0.0,-438.7741,-441.792,0.2444
Ru0Ni100Co0Fe0Cu0,1,1,0,fcc,Ni-Ni-Ni,fcc,Ni-Ni-Ni,0.826,0.0,-438.7741,-442.6154,-0.5791
Ru0Ni100Co0Fe0Cu0,1,1,1,hcp,Ni-Ni-Ni,hcp,Ni-Ni-Ni,0.808,0.0,-438.7741,-442.6331,-0.5967
Ru0Ni100Co0Fe0Cu0,1,1,2,bridge,Ni-Ni,bridge,Ni-Ni,0.995,0.0,-438.7741,-442.5196,-0.4833
Ru0Ni100Co0Fe0Cu0,1,1,3,bridge,Ni-Ni,bridge,Ni-Ni,0.995,0.0,-438.7741,-442.5196,-0.4833
Ru0Ni100Co0Fe0Cu0,1,1,4,top,Ni,top,Ni,1.449,0.0,-438.7741,-441.792,0.2444
Ru0Ni100Co0Fe0Cu0,1,1,5,bridge,Ni-Ni,bridge,Ni-Ni,0.995,0.0,-438.7741,-442.5196,-0.4833
Ru0Ni100Co0Fe0Cu0,1,1,6,top,Ni,top,Ni,1.449,0.0,-438.7741,-441.792,0.2444
Ru0Ni100Co0Fe0Cu0,1,1,7,bridge,Ni-Ni,bridge,Ni-Ni,0.995,0.0,-438.7741,-442.5196,-0.4833
Ru0Ni100Co0Fe0Cu0,1,1,8,bridge,Ni-Ni,bridge,Ni-Ni,0.995,0.0,-438.7741,-442.5196,-0.4833
Ru0Ni100Co0Fe0Cu0,1,1,9,fcc,Ni-Ni-Ni,fcc,Ni-Ni-Ni,0.826,0.0,-438.7741,-442.6154,-0.5791
Ru0Ni100Co0Fe0Cu0,1,2,0,bridge,Ni-Ni,bridge,Ni-Ni,0.995,0.0,-438.7741,-442.5196,-0.4833
Ru0Ni100Co0Fe0Cu0,1,2,1,fcc,Ni-Ni-Ni,fcc,Ni-Ni-Ni,0.826,0.0,-438.7741,-442.6154,-0.5791
Ru0Ni100Co0Fe0Cu0,1,2,2,top,Ni,top,Ni,1.449,0.0,-438.7741,-441.792,0.2444
Ru0Ni100Co0Fe0Cu0,1,2,3,bridge,Ni-Ni,bridge,Ni-Ni,0.995,0.0,-438.7741,-442.5196,-0.4833
Ru0Ni100Co0Fe0Cu0,1,2,4,hcp,Ni-Ni-Ni,hcp,Ni-Ni-Ni,0.808,0.0,-438.7741,-442.6331,-0.5967
Ru0Ni100Co0Fe0Cu0,1,2,5,bridge,Ni-Ni,bridge,Ni-Ni,0.995,0.0,-438.7741,-442.5196,-0.4833
Ru0Ni100Co0Fe0Cu0,1,2,6,fcc,Ni-Ni-Ni,fcc,Ni-Ni-Ni,0.826,0.0,-438.7741,-442.6154,-0.5791
Ru0Ni100Co0Fe0Cu0,1,2,7,bridge,Ni-Ni,bridge,Ni-Ni,0.995,0.0,-438.7741,-442.5196,-0.4833
Ru0Ni100Co0Fe0Cu0,1,2,8,bridge,Ni-Ni,bridge,Ni-Ni,0.995,0.0,-438.7741,-442.5196,-0.4833
Ru0Ni100Co0Fe0Cu0,1,2,9,top,Ni,top,Ni,1.449,0.0,-438.7741,-441.792,0.2444
Ru0Ni100Co0Fe0Cu0,1,3,0,bridge,Ni-Ni,bridge,Ni-Ni,0.995,0.0,-438.7741,-442.5196,-0.4833
Ru0Ni100Co0Fe0Cu0,1,3,1,bridge,Ni-Ni,bridge,Ni-Ni,0.995,0.0,-438.7741,-442.5196,-0.4833
Ru0Ni100Co0Fe0Cu0,1,3,2,hcp,Ni-Ni-Ni,hcp,Ni-Ni-Ni,0.808,0.0,-438.7741,-442.6331,-0.5967
Ru0Ni100Co0Fe0Cu0,1,3,3,bridge,Ni-Ni,bridge,Ni-Ni,0.995,0.0,-438.7741,-442.5196,-0.4833
Ru0Ni100Co0Fe0Cu0,1,3,4,fcc,Ni-Ni-Ni,fcc,Ni-Ni-Ni,0.826,0.0,-438.7741,-442.6154,-0.5791
Ru0Ni100Co0Fe0Cu0,1,3,5,top,Ni,top,Ni,1.449,0.0,-438.7741,-441.792,0.2444
Ru0Ni100Co0Fe0Cu0,1,3,6,fcc,Ni-Ni-Ni,fcc,Ni-Ni-Ni,0.826,0.0,-438.7741,-442.6154,-0.5791
Ru0Ni100Co0Fe0Cu0,1,3,7,bridge,Ni-Ni,bridge,Ni-Ni,0.995,0.0,-438.7741,-442.5196,-0.4833
Ru0Ni100Co0Fe0Cu0,1,3,8,top,Ni,top,Ni,1.449,0.0,-438.7741,-441.792,0.2444
Ru0Ni100Co0Fe0Cu0,1,3,9,bridge,Ni-Ni,bridge,Ni-Ni,0.995,0.0,-438.7741,-442.5196,-0.4833
Ru0Ni100Co0Fe0Cu0,1,4,0,hcp,Ni-Ni-Ni,hcp,Ni-Ni-Ni,0.808,0.0,-438.7741,-442.6331,-0.5967
Ru0Ni100Co0Fe0Cu0,1,4,1,fcc,Ni-Ni-Ni,fcc,Ni-Ni-Ni,0.826,0.0,-438.7741,-442.6154,-0.5791
Ru0Ni100Co0Fe0Cu0,1,4,2,top,Ni,top,Ni,1.449,0.0,-438.7741,-441.792,0.2444
Ru0Ni100Co0Fe0Cu0,1,4,3,bridge,Ni-Ni,bridge,Ni-Ni,0.995,0.0,-438.7741,-442.5196,-0.4833
Ru0Ni100Co0Fe0Cu0,1,4,4,bridge,Ni-Ni,bridge,Ni-Ni,0.995,0.0,-438.7741,-442.5196,-0.4833
Ru0Ni100Co0Fe0Cu0,1,4,5,bridge,Ni-Ni,bridge,Ni-Ni,0.995,0.0,-438.7741,-442.5196,-0.4833
Ru0Ni100Co0Fe0Cu0,1,4,6,top,Ni,top,Ni,1.449,0.0,-438.7741,-441.792,0.2444
Ru0Ni100Co0Fe0Cu0,1,4,7,bridge,Ni-Ni,bridge,Ni-Ni,0.995,0.0,-438.7741,-442.5196,-0.4833
Ru0Ni100Co0Fe0Cu0,1,4,8,bridge,Ni-Ni,bridge,Ni-Ni,0.995,0.0,-438.7741,-442.5196,-0.4833
Ru0Ni100Co0Fe0Cu0,1,4,9,fcc,Ni-Ni-Ni,fcc,Ni-Ni-Ni,0.826,0.0,-438.7741,-442.6154,-0.5791
Ru0Ni100Co0Fe0Cu0,1,5,0,fcc,Ni-Ni-Ni,fcc,Ni-Ni-Ni,0.826,0.0,-438.7741,-442.6154,-0.5791
Ru0Ni100Co0Fe0Cu0,1,5,1,bridge,Ni-Ni,bridge,Ni-Ni,0.995,0.0,-438.7741,-442.5196,-0.4833
Ru0Ni100Co0Fe0Cu0,1,5,2,fcc,Ni-Ni-Ni,fcc,Ni-Ni-Ni,0.826,0.0,-438.7741,-442.6154,-0.5791
Ru0Ni100Co0Fe0Cu0,1,5,3,bridge,Ni-Ni,bridge,Ni-Ni,0.995,0.0,-438.7741,-442.5196,-0.4833
Ru0Ni100Co0Fe0Cu0,1,5,4,bridge,Ni-Ni,bridge,Ni-Ni,0.995,0.0,-438.7741,-442.5196,-0.4833
Ru0Ni100Co0Fe0Cu0,1,5,5,bridge,Ni-Ni,bridge,Ni-Ni,0.995,0.0,-438.7741,-442.5196,-0.4833
Ru0Ni100Co0Fe0Cu0,1,5,6,top,Ni,top,Ni,1.449,0.0,-438.7741,-441.792,0.2444
Ru0Ni100Co0Fe0Cu0,1,5,7,top,Ni,top,Ni,1.449,0.0,-438.7741,-441.792,0.2444
Ru0Ni100Co0Fe0Cu0,1,5,8,hcp,Ni-Ni-Ni,hcp,Ni-Ni-Ni,0.808,0.0,-438.7741,-442.6331,-0.5967
Ru0Ni100Co0Fe0Cu0,1,5,9,bridge,Ni-Ni,bridge,Ni-Ni,0.995,0.0,-438.7741,-442.5196,-0.4833
Ru0Ni100Co0Fe0Cu0,1,6,0,bridge,Ni-Ni,bridge,Ni-Ni,0.995,0.0,-438.7741,-442.5196,-0.4833
Ru0Ni100Co0Fe0Cu0,1,6,1,bridge,Ni-Ni,bridge,Ni-Ni,0.995,0.0,-438.7741,-442.5196,-0.4833
Ru0Ni100Co0Fe0Cu0,1,6,2,hcp,Ni-Ni-Ni,hcp,Ni-Ni-Ni,0.808,0.0,-438.7741,-442.6331,-0.5967
Ru0Ni100Co0Fe0Cu0,1,6,3,bridge,Ni-Ni,bridge,Ni-Ni,0.995,0.0,-438.7741,-442.5196,-0.4833
Ru0Ni100Co0Fe0Cu0,1,6,4,fcc,Ni-Ni-Ni,fcc,Ni-Ni-Ni,0.826,0.0,-438.7741,-442.6154,-0.5791
Ru0Ni100Co0Fe0Cu0,1,6,5,top,Ni,top,Ni,1.449,0.0,-438.7741,-441.792,0.2444
Ru0Ni100Co0Fe0Cu0,1,6,6,fcc,Ni-Ni-Ni,fcc,Ni-Ni-Ni,0.826,0.0,-438.7741,-442.6154,-0.5791
Ru0Ni100Co0Fe0Cu0,1,6,7,bridge,Ni-Ni,bridge,Ni-Ni,0.995,0.0,-438.7741,-442.5196,-0.4833
Ru0Ni100Co0Fe0Cu0,1,6,8,bridge,Ni-Ni,bridge,Ni-Ni,0.995,0.0,-438.7741,-442.5196,-0.4833
Ru0Ni100Co0Fe0Cu0,1,6,9,top,Ni,top,Ni,1.449,0.0,-438.7741,-441.792,0.2444
Ru0Ni100Co0Fe0Cu0,1,7,0,bridge,Ni-Ni,bridge,Ni-Ni,0.995,0.0,-438.7741,-442.5196,-0.4833
Ru0Ni100Co0Fe0Cu0,1,7,1,top,Ni,top,Ni,1.449,0.0,-438.7741,-441.792,0.2444
Ru0Ni100Co0Fe0Cu0,1,7,2,hcp,Ni-Ni-Ni,hcp,Ni-Ni-Ni,0.808,0.0,-438.7741,-442.6331,-0.5967
Ru0Ni100Co0Fe0Cu0,1,7,3,bridge,Ni-Ni,bridge,Ni-Ni,0.995,0.0,-438.7741,-442.5196,-0.4833
Ru0Ni100Co0Fe0Cu0,1,7,4,bridge,Ni-Ni,bridge,Ni-Ni,0.995,0.0,-438.7741,-442.5196,-0.4833
Ru0Ni100Co0Fe0Cu0,1,7,5,fcc,Ni-Ni-Ni,fcc,Ni-Ni-Ni,0.826,0.0,-438.7741,-442.6154,-0.5791
Ru0Ni100Co0Fe0Cu0,1,7,6,top,Ni,top,Ni,1.449,0.0,-438.7741,-441.792,0.2444
Ru0Ni100Co0Fe0Cu0,1,7,7,bridge,Ni-Ni,bridge,Ni-Ni,0.995,0.0,-438.7741,-442.5196,-0.4833
Ru0Ni100Co0Fe0Cu0,1,7,8,fcc,Ni-Ni-Ni,fcc,Ni-Ni-Ni,0.826,0.0,-438.7741,-442.6154,-0.5791
Ru0Ni100Co0Fe0Cu0,1,7,9,bridge,Ni-Ni,bridge,Ni-Ni,0.995,0.0,-438.7741,-442.5196,-0.4833
Ru0Ni100Co0Fe0Cu0,1,8,0,bridge,Ni-Ni,bridge,Ni-Ni,0.995,0.0,-438.7741,-442.5196,-0.4833
Ru0Ni100Co0Fe0Cu0,1,8,1,fcc,Ni-Ni-Ni,fcc,Ni-Ni-Ni,0.826,0.0,-438.7741,-442.6154,-0.5791
Ru0Ni100Co0Fe0Cu0,1,8,2,bridge,Ni-Ni,bridge,Ni-Ni,0.995,0.0,-438.7741,-442.5196,-0.4833
Ru0Ni100Co0Fe0Cu0,1,8,3,bridge,Ni-Ni,bridge,Ni-Ni,0.995,0.0,-438.7741,-442.5196,-0.4833
Ru0Ni100Co0Fe0Cu0,1,8,4,fcc,Ni-Ni-Ni,fcc,Ni-Ni-Ni,0.826,0.0,-438.7741,-442.6154,-0.5791
Ru0Ni100Co0Fe0Cu0,1,8,5,top,Ni,top,Ni,1.449,0.0,-438.7741,-441.792,0.2444
Ru0Ni100Co0Fe0Cu0,1,8,6,bridge,Ni-Ni,bridge,Ni-Ni,0.995,0.0,-438.7741,-442.5196,-0.4833
Ru0Ni100Co0Fe0Cu0,1,8,7,top,Ni,top,Ni,1.449,0.0,-438.7741,-441.792,0.2444
Ru0Ni100Co0Fe0Cu0,1,8,8,bridge,Ni-Ni,bridge,Ni-Ni,0.995,0.0,-438.7741,-442.5196,-0.4833
Ru0Ni100Co0Fe0Cu0,1,8,9,hcp,Ni-Ni-Ni,hcp,Ni-Ni-Ni,0.808,0.0,-438.7741,-442.6331,-0.5967
Ru0Ni100Co0Fe0Cu0,1,9,0,bridge,Ni-Ni,bridge,Ni-Ni,0.995,0.0,-438.7741,-442.5196,-0.4833
Ru0Ni100Co0Fe0Cu0,1,9,1,bridge,Ni-Ni,bridge,Ni-Ni,0.995,0.0,-438.7741,-442.5196,-0.4833
Ru0Ni100Co0Fe0Cu0,1,9,2,top,Ni,top,Ni,1.449,0.0,-438.7741,-441.792,0.2444
Ru0Ni100Co0Fe0Cu0,1,9,3,top,Ni,top,Ni,1.449,0.0,-438.7741,-441.792,0.2444
Ru0Ni100Co0Fe0Cu0,1,9,4,hcp,Ni-Ni-Ni,hcp,Ni-Ni-Ni,0.808,0.0,-438.7741,-442.6331,-0.5967
Ru0Ni100Co0Fe0Cu0,1,9,5,bridge,Ni-Ni,bridge,Ni-Ni,0.995,0.0,-438.7741,-442.5196,-0.4833
Ru0Ni100Co0Fe0Cu0,1,9,6,bridge,Ni-Ni,bridge,Ni-Ni,0.995,0.0,-438.7741,-442.5196,-0.4833
Ru0Ni100Co0Fe0Cu0,1,9,7,fcc,Ni-Ni-Ni,fcc,Ni-Ni-Ni,0.826,0.0,-438.7741,-442.6154,-0.5791
Ru0Ni100Co0Fe0Cu0,1,9,8,fcc,Ni-Ni-Ni,fcc,Ni-Ni-Ni,0.826,0.0,-438.7741,-442.6154,-0.5791
Ru0Ni100Co0Fe0Cu0,1,9,9,bridge,Ni-Ni,bridge,Ni-Ni,0.995,0.0,-438.7741,-442.5196,-0.4833
Ru0Ni0Co100Fe0Cu0,2,0,0,bridge,Co-Co,bridge,Co-Co,1.113,0.002,-544.1781,-547.8524,-0.412
Ru0Ni0Co100Fe0Cu0,2,0,1,bridge,Co-Co,bridge,Co-Co,1.113,0.002,-544.1781,-547.8524,-0.412
Ru0Ni0Co100Fe0Cu0,2,0,2,bridge,Co-Co,bridge,Co-Co,1.113,0.002,-544.1781,-547.8524,-0.412
Ru0Ni0Co100Fe0Cu0,2,0,3,bridge,Co-Co,bridge,Co-Co,1.113,0.002,-544.1781,-547.8524,-0.412
Ru0Ni0Co100Fe0Cu0,2,0,4,bridge,Co-Co,bridge,Co-Co,1.113,0.002,-544.1781,-547.8524,-0.412
Ru0Ni0Co100Fe0Cu0,2,0,5,fcc,Co-Co-Co,fcc,Co-Co-Co,0.972,0.0,-544.1781,-547.9001,-0.4598
Ru0Ni0Co100Fe0Cu0,2,0,6,top,Co,top,Co,1.544,0.0,-544.1781,-547.3616,0.0787
Ru0Ni0Co100Fe0Cu0,2,0,7,hcp,Co-Co-Co,hcp,Co-Co-Co,0.972,0.0,-544.1781,-547.9087,-0.4684
Ru0Ni0Co100Fe0Cu0,2,0,8,top,Co,top,Co,1.544,0.0,-544.1781,-547.3616,0.0787
Ru0Ni0Co100Fe0Cu0,2,0,9,fcc,Co-Co-Co,fcc,Co-Co-Co,0.972,0.0,-544.1781,-547.9001,-0.4598
Ru0Ni0Co100Fe0Cu0,2,1,0,bridge,Co-Co,bridge,Co-Co,1.113,0.002,-544.1781,-547.8524,-0.412
Ru0Ni0Co100Fe0Cu0,2,1,1,bridge,Co-Co,bridge,Co-Co,1.113,0.002,-544.1781,-547.8524,-0.412
Ru0Ni0Co100Fe0Cu0,2,1,2,bridge,Co-Co,bridge,Co-Co,1.113,0.002,-544.1781,-547.8524,-0.412
Ru0Ni0Co100Fe0Cu0,2,1,3,fcc,Co-Co-Co,fcc,Co-Co-Co,0.972,0.0,-544.1781,-547.9001,-0.4598
Ru0Ni0Co100Fe0Cu0,2,1,4,fcc,Co-Co-Co,fcc,Co-Co-Co,0.972,0.0,-544.1781,-547.9001,-0.4598
Ru0Ni0Co100Fe0Cu0,2,1,5,top,Co,top,Co,1.544,0.0,-544.1781,-547.3616,0.0787
Ru0Ni0Co100Fe0Cu0,2,1,6,hcp,Co-Co-Co,hcp,Co-Co-Co,0.972,0.0,-544.1781,-547.9087,-0.4684
Ru0Ni0Co100Fe0Cu0,2,1,7,bridge,Co-Co,bridge,Co-Co,1.113,0.002,-544.1781,-547.8524,-0.412
Ru0Ni0Co100Fe0Cu0,2,1,8,top,Co,top,Co,1.544,0.0,-544.1781,-547.3616,0.0787
Ru0Ni0Co100Fe0Cu0,2,1,9,bridge,Co-Co,bridge,Co-Co,1.113,0.002,-544.1781,-547.8524,-0.412
Ru0Ni0Co100Fe0Cu0,2,2,0,bridge,Co-Co,bridge,Co-Co,1.113,0.002,-544.1781,-547.8524,-0.412
Ru0Ni0Co100Fe0Cu0,2,2,1,bridge,Co-Co,bridge,Co-Co,1.113,0.002,-544.1781,-547.8524,-0.412
Ru0Ni0Co100Fe0Cu0,2,2,2,top,Co,top,Co,1.544,0.0,-544.1781,-547.3616,0.0787
Ru0Ni0Co100Fe0Cu0,2,2,3,bridge,Co-Co,bridge,Co-Co,1.113,0.002,-544.1781,-547.8524,-0.412
Ru0Ni0Co100Fe0Cu0,2,2,4,fcc,Co-Co-Co,fcc,Co-Co-Co,0.972,0.0,-544.1781,-547.9001,-0.4598
Ru0Ni0Co100Fe0Cu0,2,2,5,fcc,Co-Co-Co,fcc,Co-Co-Co,0.972,0.0,-544.1781,-547.9001,-0.4598
Ru0Ni0Co100Fe0Cu0,2,2,6,hcp,Co-Co-Co,hcp,Co-Co-Co,0.972,0.0,-544.1781,-547.9087,-0.4684
Ru0Ni0Co100Fe0Cu0,2,2,7,bridge,Co-Co,bridge,Co-Co,1.113,0.002,-544.1781,-547.8524,-0.412
Ru0Ni0Co100Fe0Cu0,2,2,8,bridge,Co-Co,bridge,Co-Co,1.113,0.002,-544.1781,-547.8524,-0.412
Ru0Ni0Co100Fe0Cu0,2,2,9,top,Co,top,Co,1.544,0.0,-544.1781,-547.3616,0.0787
Ru0Ni0Co100Fe0Cu0,2,3,0,hcp,Co-Co-Co,hcp,Co-Co-Co,0.972,0.0,-544.1781,-547.9087,-0.4684
Ru0Ni0Co100Fe0Cu0,2,3,1,fcc,Co-Co-Co,fcc,Co-Co-Co,0.972,0.0,-544.1781,-547.9001,-0.4598
Ru0Ni0Co100Fe0Cu0,2,3,2,bridge,Co-Co,bridge,Co-Co,1.113,0.002,-544.1781,-547.8524,-0.412
Ru0Ni0Co100Fe0Cu0,2,3,3,bridge,Co-Co,bridge,Co-Co,1.113,0.002,-544.1781,-547.8524,-0.412
Ru0Ni0Co100Fe0Cu0,2,3,4,bridge,Co-Co,bridge,Co-Co,1.113,0.002,-544.1781,-547.8524,-0.412
Ru0Ni0Co100Fe0Cu0,2,3,5,top,Co,top,Co,1.544,0.0,-544.1781,-547.3616,0.0787
Ru0Ni0Co100Fe0Cu0,2,3,6,fcc,Co-Co-Co,fcc,Co-Co-Co,0.972,0.0,-544.1781,-547.9001,-0.4598
Ru0Ni0Co100Fe0Cu0,2,3,7,bridge,Co-Co,bridge,Co-Co,1.113,0.002,-544.1781,-547.8524,-0.412
Ru0Ni0Co100Fe0Cu0,2,3,8,top,Co,top,Co,1.544,0.0,-544.1781,-547.3616,0.0787
Ru0Ni0Co100Fe0Cu0,2,3,9,bridge,Co-Co,bridge,Co-Co,1.113,0.002,-544.1781,-547.8524,-0.412
Ru0Ni0Co100Fe0Cu0,2,4,0,bridge,Co-Co,bridge,Co-Co,1.113,0.002,-544.1781,-547.8524,-0.412
Ru0Ni0Co100Fe0Cu0,2,4,1,bridge,Co-Co,bridge,Co-Co,1.113,0.002,-544.1781,-547.8524,-0.412
Ru0Ni0Co100Fe0Cu0,2,4,2,top,Co,top,Co,1.544,0.0,-544.1781,-547.3616,0.0787
Ru0Ni0Co100Fe0Cu0,2,4,3,bridge,Co-Co,bridge,Co-Co,1.113,0.002,-544.1781,-547.8524,-0.412
Ru0Ni0Co100Fe0Cu0,2,4,4,bridge,Co-Co,bridge,Co-Co,1.113,0.002,-544.1781,-547.8524,-0.412
Ru0Ni0Co100Fe0Cu0,2,4,5,bridge,Co-Co,bridge,Co-Co,1.113,0.002,-544.1781,-547.8524,-0.412
Ru0Ni0Co100Fe0Cu0,2,4,6,fcc,Co-Co-Co,fcc,Co-Co-Co,0.972,0.0,-544.1781,-547.9001,-0.4598
Ru0Ni0Co100Fe0Cu0,2,4,7,hcp,Co-Co-Co,hcp,Co-Co-Co,0.972,0.0,-544.1781,-547.9087,-0.4684
Ru0Ni0Co100Fe0Cu0,2,4,8,fcc,Co-Co-Co,fcc,Co-Co-Co,0.972,0.0,-544.1781,-547.9001,-0.4598
Ru0Ni0Co100Fe0Cu0,2,4,9,top,Co,top,Co,1.544,0.0,-544.1781,-547.3616,0.0787
Ru0Ni0Co100Fe0Cu0,2,5,0,fcc,Co-Co-Co,fcc,Co-Co-Co,0.972,0.0,-544.1781,-547.9001,-0.4598
Ru0Ni0Co100Fe0Cu0,2,5,1,bridge,Co-Co,bridge,Co-Co,1.113,0.002,-544.1781,-547.8524,-0.412
Ru0Ni0Co100Fe0Cu0,2,5,2,hcp,Co-Co-Co,hcp,Co-Co-Co,0.972,0.0,-544.1781,-547.9087,-0.4684
Ru0Ni0Co100Fe0Cu0,2,5,3,top,Co,top,Co,1.544,0.0,-544.1781,-547.3616,0.0787
Ru0Ni0Co100Fe0Cu0,2,5,4,fcc,Co-Co-Co,fcc,Co-Co-Co,0.972,0.0,-544.1781,-547.9001,-0.4598
Ru0Ni0Co100Fe0Cu0,2,5,5,bridge,Co-Co,bridge,Co-Co,1.113,0.002,-544.1781,-547.8524,-0.412
Ru0Ni0Co100Fe0Cu0,2,5,6,bridge,Co-Co,bridge,Co-Co,1.113,0.002,-544.1781,-547.8524,-0.412
Ru0Ni0Co100Fe0Cu0,2,5,7,top,Co,top,Co,1.544,0.0,-544.1781,-547.3616,0.0787
Ru0Ni0Co100Fe0Cu0,2,5,8,bridge,Co-Co,bridge,Co-Co,1.113,0.002,-544.1781,-547.8524,-0.412
Ru0Ni0Co100Fe0Cu0,2,5,9,bridge,Co-Co,bridge,Co-Co,1.113,0.002,-544.1781,-547.8524,-0.412
Ru0Ni0Co100Fe0Cu0,2,6,0,bridge,Co-Co,bridge,Co-Co,1.113,0.002,-544.1781,-547.8524,-0.412
Ru0Ni0Co100Fe0Cu0,2,6,1,hcp,Co-Co-Co,hcp,Co-Co-Co,0.972,0.0,-544.1781,-547.9087,-0.4684
Ru0Ni0Co100Fe0Cu0,2,6,2,bridge,Co-Co,bridge,Co-Co,1.113,0.002,-544.1781,-547.8524,-0.412
Ru0Ni0Co100Fe0Cu0,2,6,3,bridge,Co-Co,bridge,Co-Co,1.113,0.002,-544.1781,-547.8524,-0.412
Ru0Ni0Co100Fe0Cu0,2,6,4,fcc,Co-Co-Co,fcc,Co-Co-Co,0.972,0.0,-544.1781,-547.9001,-0.4598
Ru0Ni0Co100Fe0Cu0,2,6,5,fcc,Co-Co-Co,fcc,Co-Co-Co,0.972,0.0,-544.1781,-547.9001,-0.4598
Ru0Ni0Co100Fe0Cu0,2,6,6,top,Co,top,Co,1.544,0.0,-544.1781,-547.3616,0.0787
Ru0Ni0Co100Fe0Cu0,2,6,7,top,Co,top,Co,1.544,0.0,-544.1781,-547.3616,0.0787
Ru0Ni0Co100Fe0Cu0,2,6,8,bridge,Co-Co,bridge,Co-Co,1.113,0.002,-544.1781,-547.8524,-0.412
Ru0Ni0Co100Fe0Cu0,2,6,9,bridge,Co-Co,bridge,Co-Co,1.113,0.002,-544.1781,-547.8524,-0.412
Ru0Ni0Co100Fe0Cu0,2,7,0,bridge,Co-Co,bridge,Co-Co,1.113,0.002,-544.1781,-547.8524,-0.412
Ru0Ni0Co100Fe0Cu0,2,7,1,bridge,Co-Co,bridge,Co-Co,1.113,0.002,-544.1781,-547.8524,-0.412
Ru0Ni0Co100Fe0Cu0,2,7,2,bridge,Co-Co,bridge,Co-Co,1.113,0.002,-544.1781,-547.8524,-0.412
Ru0Ni0Co100Fe0Cu0,2,7,3,fcc,Co-Co-Co,fcc,Co-Co-Co,0.972,0.0,-544.1781,-547.9001,-0.4598
Ru0Ni0Co100Fe0Cu0,2,7,4,bridge,Co-Co,bridge,Co-Co,1.113,0.002,-544.1781,-547.8524,-0.412
Ru0Ni0Co100Fe0Cu0,2,7,5,hcp,Co-Co-Co,hcp,Co-Co-Co,0.972,0.0,-544.1781,-547.9087,-0.4684
Ru0Ni0Co100Fe0Cu0,2,7,6,top,Co,top,Co,1.544,0.0,-544.1781,-547.3616,0.0787
Ru0Ni0Co100Fe0Cu0,2,7,7,top,Co,top,Co,1.544,0.0,-544.1781,-547.3616,0.0787
Ru0Ni0Co100Fe0Cu0,2,7,8,bridge,Co-Co,bridge,Co-Co,1.113,0.002,-544.1781,-547.8524,-0.412
Ru0Ni0Co100Fe0Cu0,2,7,9,fcc,Co-Co-Co,fcc,Co-Co-Co,0.972,0.0,-544.1781,-547.9001,-0.4598
Ru0Ni0Co100Fe0Cu0,2,8,0,hcp,Co-Co-Co,hcp,Co-Co-Co,0.972,0.0,-544.1781,-547.9087,-0.4684
Ru0Ni0Co100Fe0Cu0,2,8,1,top,Co,top,Co,1.544,0.0,-544.1781,-547.3616,0.0787
Ru0Ni0Co100Fe0Cu0,2,8,2,bridge,Co-Co,bridge,Co-Co,1.113,0.002,-544.1781,-547.8524,-0.412
Ru0Ni0Co100Fe0Cu0,2,8,3,bridge,Co-Co,bridge,Co-Co,1.113,0.002,-544.1781,-547.8524,-0.412
Ru0Ni0Co100Fe0Cu0,2,8,4,fcc,Co-Co-Co,fcc,Co-Co-Co,0.972,0.0,-544.1781,-547.9001,-0.4598
Ru0Ni0Co100Fe0Cu0,2,8,5,bridge,Co-Co,bridge,Co-Co,1.113,0.002,-544.1781,-547.8524,-0.412
Ru0Ni0Co100Fe0Cu0,2,8,6,fcc,Co-Co-Co,fcc,Co-Co-Co,0.972,0.0,-544.1781,-547.9001,-0.4598
Ru0Ni0Co100Fe0Cu0,2,8,7,bridge,Co-Co,bridge,Co-Co,1.113,0.002,-544.1781,-547.8524,-0.412
Ru0Ni0Co100Fe0Cu0,2,8,8,bridge,Co-Co,bridge,Co-Co,1.113,0.002,-544.1781,-547.8524,-0.412
Ru0Ni0Co100Fe0Cu0,2,8,9,top,Co,top,Co,1.544,0.0,-544.1781,-547.3616,0.0787
Ru0Ni0Co100Fe0Cu0,2,9,0,top,Co,top,Co,1.544,0.0,-544.1781,-547.3616,0.0787
Ru0Ni0Co100Fe0Cu0,2,9,1,fcc,Co-Co-Co,fcc,Co-Co-Co,0.972,0.0,-544.1781,-547.9001,-0.4598
Ru0Ni0Co100Fe0Cu0,2,9,2,bridge,Co-Co,bridge,Co-Co,1.113,0.002,-544.1781,-547.8524,-0.412
Ru0Ni0Co100Fe0Cu0,2,9,3,fcc,Co-Co-Co,fcc,Co-Co-Co,0.972,0.0,-544.1781,-547.9001,-0.4598
Ru0Ni0Co100Fe0Cu0,2,9,4,hcp,Co-Co-Co,hcp,Co-Co-Co,0.972,0.0,-544.1781,-547.9087,-0.4684
Ru0Ni0Co100Fe0Cu0,2,9,5,top,Co,top,Co,1.544,0.0,-544.1781,-547.3616,0.0787
Ru0Ni0Co100Fe0Cu0,2,9,6,bridge,Co-Co,bridge,Co-Co,1.113,0.002,-544.1781,-547.8524,-0.412
Ru0Ni0Co100Fe0Cu0,2,9,7,bridge,Co-Co,bridge,Co-Co,1.113,0.002,-544.1781,-547.8524,-0.412
Ru0Ni0Co100Fe0Cu0,2,9,8,bridge,Co-Co,bridge,Co-Co,1.113,0.002,-544.1781,-547.8524,-0.412
Ru0Ni0Co100Fe0Cu0,2,9,9,bridge,Co-Co,bridge,Co-Co,1.113,0.002,-544.1781,-547.8524,-0.412
Ru0Ni0Co0Fe100Cu0,3,0,0,top,Fe,top,Fe,1.567,0.0,-647.1943,-650.5265,-0.07
Ru0Ni0Co0Fe100Cu0,3,0,1,top,Fe,top,Fe,1.567,0.0,-647.1943,-650.5265,-0.07
Ru0Ni0Co0Fe100Cu0,3,0,2,fcc,Fe-Fe-Fe,fcc,Fe-Fe-Fe,1.116,0.0,-647.1943,-651.1895,-0.7329
Ru0Ni0Co0Fe100Cu0,3,0,3,bridge,Fe-Fe,bridge,Fe-Fe,1.192,0.001,-647.1943,-651.1253,-0.6687
Ru0Ni0Co0Fe100Cu0,3,0,4,bridge,Fe-Fe,bridge,Fe-Fe,1.192,0.001,-647.1943,-651.1253,-0.6687
Ru0Ni0Co0Fe100Cu0,3,0,5,bridge,Fe-Fe,bridge,Fe-Fe,1.192,0.001,-647.1943,-651.1253,-0.6687
Ru0Ni0Co0Fe100Cu0,3,0,6,hcp,Fe-Fe-Fe,hcp,Fe-Fe-Fe,1.12,0.0,-647.1943,-651.1927,-0.7361
Ru0Ni0Co0Fe100Cu0,3,0,7,fcc,Fe-Fe-Fe,fcc,Fe-Fe-Fe,1.116,0.0,-647.1943,-651.1895,-0.7329
Ru0Ni0Co0Fe100Cu0,3,0,8,bridge,Fe-Fe,bridge,Fe-Fe,1.192,0.001,-647.1943,-651.1253,-0.6687
Ru0Ni0Co0Fe100Cu0,3,0,9,bridge,Fe-Fe,bridge,Fe-Fe,1.192,0.001,-647.1943,-651.1253,-0.6687
Ru0Ni0Co0Fe100Cu0,3,1,0,hcp,Fe-Fe-Fe,hcp,Fe-Fe-Fe,1.12,0.0,-647.1943,-651.1927,-0.7361
Ru0Ni0Co0Fe100Cu0,3,1,1,bridge,Fe-Fe,bridge,Fe-Fe,1.192,0.001,-647.1943,-651.1253,-0.6687
Ru0Ni0Co0Fe100Cu0,3,1,2,fcc,Fe-Fe-Fe,fcc,Fe-Fe-Fe,1.116,0.0,-647.1943,-651.1895,-0.7329
Ru0Ni0Co0Fe100Cu0,3,1,3,fcc,Fe-Fe-Fe,fcc,Fe-Fe-Fe,1.116,0.0,-647.1943,-651.1895,-0.7329
Ru0Ni0Co0Fe100Cu0,3,1,4,bridge,Fe-Fe,bridge,Fe-Fe,1.192,0.001,-647.1943,-651.1253,-0.6687
Ru0Ni0Co0Fe100Cu0,3,1,5,top,Fe,top,Fe,1.567,0.0,-647.1943,-650.5265,-0.07
Ru0Ni0Co0Fe100Cu0,3,1,6,bridge,Fe-Fe,bridge,Fe-Fe,1.192,0.001,-647.1943,-651.1253,-0.6687
Ru0Ni0Co0Fe100Cu0,3,1,7,top,Fe,top,Fe,1.567,0.0,-647.1943,-650.5265,-0.07
Ru0Ni0Co0Fe100Cu0,3,1,8,bridge,Fe-Fe,bridge,Fe-Fe,1.192,0.001,-647.1943,-651.1253,-0.6687
Ru0Ni0Co0Fe100Cu0,3,1,9,bridge,Fe-Fe,bridge,Fe-Fe,1.192,0.001,-647.1943,-651.1253,-0.6687
Ru0Ni0Co0Fe100Cu0,3,2,0,bridge,Fe-Fe,bridge,Fe-Fe,1.192,0.001,-647.1943,-651.1253,-0.6687
Ru0Ni0Co0Fe100Cu0,3,2,1,hcp,Fe-Fe-Fe,hcp,Fe-Fe-Fe,1.12,0.0,-647.1943,-651.1927,-0.7361
Ru0Ni0Co0Fe100Cu0,3,2,2,bridge,Fe-Fe,bridge,Fe-Fe,1.192,0.001,-647.1943,-651.1253,-0.6687
Ru0Ni0Co0Fe100Cu0,3,2,3,bridge,Fe-Fe,bridge,Fe-Fe,1.192,0.001,-647.1943,-651.1253,-0.6687
Ru0Ni0Co0Fe100Cu0,3,2,4,bridge,Fe-Fe,bridge,Fe-Fe,1.192,0.001,-647.1943,-651.1253,-0.6687
Ru0Ni0Co0Fe100Cu0,3,2,5,top,Fe,top,Fe,1.567,0.0,-647.1943,-650.5265,-0.07
Ru0Ni0Co0Fe100Cu0,3,2,6,bridge,Fe-Fe,bridge,Fe-Fe,1.192,0.001,-647.1943,-651.1253,-0.6687
Ru0Ni0Co0Fe100Cu0,3,2,7,top,Fe,top,Fe,1.567,0.0,-647.1943,-650.5265,-0.07
Ru0Ni0Co0Fe100Cu0,3,2,8,fcc,Fe-Fe-Fe,fcc,Fe-Fe-Fe,1.116,0.0,-647.1943,-651.1895,-0.7329
Ru0Ni0Co0Fe100Cu0,3,2,9,hcp,Fe-Fe-Fe,hcp,Fe-Fe-Fe,1.12,0.0,-647.1943,-651.1927,-0.7361
Ru0Ni0Co0Fe100Cu0,3,3,0,top,Fe,top,Fe,1.567,0.0,-647.1943,-650.5265,-0.07
Ru0Ni0Co0Fe100Cu0,3,3,1,top,Fe,top,Fe,1.567,0.0,-647.1943,-650.5265,-0.07
Ru0Ni0Co0Fe100Cu0,3,3,2,bridge,Fe-Fe,bridge,Fe-Fe,1.192,0.001,-647.1943,-651.1253,-0.6687
Ru0Ni0Co0Fe100Cu0,3,3,3,hcp,Fe-Fe-Fe,hcp,Fe-Fe-Fe,1.12,0.0,-647.1943,-651.1927,-0.7361
Ru0Ni0Co0Fe100Cu0,3,3,4,fcc,Fe-Fe-Fe,fcc,Fe-Fe-Fe,1.116,0.0,-647.1943,-651.1895,-0.7329
Ru0Ni0Co0Fe100Cu0,3,3,5,bridge,Fe-Fe,bridge,Fe-Fe,1.192,0.001,-647.1943,-651.1253,-0.6687
Ru0Ni0Co0Fe100Cu0,3,3,6,fcc,Fe-Fe-Fe,fcc,Fe-Fe-Fe,1.116,0.0,-647.1943,-651.1895,-0.7329
Ru0Ni0Co0Fe100Cu0,3,3,7,bridge,Fe-Fe,bridge,Fe-Fe,1.192,0.001,-647.1943,-651.1253,-0.6687
Ru0Ni0Co0Fe100Cu0,3,3,8,bridge,Fe-Fe,bridge,Fe-Fe,1.192,0.001,-647.1943,-651.1253,-0.6687
Ru0Ni0Co0Fe100Cu0,3,3,9,bridge,Fe-Fe,bridge,Fe-Fe,1.192,0.001,-647.1943,-651.1253,-0.6687
Ru0Ni0Co0Fe100Cu0,3,4,0,fcc,Fe-Fe-Fe,fcc,Fe-Fe-Fe,1.116,0.0,-647.1943,-651.1895,-0.7329
Ru0Ni0Co0Fe100Cu0,3,4,1,bridge,Fe-Fe,bridge,Fe-Fe,1.192,0.001,-647.1943,-651.1253,-0.6687
Ru0Ni0Co0Fe100Cu0,3,4,2,top,Fe,top,Fe,1.567,0.0,-647.1943,-650.5265,-0.07
Ru0Ni0Co0Fe100Cu0,3,4,3,bridge,Fe-Fe,bridge,Fe-Fe,1.192,0.001,-647.1943,-651.1253,-0.6687
Ru0Ni0Co0Fe100Cu0,3,4,4,fcc,Fe-Fe-Fe,fcc,Fe-Fe-Fe,1.116,0.0,-647.1943,-651.1895,-0.7329
Ru0Ni0Co0Fe100Cu0,3,4,5,bridge,Fe-Fe,bridge,Fe-Fe,1.192,0.001,-647.1943,-651.1253,-0.6687
Ru0Ni0Co0Fe100Cu0,3,4,6,top,Fe,top,Fe,1.567,0.0,-647.1943,-650.5265,-0.07
Ru0Ni0Co0Fe100Cu0,3,4,7,bridge,Fe-Fe,bridge,Fe-Fe,1.192,0.001,-647.1943,-651.1253,-0.6687
Ru0Ni0Co0Fe100Cu0,3,4,8,hcp,Fe-Fe-Fe,hcp,Fe-Fe-Fe,1.12,0.0,-647.1943,-651.1927,-0.7361
Ru0Ni0Co0Fe100Cu0,3,4,9,bridge,Fe-Fe,bridge,Fe-Fe,1.192,0.001,-647.1943,-651.1253,-0.6687
Ru0Ni0Co0Fe100Cu0,3,5,0,bridge,Fe-Fe,bridge,Fe-Fe,1.192,0.001,-647.1943,-651.1253,-0.6687
Ru0Ni0Co0Fe100Cu0,3,5,1,fcc,Fe-Fe-Fe,fcc,Fe-Fe-Fe,1.116,0.0,-647.1943,-651.1895,-0.7329
Ru0Ni0Co0Fe100Cu0,3,5,2,bridge,Fe-Fe,bridge,Fe-Fe,1.192,0.001,-647.1943,-651.1253,-0.6687
Ru0Ni0Co0Fe100Cu0,3,5,3,bridge,Fe-Fe,bridge,Fe-Fe,1.192,0.001,-647.1943,-651.1253,-0.6687
Ru0Ni0Co0Fe100Cu0,3,5,4,fcc,Fe-Fe-Fe,fcc,Fe-Fe-Fe,1.116,0.0,-647.1943,-651.1895,-0.7329
Ru0Ni0Co0Fe100Cu0,3,5,5,bridge,Fe-Fe,bridge,Fe-Fe,1.192,0.001,-647.1943,-651.1253,-0.6687
Ru0Ni0Co0Fe100Cu0,3,5,6,hcp,Fe-Fe-Fe,hcp,Fe-Fe-Fe,1.12,0.0,-647.1943,-651.1927,-0.7361
Ru0Ni0Co0Fe100Cu0,3,5,7,bridge,Fe-Fe,bridge,Fe-Fe,1.192,0.001,-647.1943,-651.1253,-0.6687
Ru0Ni0Co0Fe100Cu0,3,5,8,top,Fe,top,Fe,1.567,0.0,-647.1943,-650.5265,-0.07
Ru0Ni0Co0Fe100Cu0,3,5,9,top,Fe,top,Fe,1.567,0.0,-647.1943,-650.5265,-0.07
Ru0Ni0Co0Fe100Cu0,3,6,0,bridge,Fe-Fe,bridge,Fe-Fe,1.192,0.001,-647.1943,-651.1253,-0.6687
Ru0Ni0Co0Fe100Cu0,3,6,1,bridge,Fe-Fe,bridge,Fe-Fe,1.192,0.001,-647.1943,-651.1253,-0.6687
Ru0Ni0Co0Fe100Cu0,3,6,2,bridge,Fe-Fe,bridge,Fe-Fe,1.192,0.001,-647.1943,-651.1253,-0.6687
Ru0Ni0Co0Fe100Cu0,3,6,3,fcc,Fe-Fe-Fe,fcc,Fe-Fe-Fe,1.116,0.0,-647.1943,-651.1895,-0.7329
Ru0Ni0Co0Fe100Cu0,3,6,4,top,Fe,top,Fe,1.567,0.0,-647.1943,-650.5265,-0.07
Ru0Ni0Co0Fe100Cu0,3,6,5,bridge,Fe-Fe,bridge,Fe-Fe,1.192,0.001,-647.1943,-651.1253,-0.6687
Ru0Ni0Co0Fe100Cu0,3,6,6,hcp,Fe-Fe-Fe,hcp,Fe-Fe-Fe,1.12,0.0,-647.1943,-651.1927,-0.7361
Ru0Ni0Co0Fe100Cu0,3,6,7,fcc,Fe-Fe-Fe,fcc,Fe-Fe-Fe,1.116,0.0,-647.1943,-651.1895,-0.7329
Ru0Ni0Co0Fe100Cu0,3,6,8,top,Fe,top,Fe,1.567,0.0,-647.1943,-650.5265,-0.07
Ru0Ni0Co0Fe100Cu0,3,6,9,bridge,Fe-Fe,bridge,Fe-Fe,1.192,0.001,-647.1943,-651.1253,-0.6687
Ru0Ni0Co0Fe100Cu0,3,7,0,top,Fe,top,Fe,1.567,0.0,-647.1943,-650.5265,-0.07
Ru0Ni0Co0Fe100Cu0,3,7,1,top,Fe,top,Fe,1.567,0.0,-647.1943,-650.5265,-0.07
Ru0Ni0Co0Fe100Cu0,3,7,2,bridge,Fe-Fe,bridge,Fe-Fe,1.192,0.001,-647.1943,-651.1253,-0.6687
Ru0Ni0Co0Fe100Cu0,3,7,3,fcc,Fe-Fe-Fe,fcc,Fe-Fe-Fe,1.116,0.0,-647.1943,-651.1895,-0.7329
Ru0Ni0Co0Fe100Cu0,3,7,4,hcp,Fe-Fe-Fe,hcp,Fe-Fe-Fe,1.12,0.0,-647.1943,-651.1927,-0.7361
Ru0Ni0Co0Fe100Cu0,3,7,5,bridge,Fe-Fe,bridge,Fe-Fe,1.192,0.001,-647.1943,-651.1253,-0.6687
Ru0Ni0Co0Fe100Cu0,3,7,6,bridge,Fe-Fe,bridge,Fe-Fe,1.192,0.001,-647.1943,-651.1253,-0.6687
Ru0Ni0Co0Fe100Cu0,3,7,7,fcc,Fe-Fe-Fe,fcc,Fe-Fe-Fe,1.116,0.0,-647.1943,-651.1895,-0.7329
Ru0Ni0Co0Fe100Cu0,3,7,8,bridge,Fe-Fe,bridge,Fe-Fe,1.192,0.001,-647.1943,-651.1253,-0.6687
Ru0Ni0Co0Fe100Cu0,3,7,9,bridge,Fe-Fe,bridge,Fe-Fe,1.192,0.001,-647.1943,-651.1253,-0.6687
Ru0Ni0Co0Fe100Cu0,3,8,0,bridge,Fe-Fe,bridge,Fe-Fe,1.192,0.001,-647.1943,-651.1253,-0.6687
Ru0Ni0Co0Fe100Cu0,3,8,1,bridge,Fe-Fe,bridge,Fe-Fe,1.192,0.001,-647.1943,-651.1253,-0.6687
Ru0Ni0Co0Fe100Cu0,3,8,2,fcc,Fe-Fe-Fe,fcc,Fe-Fe-Fe,1.116,0.0,-647.1943,-651.1895,-0.7329
Ru0Ni0Co0Fe100Cu0,3,8,3,bridge,Fe-Fe,bridge,Fe-Fe,1.192,0.001,-647.1943,-651.1253,-0.6687
Ru0Ni0Co0Fe100Cu0,3,8,4,top,Fe,top,Fe,1.567,0.0,-647.1943,-650.5265,-0.07
Ru0Ni0Co0Fe100Cu0,3,8,5,bridge,Fe-Fe,bridge,Fe-Fe,1.192,0.001,-647.1943,-651.1253,-0.6687
Ru0Ni0Co0Fe100Cu0,3,8,6,hcp,Fe-Fe-Fe,hcp,Fe-Fe-Fe,1.12,0.0,-647.1943,-651.1927,-0.7361
Ru0Ni0Co0Fe100Cu0,3,8,7,fcc,Fe-Fe-Fe,fcc,Fe-Fe-Fe,1.116,0.0,-647.1943,-651.1895,-0.7329
Ru0Ni0Co0Fe100Cu0,3,8,8,bridge,Fe-Fe,bridge,Fe-Fe,1.192,0.001,-647.1943,-651.1253,-0.6687
Ru0Ni0Co0Fe100Cu0,3,8,9,top,Fe,top,Fe,1.567,0.0,-647.1943,-650.5265,-0.07
Ru0Ni0Co0Fe100Cu0,3,9,0,top,Fe,top,Fe,1.567,0.0,-647.1943,-650.5265,-0.07
Ru0Ni0Co0Fe100Cu0,3,9,1,top,Fe,top,Fe,1.567,0.0,-647.1943,-650.5265,-0.07
Ru0Ni0Co0Fe100Cu0,3,9,2,bridge,Fe-Fe,bridge,Fe-Fe,1.192,0.001,-647.1943,-651.1253,-0.6687
Ru0Ni0Co0Fe100Cu0,3,9,3,fcc,Fe-Fe-Fe,fcc,Fe-Fe-Fe,1.116,0.0,-647.1943,-651.1895,-0.7329
Ru0Ni0Co0Fe100Cu0,3,9,4,bridge,Fe-Fe,bridge,Fe-Fe,1.192,0.001,-647.1943,-651.1253,-0.6687
Ru0Ni0Co0Fe100Cu0,3,9,5,bridge,Fe-Fe,bridge,Fe-Fe,1.192,0.001,-647.1943,-651.1253,-0.6687
Ru0Ni0Co0Fe100Cu0,3,9,6,hcp,Fe-Fe-Fe,hcp,Fe-Fe-Fe,1.12,0.0,-647.1943,-651.1927,-0.7361
Ru0Ni0Co0Fe100Cu0,3,9,7,bridge,Fe-Fe,bridge,Fe-Fe,1.192,0.001,-647.1943,-651.1253,-0.6687
Ru0Ni0Co0Fe100Cu0,3,9,8,bridge,Fe-Fe,bridge,Fe-Fe,1.192,0.001,-647.1943,-651.1253,-0.6687
Ru0Ni0Co0Fe100Cu0,3,9,9,fcc,Fe-Fe-Fe,fcc,Fe-Fe-Fe,1.116,0.0,-647.1943,-651.1895,-0.7329
Ru0Ni0Co0Fe0Cu100,4,0,0,fcc,Cu-Cu-Cu,fcc,Cu-Cu-Cu,0.799,0.0,-311.0973,-314.8147,-0.4552
Ru0Ni0Co0Fe0Cu100,4,0,1,fcc,Cu-Cu-Cu,fcc,Cu-Cu-Cu,0.799,0.0,-311.0973,-314.8147,-0.4552
Ru0Ni0Co0Fe0Cu100,4,0,2,top,Cu,top,Cu,1.507,0.0,-311.0973,-314.0253,0.3342
Ru0Ni0Co0Fe0Cu100,4,0,3,bridge,Cu-Cu,bridge,Cu-Cu,1.018,0.002,-311.0973,-314.5888,-0.2293
Ru0Ni0Co0Fe0Cu100,4,0,4,hcp,Cu-Cu-Cu,hcp,Cu-Cu-Cu,0.807,0.0,-311.0973,-314.8013,-0.4418
Ru0Ni0Co0Fe0Cu100,4,0,5,bridge,Cu-Cu,bridge,Cu-Cu,1.018,0.002,-311.0973,-314.5888,-0.2293
Ru0Ni0Co0Fe0Cu100,4,0,6,bridge,Cu-Cu,bridge,Cu-Cu,1.018,0.002,-311.0973,-314.5888,-0.2293
Ru0Ni0Co0Fe0Cu100,4,0,7,bridge,Cu-Cu,bridge,Cu-Cu,1.018,0.002,-311.0973,-314.5888,-0.2293
Ru0Ni0Co0Fe0Cu100,4,0,8,bridge,Cu-Cu,bridge,Cu-Cu,1.018,0.002,-311.0973,-314.5888,-0.2293
Ru0Ni0Co0Fe0Cu100,4,0,9,top,Cu,top,Cu,1.507,0.0,-311.0973,-314.0253,0.3342
Ru0Ni0Co0Fe0Cu100,4,1,0,fcc,Cu-Cu-Cu,fcc,Cu-Cu-Cu,0.799,0.0,-311.0973,-314.8147,-0.4552
Ru0Ni0Co0Fe0Cu100,4,1,1,hcp,Cu-Cu-Cu,hcp,Cu-Cu-Cu,0.807,0.0,-311.0973,-314.8013,-0.4418
Ru0Ni0Co0Fe0Cu100,4,1,2,bridge,Cu-Cu,bridge,Cu-Cu,1.018,0.002,-311.0973,-314.5888,-0.2293
Ru0Ni0Co0Fe0Cu100,4,1,3,bridge,Cu-Cu,bridge,Cu-Cu,1.018,0.002,-311.0973,-314.5888,-0.2293
Ru0Ni0Co0Fe0Cu100,4,1,4,bridge,Cu-Cu,bridge,Cu-Cu,1.018,0.002,-311.0973,-314.5888,-0.2293
Ru0Ni0Co0Fe0Cu100,4,1,5,bridge,Cu-Cu,bridge,Cu-Cu,1.018,0.002,-311.0973,-314.5888,-0.2293
Ru0Ni0Co0Fe0Cu100,4,1,6,fcc,Cu-Cu-Cu,fcc,Cu-Cu-Cu,0.799,0.0,-311.0973,-314.8147,-0.4552
Ru0Ni0Co0Fe0Cu100,4,1,7,bridge,Cu-Cu,bridge,Cu-Cu,1.018,0.002,-311.0973,-314.5888,-0.2293
Ru0Ni0Co0Fe0Cu100,4,1,8,top,Cu,top,Cu,1.507,0.0,-311.0973,-314.0253,0.3342
Ru0Ni0Co0Fe0Cu100,4,1,9,top,Cu,top,Cu,1.507,0.0,-311.0973,-314.0253,0.3342
Ru0Ni0Co0Fe0Cu100,4,2,0,bridge,Cu-Cu,bridge,Cu-Cu,1.018,0.002,-311.0973,-314.5888,-0.2293
Ru0Ni0Co0Fe0Cu100,4,2,1,bridge,Cu-Cu,bridge,Cu-Cu,1.018,0.002,-311.0973,-314.5888,-0.2293
Ru0Ni0Co0Fe0Cu100,4,2,2,fcc,Cu-Cu-Cu,fcc,Cu-Cu-Cu,0.799,0.0,-311.0973,-314.8147,-0.4552
Ru0Ni0Co0Fe0Cu100,4,2,3,bridge,Cu-Cu,bridge,Cu-Cu,1.018,0.002,-311.0973,-314.5888,-0.2293
Ru0Ni0Co0Fe0Cu100,4,2,4,bridge,Cu-Cu,bridge,Cu-Cu,1.018,0.002,-311.0973,-314.5888,-0.2293
Ru0Ni0Co0Fe0Cu100,4,2,5,top,Cu,top,Cu,1.507,0.0,-311.0973,-314.0253,0.3342
Ru0Ni0Co0Fe0Cu100,4,2,6,top,Cu,top,Cu,1.507,0.0,-311.0973,-314.0253,0.3342
Ru0Ni0Co0Fe0Cu100,4,2,7,bridge,Cu-Cu,bridge,Cu-Cu,1.018,0.002,-311.0973,-314.5888,-0.2293
Ru0Ni0Co0Fe0Cu100,4,2,8,hcp,Cu-Cu-Cu,hcp,Cu-Cu-Cu,0.807,0.0,-311.0973,-314.8013,-0.4418
Ru0Ni0Co0Fe0Cu100,4,2,9,fcc,Cu-Cu-Cu,fcc,Cu-Cu-Cu,0.799,0.0,-311.0973,-314.8147,-0.4552
Ru0Ni0Co0Fe0Cu100,4,3,0,hcp,Cu-Cu-Cu,hcp,Cu-Cu-Cu,0.807,0.0,-311.0973,-314.8013,-0.4418
Ru0Ni0Co0Fe0Cu100,4,3,1,bridge,Cu-Cu,bridge,Cu-Cu,1.018,0.002,-311.0973,-314.5888,-0.2293
Ru0Ni0Co0Fe0Cu100,4,3,2,bridge,Cu-Cu,bridge,Cu-Cu,1.018,0.002,-311.0973,-314.5888,-0.2293
Ru0Ni0Co0Fe0Cu100,4,3,3,bridge,Cu-Cu,bridge,Cu-Cu,1.018,0.002,-311.0973,-314.5888,-0.2293
Ru0Ni0Co0Fe0Cu100,4,3,4,fcc,Cu-Cu-Cu,fcc,Cu-Cu-Cu,0.799,0.0,-311.0973,-314.8147,-0.4552
Ru0Ni0Co0Fe0Cu100,4,3,5,top,Cu,top,Cu,1.507,0.0,-311.0973,-314.0253,0.3342
Ru0Ni0Co0Fe0Cu100,4,3,6,top,Cu,top,Cu,1.507,0.0,-311.0973,-314.0253,0.3342
Ru0Ni0Co0Fe0Cu100,4,3,7,fcc,Cu-Cu-Cu,fcc,Cu-Cu-Cu,0.799,0.0,-311.0973,-314.8147,-0.4552
Ru0Ni0Co0Fe0Cu100,4,3,8,bridge,Cu-Cu,bridge,Cu-Cu,1.018,0.002,-311.0973,-314.5888,-0.2293
Ru0Ni0Co0Fe0Cu100,4,3,9,bridge,Cu-Cu,bridge,Cu-Cu,1.018,0.002,-311.0973,-314.5888,-0.2293
Ru0Ni0Co0Fe0Cu100,4,4,0,bridge,Cu-Cu,bridge,Cu-Cu,1.018,0.002,-311.0973,-314.5888,-0.2293
Ru0Ni0Co0Fe0Cu100,4,4,1,bridge,Cu-Cu,bridge,Cu-Cu,1.018,0.002,-311.0973,-314.5888,-0.2293
Ru0Ni0Co0Fe0Cu100,4,4,2,top,Cu,top,Cu,1.507,0.0,-311.0973,-314.0253,0.3342
Ru0Ni0Co0Fe0Cu100,4,4,3,fcc,Cu-Cu-Cu,fcc,Cu-Cu-Cu,0.799,0.0,-311.0973,-314.8147,-0.4552
Ru0Ni0Co0Fe0Cu100,4,4,4,hcp,Cu-Cu-Cu,hcp,Cu-Cu-Cu,0.807,0.0,-311.0973,-314.8013,-0.4418
Ru0Ni0Co0Fe0Cu100,4,4,5,bridge,Cu-Cu,bridge,Cu-Cu,1.018,0.002,-311.0973,-314.5888,-0.2293
Ru0Ni0Co0Fe0Cu100,4,4,6,bridge,Cu-Cu,bridge,Cu-Cu,1.018,0.002,-311.0973,-314.5888,-0.2293
Ru0Ni0Co0Fe0Cu100,4,4,7,top,Cu,top,Cu,1.507,0.0,-311.0973,-314.0253,0.3342
Ru0Ni0Co0Fe0Cu100,4,4,8,bridge,Cu-Cu,bridge,Cu-Cu,1.018,0.002,-311.0973,-314.5888,-0.2293
Ru0Ni0Co0Fe0Cu100,4,4,9,fcc,Cu-Cu-Cu,fcc,Cu-Cu-Cu,0.799,0.0,-311.0973,-314.8147,-0.4552
Ru0Ni0Co0Fe0Cu100,4,5,0,bridge,Cu-Cu,bridge,Cu-Cu,1.018,0.002,-311.0973,-314.5888,-0.2293
Ru0Ni0Co0Fe0Cu100,4,5,1,hcp,Cu-Cu-Cu,hcp,Cu-Cu-Cu,0.807,0.0,-311.0973,-314.8013,-0.4418
Ru0Ni0Co0Fe0Cu100,4,5,2,fcc,Cu-Cu-Cu,fcc,Cu-Cu-Cu,0.799,0.0,-311.0973,-314.8147,-0.4552
Ru0Ni0Co0Fe0Cu100,4,5,3,fcc,Cu-Cu-Cu,fcc,Cu-Cu-Cu,0.799,0.0,-311.0973,-314.8147,-0.4552
Ru0Ni0Co0Fe0Cu100,4,5,4,bridge,Cu-Cu,bridge,Cu-Cu,1.018,0.002,-311.0973,-314.5888,-0.2293
Ru0Ni0Co0Fe0Cu100,4,5,5,bridge,Cu-Cu,bridge,Cu-Cu,1.018,0.002,-311.0973,-314.5888,-0.2293
Ru0Ni0Co0Fe0Cu100,4,5,6,top,Cu,top,Cu,1.507,0.0,-311.0973,-314.0253,0.3342
Ru0Ni0Co0Fe0Cu100,4,5,7,top,Cu,top,Cu,1.507,0.0,-311.0973,-314.0253,0.3342
Ru0Ni0Co0Fe0Cu100,4,5,8,bridge,Cu-Cu,bridge,Cu-Cu,1.018,0.002,-311.0973,-314.5888,-0.2293
Ru0Ni0Co0Fe0Cu100,4,5,9,bridge,Cu-Cu,bridge,Cu-Cu,1.018,0.002,-311.0973,-314.5888,-0.2293
Ru0Ni0Co0Fe0Cu100,4,6,0,bridge,Cu-Cu,bridge,Cu-Cu,1.018,0.002,-311.0973,-314.5888,-0.2293
Ru0Ni0Co0Fe0Cu100,4,6,1,fcc,Cu-Cu-Cu,fcc,Cu-Cu-Cu,0.799,0.0,-311.0973,-314.8147,-0.4552
Ru0Ni0Co0Fe0Cu100,4,6,2,bridge,Cu-Cu,bridge,Cu-Cu,1.018,0.002,-311.0973,-314.5888,-0.2293
Ru0Ni0Co0Fe0Cu100,4,6,3,top,Cu,top,Cu,1.507,0.0,-311.0973,-314.0253,0.3342
Ru0Ni0Co0Fe0Cu100,4,6,4,bridge,Cu-Cu,bridge,Cu-Cu,1.018,0.002,-311.0973,-314.5888,-0.2293
Ru0Ni0Co0Fe0Cu100,4,6,5,bridge,Cu-Cu,bridge,Cu-Cu,1.018,0.002,-311.0973,-314.5888,-0.2293
Ru0Ni0Co0Fe0Cu100,4,6,6,fcc,Cu-Cu-Cu,fcc,Cu-Cu-Cu,0.799,0.0,-311.0973,-314.8147,-0.4552
Ru0Ni0Co0Fe0Cu100,4,6,7,bridge,Cu-Cu,bridge,Cu-Cu,1.018,0.002,-311.0973,-314.5888,-0.2293
Ru0Ni0Co0Fe0Cu100,4,6,8,hcp,Cu-Cu-Cu,hcp,Cu-Cu-Cu,0.807,0.0,-311.0973,-314.8013,-0.4418
Ru0Ni0Co0Fe0Cu100,4,6,9,top,Cu,top,Cu,1.507,0.0,-311.0973,-314.0253,0.3342
Ru0Ni0Co0Fe0Cu100,4,7,0,top,Cu,top,Cu,1.507,0.0,-311.0973,-314.0253,0.3342
Ru0Ni0Co0Fe0Cu100,4,7,1,bridge,Cu-Cu,bridge,Cu-Cu,1.018,0.002,-311.0973,-314.5888,-0.2293
Ru0Ni0Co0Fe0Cu100,4,7,2,bridge,Cu-Cu,bridge,Cu-Cu,1.018,0.002,-311.0973,-314.5888,-0.2293
Ru0Ni0Co0Fe0Cu100,4,7,3,bridge,Cu-Cu,bridge,Cu-Cu,1.018,0.002,-311.0973,-314.5888,-0.2293
Ru0Ni0Co0Fe0Cu100,4,7,4,bridge,Cu-Cu,bridge,Cu-Cu,1.018,0.002,-311.0973,-314.5888,-0.2293
Ru0Ni0Co0Fe0Cu100,4,7,5,fcc,Cu-Cu-Cu,fcc,Cu-Cu-Cu,0.799,0.0,-311.0973,-314.8147,-0.4552
Ru0Ni0Co0Fe0Cu100,4,7,6,hcp,Cu-Cu-Cu,hcp,Cu-Cu-Cu,0.807,0.0,-311.0973,-314.8013,-0.4418
Ru0Ni0Co0Fe0Cu100,4,7,7,bridge,Cu-Cu,bridge,Cu-Cu,1.018,0.002,-311.0973,-314.5888,-0.2293
Ru0Ni0Co0Fe0Cu100,4,7,8,top,Cu,top,Cu,1.507,0.0,-311.0973,-314.0253,0.3342
Ru0Ni0Co0Fe0Cu100,4,7,9,fcc,Cu-Cu-Cu,fcc,Cu-Cu-Cu,0.799,0.0,-311.0973,-314.8147,-0.4552
Ru0Ni0Co0Fe0Cu100,4,8,0,fcc,Cu-Cu-Cu,fcc,Cu-Cu-Cu,0.799,0.0,-311.0973,-314.8147,-0.4552
Ru0Ni0Co0Fe0Cu100,4,8,1,fcc,Cu-Cu-Cu,fcc,Cu-Cu-Cu,0.799,0.0,-311.0973,-314.8147,-0.4552
Ru0Ni0Co0Fe0Cu100,4,8,2,bridge,Cu-Cu,bridge,Cu-Cu,1.018,0.002,-311.0973,-314.5888,-0.2293
Ru0Ni0Co0Fe0Cu100,4,8,3,bridge,Cu-Cu,bridge,Cu-Cu,1.018,0.002,-311.0973,-314.5888,-0.2293
Ru0Ni0Co0Fe0Cu100,4,8,4,top,Cu,top,Cu,1.507,0.0,-311.0973,-314.0253,0.3342
Ru0Ni0Co0Fe0Cu100,4,8,5,hcp,Cu-Cu-Cu,hcp,Cu-Cu-Cu,0.807,0.0,-311.0973,-314.8013,-0.4418
Ru0Ni0Co0Fe0Cu100,4,8,6,bridge,Cu-Cu,bridge,Cu-Cu,1.018,0.002,-311.0973,-314.5888,-0.2293
Ru0Ni0Co0Fe0Cu100,4,8,7,bridge,Cu-Cu,bridge,Cu-Cu,1.018,0.002,-311.0973,-314.5888,-0.2293
Ru0Ni0Co0Fe0Cu100,4,8,8,top,Cu,top,Cu,1.507,0.0,-311.0973,-314.0253,0.3342
Ru0Ni0Co0Fe0Cu100,4,8,9,bridge,Cu-Cu,bridge,Cu-Cu,1.018,0.002,-311.0973,-314.5888,-0.2293
Ru0Ni0Co0Fe0Cu100,4,9,0,bridge,Cu-Cu,bridge,Cu-Cu,1.018,0.002,-311.0973,-314.5888,-0.2293
Ru0Ni0Co0Fe0Cu100,4,9,1,bridge,Cu-Cu,bridge,Cu-Cu,1.018,0.002,-311.0973,-314.5888,-0.2293
Ru0Ni0Co0Fe0Cu100,4,9,2,hcp,Cu-Cu-Cu,hcp,Cu-Cu-Cu,0.807,0.0,-311.0973,-314.8013,-0.4418
Ru0Ni0Co0Fe0Cu100,4,9,3,bridge,Cu-Cu,bridge,Cu-Cu,1.018,0.002,-311.0973,-314.5888,-0.2293
Ru0Ni0Co0Fe0Cu100,4,9,4,top,Cu,top,Cu,1.507,0.0,-311.0973,-314.0253,0.3342
Ru0Ni0Co0Fe0Cu100,4,9,5,fcc,Cu-Cu-Cu,fcc,Cu-Cu-Cu,0.799,0.0,-311.0973,-314.8147,-0.4552
Ru0Ni0Co0Fe0Cu100,4,9,6,top,Cu,top,Cu,1.507,0.0,-311.0973,-314.0253,0.3342
Ru0Ni0Co0Fe0Cu100,4,9,7,bridge,Cu-Cu,bridge,Cu-Cu,1.018,0.002,-311.0973,-314.5888,-0.2293
Ru0Ni0Co0Fe0Cu100,4,9,8,fcc,Cu-Cu-Cu,fcc,Cu-Cu-Cu,0.799,0.0,-311.0973,-314.8147,-0.4552
Ru0Ni0Co0Fe0Cu100,4,9,9,bridge,Cu-Cu,bridge,Cu-Cu,1.018,0.002,-311.0973,-314.5888,-0.2293
Ru13Ni41Co23Fe8Cu15,5,0,0,bridge,Ni-Ru,bridge,Ni-Ru,0.983,0.082,-491.5125,-495.5791,-0.8043
Ru13Ni41Co23Fe8Cu15,5,0,1,bridge,Ni-Ni,hcp,Ni-Ni-Ru,0.813,0.058,-491.5125,-495.6163,-0.8415
Ru13Ni41Co23Fe8Cu15,5,0,2,top,Ru,fcc,Ni-Ru-Ru,0.914,0.076,-491.5125,-495.6266,-0.8519
Ru13Ni41Co23Fe8Cu15,5,0,3,bridge,Cu-Ru,hcp,Ni-Ru-Ru,0.94,0.252,-491.5125,-495.6316,-0.8568
Ru13Ni41Co23Fe8Cu15,5,0,4,top,Ni,hcp,Ni-Ru-Ru,0.938,0.25,-491.5125,-495.6316,-0.8568
Ru13Ni41Co23Fe8Cu15,5,0,5,bridge,Ru-Ru,hcp,Ni-Ru-Ru,0.945,0.265,-491.5125,-495.6315,-0.8567
Ru13Ni41Co23Fe8Cu15,5,0,6,fcc,Ni-Ni-Ru,fcc,Ni-Ni-Ru,0.779,0.044,-491.5125,-495.576,-0.8013
Ru13Ni41Co23Fe8Cu15,5,0,7,bridge,Ru-Ru,hcp,Ru-Ru-Ru,1.055,0.286,-491.5125,-495.6774,-0.9026
Ru13Ni41Co23Fe8Cu15,5,0,8,hcp,Co-Ni-Ru,hcp,Co-Ni-Ru,0.804,0.092,-491.5125,-495.5696,-0.7948
Ru13Ni41Co23Fe8Cu15,5,0,9,fcc,Co-Cu-Ni,fcc,Co-Cu-Ni,0.614,0.089,-491.5125,-495.2069,-0.4321
Ru13Ni41Co23Fe8Cu15,5,1,0,hcp,Co-Cu-Ni,hcp,Co-Cu-Ni,0.763,0.091,-490.7125,-494.4784,-0.5037
Ru13Ni41Co23Fe8Cu15,5,1,1,bridge,Co-Ni,hcp,Co-Fe-Ni,0.842,0.305,-490.7125,-494.5858,-0.6111
Ru13Ni41Co23Fe8Cu15,5,1,2,fcc,Cu-Fe-Ni,fcc,Cu-Fe-Ni,0.835,0.141,-490.7125,-494.5122,-0.5375
Ru13Ni41Co23Fe8Cu15,5,1,3,bridge,Co-Ni,fcc,Co-Ni-Ni,0.748,0.062,-490.7125,-494.6195,-0.6447
Ru13Ni41Co23Fe8Cu15,5,1,4,bridge,Ni-Ni,hcp,Ni-Ni-Ni,0.731,0.037,-490.7125,-494.5531,-0.5784
Ru13Ni41Co23Fe8Cu15,5,1,5,top,Ni,hcp,Ni-Ni-Ni,0.769,0.025,-490.7125,-494.6429,-0.6682
Ru13Ni41Co23Fe8Cu15,5,1,6,fcc,Co-Ni-Ni,fcc,Co-Ni-Ni,0.72,0.027,-490.7125,-494.5849,-0.6102
Ru13Ni41Co23Fe8Cu15,5,1,7,bridge,Ni-Ni,hcp,Ni-Ni-Ni,0.735,0.035,-490.7125,-494.5531,-0.5784
Ru13Ni41Co23Fe8Cu15,5,1,8,bridge,Co-Ni,hcp,Co-Ni-Ni,0.713,0.058,-490.7125,-494.5587,-0.584
Ru13Ni41Co23Fe8Cu15,5,1,9,top,Co,hcp,Co-Ni-Ni,0.716,0.07,-490.7125,-494.5599,-0.5852
Ru13Ni41Co23Fe8Cu15,5,2,0,bridge,Co-Cu,hcp,Co-Cu-Ni,0.591,0.101,-489.9754,-493.7738,-0.5362
Ru13Ni41Co23Fe8Cu15,5,2,1,top,Co,bridge,Ni-Ru,1.043,0.108,-489.9754,-493.9625,-0.7248
Ru13Ni41Co23Fe8Cu15,5,2,2,bridge,Co-Ni,hcp,Co-Ni-Ru,0.678,0.022,-489.9754,-493.9462,-0.7086
Ru13Ni41Co23Fe8Cu15,5,2,3,fcc,Co-Ni-Ru,hcp,Co-Ni-Ru,0.84,0.358,-489.9754,-493.9375,-0.6998
Ru13Ni41Co23Fe8Cu15,5,2,4,hcp,Co-Ni-Ru,hcp,Co-Ni-Ru,0.682,0.022,-489.9754,-493.9463,-0.7086
Ru13Ni41Co23Fe8Cu15,5,2,5,bridge,Co-Ni,bridge,Ni-Ru,1.031,0.109,-489.9754,-493.989,-0.7514
Ru13Ni41Co23Fe8Cu15,5,2,6,bridge,Ni-Ru,bridge,Ni-Ru,0.879,0.281,-489.9754,-493.9511,-0.7134
Ru13Ni41Co23Fe8Cu15,5,2,7,fcc,Co-Fe-Ni,fcc,Co-Fe-Ni,0.65,0.227,-489.9754,-493.7802,-0.5425
Ru13Ni41Co23Fe8Cu15,5,2,8,top,Fe,bridge,Ni-Ru,0.879,0.274,-489.9754,-493.9511,-0.7135
Ru13Ni41Co23Fe8Cu15,5,2,9,bridge,Cu-Ni,fcc,Cu-Ni-Ni,0.585,0.061,-489.9754,-493.7683,-0.5306
Ru13Ni41Co23Fe8Cu15,5,3,0,fcc,Fe-Ni-Ni,fcc,Fe-Ni-Ni,0.805,0.272,-491.8347,-495.6701,-0.5732
Ru13Ni41Co23Fe8Cu15,5,3,1,bridge,Cu-Ni,bridge,Ni-Ru,1.006,0.334,-491.8347,-495.7912,-0.6943
Ru13Ni41Co23Fe8Cu15,5,3,2,bridge,Ni-Ru,hcp,Ni-Ni-Ru,0.855,0.024,-491.8347,-495.8651,-0.7682
Ru13Ni41Co23Fe8Cu15,5,3,3,bridge,Ni-Ni,hcp,Ni-Ni-Ru,0.897,0.018,-491.8347,-495.9189,-0.822
Ru13Ni41Co23Fe8Cu15,5,3,4,fcc,Co-Cu-Ni,fcc,Co-Cu-Ni,0.734,0.102,-491.8347,-495.6676,-0.5707
Ru13Ni41Co23Fe8Cu15,5,3,5,hcp,Co-Cu-Cu,hcp,Co-Cu-Cu,0.741,0.102,-491.8347,-495.4395,-0.3426
Ru13Ni41Co23Fe8Cu15,5,3,6,bridge,Cu-Cu,fcc,Cu-Ni-Ru,0.855,0.053,-491.8347,-495.7747,-0.6778
Ru13Ni41Co23Fe8Cu15,5,3,7,bridge,Co-Ni,hcp,Co-Ni-Ni,0.673,0.011,-491.8347,-495.7673,-0.6704
Ru13Ni41Co23Fe8Cu15,5,3,8,top,Ni,hcp,Ni-Ru-Ru,1.03,0.132,-491.8347,-495.9222,-0.8253
Ru13Ni41Co23Fe8Cu15,5,3,9,top,Cu,bridge,Ni-Ru,1.009,0.307,-491.8347,-495.8301,-0.7332
Ru13Ni41Co23Fe8Cu15,5,4,0,bridge,Ni-Ni,bridge,Ni-Ni,0.84,0.028,-489.5568,-493.2913,-0.4722
Ru13Ni41Co23Fe8Cu15,5,4,1,top,Ni,hcp,Co-Ni-Ni,0.708,0.086,-489.5568,-493.4475,-0.6284
Ru13Ni41Co23Fe8Cu15,5,4,2,top,Ni,fcc,Co-Ni-Ni,0.711,0.061,-489.5568,-493.4975,-0.6785
Ru13Ni41Co23Fe8Cu15,5,4,3,fcc,Ni-Ni-Ni,fcc,Ni-Ni-Ni,0.653,0.045,-489.5568,-493.4324,-0.6133
Ru13Ni41Co23Fe8Cu15,5,4,4,bridge,Ni-Ni,fcc,Ni-Ni-Ni,0.712,0.036,-489.5568,-493.4726,-0.6535
Ru13Ni41Co23Fe8Cu15,5,4,5,bridge,Ni-Ni,hcp,Ni-Ni-Ni,0.606,0.012,-489.5568,-493.4623,-0.6432
Ru13Ni41Co23Fe8Cu15,5,4,6,bridge,Ni-Ni,bridge,Ni-Ni,0.835,0.035,-489.5568,-493.299,-0.48
Ru13Ni41Co23Fe8Cu15,5,4,7,fcc,Ni-Ni-Ni,fcc,Ni-Ni-Ni,0.711,0.042,-489.5568,-493.4726,-0.6535
Ru13Ni41Co23Fe8Cu15,5,4,8,bridge,Ni-Ni,hcp,Ni-Ni-Ni,0.64,0.083,-489.5568,-493.4649,-0.6458
Ru13Ni41Co23Fe8Cu15,5,4,9,hcp,Co-Cu-Ni,hcp,Co-Cu-Ni,0.681,0.119,-489.5568,-493.3732,-0.5542
Ru13Ni41Co23Fe8Cu15,5,5,0,bridge,Fe-Fe,fcc,Fe-Fe-Ru,1.155,0.366,-490.5685,-494.5551,-0.7243
Ru13Ni41Co23Fe8Cu15,5,5,1,hcp,Co-Ni-Ni,hcp,Co-Ni-Ni,0.654,0.019,-490.5685,-494.4239,-0.5931
Ru13Ni41Co23Fe8Cu15,5,5,2,hcp,Co-Co-Cu,hcp,Co-Co-Cu,0.704,0.091,-490.5685,-494.2865,-0.4557
Ru13Ni41Co23Fe8Cu15,5,5,3,bridge,Fe-Ru,bridge,Ru-Ru,1.123,0.195,-490.5685,-494.625,-0.7942
Ru13Ni41Co23Fe8Cu15,5,5,4,bridge,Co-Ni,fcc,Co-Fe-Ni,0.794,0.288,-490.5685,-494.4509,-0.6201
Ru13Ni41Co23Fe8Cu15,5,5,5,fcc,Co-Ni-Ru,fcc,Co-Ni-Ru,0.905,0.003,-490.5685,-494.5565,-0.7257
Ru13Ni41Co23Fe8Cu15,5,5,6,bridge,Co-Co,fcc,Co-Co-Ni,0.654,0.007,-490.5685,-494.426,-0.5952
Ru13Ni41Co23Fe8Cu15,5,5,7,top,Fe,bridge,Co-Ru,0.951,0.355,-490.5685,-494.5754,-0.7446
Ru13Ni41Co23Fe8Cu15,5,5,8,bridge,Ni-Ni,hcp,Ni-Ni-Ni,0.667,0.047,-490.5685,-494.4325,-0.6017
Ru13Ni41Co23Fe8Cu15,5,5,9,top,Ni,hcp,Fe-Fe-Ni,0.775,0.198,-490.5685,-494.355,-0.5242
Ru13Ni41Co23Fe8Cu15,5,6,0,bridge,Co-Co,hcp,Co-Co-Ni,0.656,0.015,-489.6418,-493.4602,-0.5561
Ru13Ni41Co23Fe8Cu15,5,6,1,fcc,Co-Cu-Ni,fcc,Co-Cu-Ni,0.687,0.105,-489.6418,-493.3853,-0.4813
Ru13Ni41Co23Fe8Cu15,5,6,2,top,Fe,fcc,Co-Fe-Ni,0.801,0.29,-489.6418,-493.4707,-0.5666
Ru13Ni41Co23Fe8Cu15,5,6,3,bridge,Ni-Ni,hcp,Fe-Ni-Ni,0.683,0.175,-489.6418,-493.4915,-0.5874
Ru13Ni41Co23Fe8Cu15,5,6,4,bridge,Co-Ni,fcc,Co-Co-Ni,0.628,0.035,-489.6418,-493.5264,-0.6224
Ru13Ni41Co23Fe8Cu15,5,6,5,hcp,Co-Cu-Ni,hcp,Co-Cu-Ni,0.618,0.086,-489.6418,-493.4313,-0.5272
Ru13Ni41Co23Fe8Cu15,5,6,6,hcp,Cu-Fe-Ni,hcp,Cu-Fe-Ni,0.659,0.109,-489.6418,-493.4198,-0.5157
Ru13Ni41Co23Fe8Cu15,5,6,7,bridge,Co-Ni,hcp,Co-Co-Ni,0.654,0.012,-489.6418,-493.4602,-0.5562
Ru13Ni41Co23Fe8Cu15,5,6,8,top,Cu,hcp,Co-Co-Cu,0.709,0.076,-489.6418,-493.3549,-0.4508
Ru13Ni41Co23Fe8Cu15,5,6,9,bridge,Co-Ni,hcp,Co-Fe-Ni,0.735,0.308,-489.6418,-493.4346,-0.5305
Ru13Ni41Co23Fe8Cu15,5,7,0,bridge,Co-Ni,hcp,Co-Ni-Ni,0.69,0.02,-491.3075,-495.1916,-0.6218
Ru13Ni41Co23Fe8Cu15,5,7,1,bridge,Co-Cu,fcc,Co-Ni-Ni,0.748,0.014,-491.3075,-495.214,-0.6443
Ru13Ni41Co23Fe8Cu15,5,7,2,top,Ni,hcp,Co-Ni-Ni,0.688,0.017,-491.3075,-495.1916,-0.6219
Ru13Ni41Co23Fe8Cu15,5,7,3,hcp,Ni-Ni-Ni,hcp,Ni-Ni-Ni,0.707,0.038,-491.3075,-495.2014,-0.6317
Ru13Ni41Co23Fe8Cu15,5,7,4,hcp,Cu-Ni-Ni,hcp,Cu-Ni-Ni,0.678,0.098,-491.3075,-495.1078,-0.5381
Ru13Ni41Co23Fe8Cu15,5,7,5,fcc,Ni-Ni-Ni,fcc,Ni-Ni-Ni,0.663,0.002,-491.3075,-495.1911,-0.6214
Ru13Ni41Co23Fe8Cu15,5,7,6,top,Ni,fcc,Co-Co-Ni,0.795,0.022,-491.3075,-495.1671,-0.5974
Ru13Ni41Co23Fe8Cu15,5,7,7,bridge,Co-Ni,hcp,Co-Ni-Ni,0.689,0.017,-491.3075,-495.1916,-0.6218
Ru13Ni41Co23Fe8Cu15,5,7,8,bridge,Ni-Ni,fcc,Co-Ni-Ni,0.684,0.032,-491.3075,-495.1751,-0.6054
Ru13Ni41Co23Fe8Cu15,5,7,9,bridge,Cu-Ni,fcc,Cu-Ni-Ni,0.707,0.078,-491.3075,-495.1203,-0.5506
Ru13Ni41Co23Fe8Cu15,5,8,0,top,Co,bridge,Ni-Ru,1.013,0.33,-489.6726,-493.7514,-0.8165
Ru13Ni41Co23Fe8Cu15,5,8,1,bridge,Co-Ni,fcc,Co-Ni-Ru,0.858,0.042,-489.6726,-493.6219,-0.687
Ru13Ni41Co23Fe8Cu15,5,8,2,hcp,Co-Co-Ni,hcp,Co-Co-Ni,0.682,0.105,-489.6726,-493.4542,-0.5193
Ru13Ni41Co23Fe8Cu15,5,8,3,top,Co,hcp,Co-Co-Ni,0.687,0.039,-489.6726,-493.5775,-0.6426
Ru13Ni41Co23Fe8Cu15,5,8,4,bridge,Cu-Fe,bridge,Cu-Fe,1.079,0.055,-489.6726,-493.2812,-0.3463
Ru13Ni41Co23Fe8Cu15,5,8,5,bridge,Co-Ru,bridge,Co-Ru,0.955,0.062,-489.6726,-493.5041,-0.5692
Ru13Ni41Co23Fe8Cu15,5,8,6,fcc,Co-Ni-Ru,hcp,Ni-Ni-Ru,0.844,0.042,-489.6726,-493.7374,-0.8026
Ru13Ni41Co23Fe8Cu15,5,8,7,fcc,Co-Co-Ni,fcc,Co-Co-Ni,0.673,0.026,-489.6726,-493.513,-0.5781
Ru13Ni41Co23Fe8Cu15,5,8,8,bridge,Ru-Ru,fcc,Ni-Ru-Ru,1.025,0.335,-489.6726,-493.6715,-0.7366
Ru13Ni41Co23Fe8Cu15,5,8,9,bridge,Fe-Ni,fcc,Fe-Ni-Ni,0.769,0.2,-489.6726,-493.5539,-0.619
Ru13Ni41Co23Fe8Cu15,5,9,0,bridge,Fe-Ni,hcp,Fe-Ni-Ni,0.831,0.165,-492.5398,-496.4114,-0.6093
Ru13Ni41Co23Fe8Cu15,5,9,1,bridge,Ni-Ru,hcp,Ni-Ru-Ru,0.989,0.149,-492.5398,-496.6305,-0.8285
Ru13Ni41Co23Fe8Cu15,5,9,2,top,Co,hcp,Co-Ni-Ru,0.854,0.071,-492.5398,-496.4252,-0.6231
Ru13Ni41Co23Fe8Cu15,5,9,3,bridge,Fe-Ni,fcc,Fe-Ni-Ni,0.816,0.179,-492.5398,-496.3769,-0.5748
Ru13Ni41Co23Fe8Cu15,5,9,4,bridge,Cu-Ni,fcc,Cu-Ni-Ni,0.757,0.064,-492.5398,-496.3376,-0.5355
Ru13Ni41Co23Fe8Cu15,5,9,5,fcc,Co-Ni-Ru,fcc,Co-Ni-Ru,0.856,0.059,-492.5398,-496.3507,-0.5487
Ru13Ni41Co23Fe8Cu15,5,9,6,fcc,Cu-Cu-Cu,fcc,Cu-Cu-Cu,0.803,0.019,-492.5398,-496.1046,-0.3026
Ru13Ni41Co23Fe8Cu15,5,9,7,hcp,Co-Cu-Ru,hcp,Co-Cu-Ru,0.857,0.112,-492.5398,-496.2925,-0.4905
Ru13Ni41Co23Fe8Cu15,5,9,8,bridge,Co-Ru,bridge,Co-Ru,1.016,0.356,-492.5398,-496.4395,-0.6375
Ru13Ni41Co23Fe8Cu15,5,9,9,top,Ru,top,Ru,1.586,0.002,-492.5398,-496.0281,-0.2261
Ru26Ni14Co13Fe35Cu12,6,0,0,bridge,Co-Ru,hcp,Co-Ni-Ru,0.882,0.296,-570.537,-574.5962,-0.797
Ru26Ni14Co13Fe35Cu12,6,0,1,bridge,Co-Ni,hcp,Co-Ni-Ru,0.883,0.296,-570.537,-574.5962,-0.797
Ru26Ni14Co13Fe35Cu12,6,0,2,hcp,Co-Co-Fe,hcp,Co-Co-Fe,0.635,0.276,-570.537,-574.4823,-0.683
Ru26Ni14Co13Fe35Cu12,6,0,3,top,Ru,hcp,Co-Fe-Ru,1.085,0.264,-570.537,-574.593,-0.7938
Ru26Ni14Co13Fe35Cu12,6,0,4,fcc,Co-Co-Cu,fcc,Co-Co-Cu,0.601,0.147,-570.537,-574.3851,-0.5859
Ru26Ni14Co13Fe35Cu12,6,0,5,bridge,Co-Co,hcp,Co-Co-Fe,0.636,0.276,-570.537,-574.4823,-0.683
Ru26Ni14Co13Fe35Cu12,6,0,6,bridge,Co-Ni,hcp,Co-Fe-Ni,0.642,0.185,-570.537,-574.4661,-0.6669
Ru26Ni14Co13Fe35Cu12,6,0,7,top,Ni,hcp,Fe-Ni-Ru,0.924,0.317,-570.537,-574.7567,-0.9575
Ru26Ni14Co13Fe35Cu12,6,0,8,fcc,Co-Fe-Ru,hcp,Fe-Fe-Ru,0.988,0.285,-570.537,-574.7556,-0.9563
Ru26Ni14Co13Fe35Cu12,6,0,9,bridge,Co-Fe,bridge,Co-Fe,0.838,0.183,-570.537,-574.2604,-0.4612
Ru26Ni14Co13Fe35Cu12,6,1,0,bridge,Co-Fe,fcc,Co-Fe-Fe,0.658,0.43,-572.0044,-576.0136,-0.7469
Ru26Ni14Co13Fe35Cu12,6,1,1,top,Fe,hcp,Cu-Fe-Ru,0.843,0.314,-572.0044,-576.096,-0.8294
Ru26Ni14Co13Fe35Cu12,6,1,2,top,Ru,bridge,Fe-Ru,1.116,0.14,-572.0044,-576.1597,-0.893
Ru26Ni14Co13Fe35Cu12,6,1,3,fcc,Fe-Ni-Ru,fcc,Fe-Ni-Ru,1.013,0.185,-572.0044,-576.1852,-0.9185
Ru26Ni14Co13Fe35Cu12,6,1,4,fcc,Co-Ni-Ru,hcp,Co-Ni-Ru,0.795,0.138,-572.0044,-576.114,-0.8473
Ru26Ni14Co13Fe35Cu12,6,1,5,bridge,Co-Fe,fcc,Co-Fe-Fe,0.663,0.406,-572.0044,-576.0135,-0.7469
Ru26Ni14Co13Fe35Cu12,6,1,6,bridge,Co-Ni,hcp,Co-Ni-Ru,0.766,0.14,-572.0044,-576.1139,-0.8472
Ru26Ni14Co13Fe35Cu12,6,1,7,hcp,Cu-Fe-Ru,hcp,Cu-Fe-Ru,0.848,0.309,-572.0044,-576.0961,-0.8294
Ru26Ni14Co13Fe35Cu12,6,1,8,bridge,Fe-Ru,bridge,Fe-Ru,0.831,0.087,-572.0044,-576.1406,-0.8739
Ru26Ni14Co13Fe35Cu12,6,1,9,bridge,Fe-Ru,hcp,Fe-Fe-Ru,0.999,0.334,-572.0044,-576.1314,-0.8648
Ru26Ni14Co13Fe35Cu12,6,2,0,fcc,Fe-Fe-Ru,fcc,Fe-Fe-Ru,0.893,0.342,-570.4578,-574.6417,-0.9217
Ru26Ni14Co13Fe35Cu12,6,2,1,bridge,Fe-Fe,hcp,Fe-Fe-Ni,0.801,0.177,-570.4578,-574.3585,-0.6384
Ru26Ni14Co13Fe35Cu12,6,2,2,bridge,Fe-Ru,hcp,Fe-Fe-Ru,0.986,0.285,-570.4578,-574.6703,-0.9502
Ru26Ni14Co13Fe35Cu12,6,2,3,bridge,Fe-Ru,fcc,Fe-Fe-Ru,1.026,0.374,-570.4578,-574.674,-0.9539
Ru26Ni14Co13Fe35Cu12,6,2,4,bridge,Cu-Fe,hcp,Co-Cu-Fe,0.655,0.232,-570.4578,-574.3207,-0.6006
Ru26Ni14Co13Fe35Cu12,6,2,5,top,Ru,fcc,Fe-Fe-Ru,1.026,0.366,-570.4578,-574.6741,-0.954
Ru26Ni14Co13Fe35Cu12,6,2,6,bridge,Fe-Fe,fcc,Fe-Fe-Ni,0.784,0.111,-570.4578,-574.3672,-0.6472
Ru26Ni14Co13Fe35Cu12,6,2,7,top,Fe,hcp,Fe-Fe-Ru,0.982,0.286,-570.4578,-574.6703,-0.9502
Ru26Ni14Co13Fe35Cu12,6,2,8,hcp,Co-Cu-Fe,hcp,Co-Cu-Fe,0.653,0.227,-570.4578,-574.3207,-0.6006
Ru26Ni14Co13Fe35Cu12,6,2,9,hcp,Fe-Ni-Ru,fcc,Fe-Fe-Ru,1.023,0.36,-570.4578,-574.674,-0.954
Ru26Ni14Co13Fe35Cu12,6,3,0,bridge,Cu-Ru,fcc,Cu-Fe-Ru,0.892,0.23,-571.6759,-575.7014,-0.7632
Ru26Ni14Co13Fe35Cu12,6,3,1,fcc,Fe-Ni-Ru,fcc,Fe-Ni-Ru,1.0,0.134,-571.6759,-575.711,-0.7729
Ru26Ni14Co13Fe35Cu12,6,3,2,bridge,Fe-Fe,fcc,Fe-Fe-Fe,0.983,0.171,-571.6759,-575.55,-0.6119
Ru26Ni14Co13Fe35Cu12,6,3,3,fcc,Co-Cu-Fe,fcc,Co-Cu-Fe,0.773,0.178,-571.6759,-575.4868,-0.5486
Ru26Ni14Co13Fe35Cu12,6,3,4,bridge,Fe-Ni,hcp,Fe-Ni-Ru,0.843,0.281,-571.6759,-575.799,-0.8609
Ru26Ni14Co13Fe35Cu12,6,3,5,top,Co,hcp,Co-Fe-Fe,0.813,0.283,-571.6759,-575.6244,-0.6862
Ru26Ni14Co13Fe35Cu12,6,3,6,bridge,Fe-Ru,hcp,Ni-Ru-Ru,0.929,0.151,-571.6759,-575.8899,-0.9518
Ru26Ni14Co13Fe35Cu12,6,3,7,bridge,Fe-Ni,fcc,Fe-Ni-Ru,0.949,0.215,-571.6759,-575.8469,-0.9087
Ru26Ni14Co13Fe35Cu12,6,3,8,top,Ru,fcc,Fe-Ru-Ru,0.992,0.354,-571.6759,-576.0414,-1.1032
Ru26Ni14Co13Fe35Cu12,6,3,9,hcp,Fe-Ni-Ru,hcp,Fe-Ni-Ru,0.927,0.344,-571.6759,-575.798,-0.8598
Ru26Ni14Co13Fe35Cu12,6,4,0,bridge,Fe-Ru,hcp,Fe-Fe-Ru,0.929,0.218,-570.1466,-574.3343,-0.9254
Ru26Ni14Co13Fe35Cu12,6,4,1,bridge,Co-Cu,bridge,Co-Cu,0.82,0.178,-570.1466,-573.8871,-0.4783
Ru26Ni14Co13Fe35Cu12,6,4,2,bridge,Cu-Fe,hcp,Cu-Fe-Fe,0.818,0.129,-570.1466,-573.9975,-0.5886
Ru26Ni14Co13Fe35Cu12,6,4,3,bridge,Ru-Ru,bridge,Ru-Ru,0.921,0.265,-570.1466,-574.3819,-0.9731
Ru26Ni14Co13Fe35Cu12,6,4,4,top,Ru,bridge,Ru-Ru,0.923,0.255,-570.1466,-574.382,-0.9731
Ru26Ni14Co13Fe35Cu12,6,4,5,top,Cu,fcc,Cu-Fe-Ru,1.0,0.291,-570.1466,-574.2613,-0.8525
Ru26Ni14Co13Fe35Cu12,6,4,6,fcc,Cu-Ru-Ru,bridge,Ru-Ru,1.036,0.186,-570.1466,-574.1613,-0.7524
Ru26Ni14Co13Fe35Cu12,6,4,7,hcp,Co-Ru-Ru,bridge,Ru-Ru,1.039,0.18,-570.1466,-574.1613,-0.7524
Ru26Ni14Co13Fe35Cu12,6,4,8,bridge,Fe-Fe,hcp,Fe-Fe-Ru,1.066,0.225,-570.1466,-574.4092,-1.0004
Ru26Ni14Co13Fe35Cu12,6,4,9,hcp,Co-Fe-Ru,hcp,Co-Fe-Ru,0.964,0.361,-570.1466,-574.2478,-0.839
Ru26Ni14Co13Fe35Cu12,6,5,0,bridge,Fe-Ru,hcp,Co-Fe-Ru,0.689,0.202,-569.4561,-573.4929,-0.7745
Ru26Ni14Co13Fe35Cu12,6,5,1,fcc,Co-Ni-Ni,fcc,Co-Ni-Ni,0.669,0.119,-569.4561,-573.4049,-0.6866
Ru26Ni14Co13Fe35Cu12,6,5,2,bridge,Ni-Ru,hcp,Co-Ni-Ru,0.7,0.012,-569.4561,-573.5775,-0.8592
Ru26Ni14Co13Fe35Cu12,6,5,3,bridge,Co-Ni,fcc,Co-Co-Ni,0.671,0.154,-569.4561,-573.4543,-0.736
Ru26Ni14Co13Fe35Cu12,6,5,4,top,Co,hcp,Co-Co-Fe,0.702,0.299,-569.4561,-573.4591,-0.7408
Ru26Ni14Co13Fe35Cu12,6,5,5,bridge,Fe-Fe,hcp,Fe-Fe-Fe,0.659,0.067,-569.4561,-573.3945,-0.6762
Ru26Ni14Co13Fe35Cu12,6,5,6,fcc,Cu-Ni-Ni,fcc,Cu-Ni-Ni,0.616,0.113,-569.4561,-573.2635,-0.5452
Ru26Ni14Co13Fe35Cu12,6,5,7,bridge,Fe-Ni,bridge,Fe-Ni,0.853,0.029,-569.4561,-573.2268,-0.5085
Ru26Ni14Co13Fe35Cu12,6,5,8,top,Ru,fcc,Fe-Ni-Ru,0.674,0.332,-569.4561,-573.4657,-0.7474
Ru26Ni14Co13Fe35Cu12,6,5,9,hcp,Co-Cu-Ni,hcp,Co-Cu-Ni,0.552,0.099,-569.4561,-573.3748,-0.6565
Ru26Ni14Co13Fe35Cu12,6,6,0,top,Ni,bridge,Co-Ni,0.426,0.819,-570.038,-573.9914,-0.6912
Ru26Ni14Co13Fe35Cu12,6,6,1,top,Co,bridge,Co-Ni,0.42,0.821,-570.038,-573.9914,-0.6911
Ru26Ni14Co13Fe35Cu12,6,6,2,hcp,Co-Cu-Ni,hcp,Co-Cu-Ni,0.623,0.159,-570.038,-573.919,-0.6188
Ru26Ni14Co13Fe35Cu12,6,6,3,bridge,Co-Ni,bridge,Co-Ni,0.424,0.823,-570.038,-573.9914,-0.6912
Ru26Ni14Co13Fe35Cu12,6,6,4,bridge,Co-Cu,hcp,Co-Cu-Ni,0.626,0.163,-570.038,-573.919,-0.6188
Ru26Ni14Co13Fe35Cu12,6,6,5,fcc,Co-Cu-Ni,bridge,Co-Ni,0.425,0.82,-570.038,-573.9914,-0.6912
Ru26Ni14Co13Fe35Cu12,6,6,6,bridge,Cu-Ni,bridge,Cu-Ni,0.812,0.124,-570.038,-573.7886,-0.4883
Ru26Ni14Co13Fe35Cu12,6,6,7,top,Cu,fcc,Co-Cu-Ni,0.42,0.896,-570.038,-573.9191,-0.6188
Ru26Ni14Co13Fe35Cu12,6,6,8,fcc,Cu-Ni-Ni,bridge,Cu-Ni,0.811,0.125,-570.038,-573.7886,-0.4884
Ru26Ni14Co13Fe35Cu12,6,6,9,bridge,Cu-Ni,hcp,Co-Cu-Ni,0.624,0.158,-570.038,-573.919,-0.6188
Ru26Ni14Co13Fe35Cu12,6,7,0,top,Ru,hcp,Cu-Fe-Ru,0.941,0.329,-570.6589,-574.7206,-0.7995
Ru26Ni14Co13Fe35Cu12,6,7,1,bridge,Cu-Ru,hcp,Cu-Fe-Ru,0.924,0.354,-570.6589,-574.7069,-0.7858
Ru26Ni14Co13Fe35Cu12,6,7,2,fcc,Fe-Ni-Ru,fcc,Fe-Ni-Ru,0.954,0.351,-570.6589,-574.7938,-0.8727
Ru26Ni14Co13Fe35Cu12,6,7,3,bridge,Co-Cu,fcc,Co-Cu-Ni,0.674,0.092,-570.6589,-574.513,-0.5919
Ru26Ni14Co13Fe35Cu12,6,7,4,bridge,Co-Fe,fcc,Co-Fe-Fe,0.867,0.267,-570.6589,-574.5072,-0.586
Ru26Ni14Co13Fe35Cu12,6,7,5,bridge,Co-Fe,fcc,Co-Fe-Fe,0.863,0.26,-570.6589,-574.5071,-0.586
Ru26Ni14Co13Fe35Cu12,6,7,6,hcp,Cu-Fe-Ni,hcp,Cu-Fe-Ni,0.724,0.087,-570.6589,-574.4553,-0.5342
Ru26Ni14Co13Fe35Cu12,6,7,7,hcp,Cu-Cu-Fe,hcp,Cu-Cu-Fe,0.723,0.09,-570.6589,-574.3872,-0.466
Ru26Ni14Co13Fe35Cu12,6,7,8,top,Fe,hcp,Fe-Fe-Ru,0.935,0.307,-570.6589,-574.7675,-0.8464
Ru26Ni14Co13Fe35Cu12,6,7,9,bridge,Fe-Ni,hcp,Fe-Fe-Ni,0.803,0.173,-570.6589,-574.4807,-0.5596
Ru26Ni14Co13Fe35Cu12,6,8,0,fcc,Fe-Fe-Ru,fcc,Fe-Fe-Ru,1.01,0.333,-569.8292,-573.9056,-0.8141
Ru26Ni14Co13Fe35Cu12,6,8,1,top,Fe,bridge,Ni-Ru,0.912,0.067,-569.8292,-574.0507,-0.9593
Ru26Ni14Co13Fe35Cu12,6,8,2,bridge,Fe-Ru,bridge,Ni-Ru,0.901,0.232,-569.8292,-574.0533,-0.9618
Ru26Ni14Co13Fe35Cu12,6,8,3,bridge,Fe-Ni,hcp,Fe-Fe-Ni,0.805,0.129,-569.8292,-573.6802,-0.5887
Ru26Ni14Co13Fe35Cu12,6,8,4,bridge,Cu-Ru,hcp,Cu-Ni-Ru,0.72,0.14,-569.8292,-573.8566,-0.7652
Ru26Ni14Co13Fe35Cu12,6,8,5,top,Cu,fcc,Fe-Fe-Ni,0.82,0.097,-569.8292,-573.7279,-0.6365
Ru26Ni14Co13Fe35Cu12,6,8,6,bridge,Cu-Fe,fcc,Cu-Fe-Fe,0.838,0.176,-569.8292,-573.6425,-0.5511
Ru26Ni14Co13Fe35Cu12,6,8,7,bridge,Ni-Ru,bridge,Ni-Ru,0.91,0.06,-569.8292,-574.0507,-0.9593
Ru26Ni14Co13Fe35Cu12,6,8,8,fcc,Fe-Fe-Ru,fcc,Fe-Fe-Ru,1.032,0.351,-569.8292,-574.0495,-0.958
Ru26Ni14Co13Fe35Cu12,6,8,9,hcp,Ru-Ru-Ru,bridge,Ru-Ru,0.995,0.374,-569.8292,-573.9664,-0.875
Ru26Ni14Co13Fe35Cu12,6,9,0,bridge,Ni-Ni,hcp,Fe-Ni-Ni,0.711,0.105,-571.0637,-574.9574,-0.6314
Ru26Ni14Co13Fe35Cu12,6,9,1,fcc,Cu-Ru-Ru,hcp,Fe-Ru-Ru,0.974,0.287,-571.0637,-575.1751,-0.8492
Ru26Ni14Co13Fe35Cu12,6,9,2,bridge,Cu-Fe,fcc,Co-Cu-Fe,0.812,0.187,-571.0637,-574.9066,-0.5807
Ru26Ni14Co13Fe35Cu12,6,9,3,hcp,Cu-Fe-Ni,hcp,Cu-Fe-Ni,0.81,0.076,-571.0637,-574.9414,-0.6154
Ru26Ni14Co13Fe35Cu12,6,9,4,bridge,Cu-Ru,fcc,Cu-Fe-Ru,0.877,0.228,-571.0637,-575.0377,-0.7117
Ru26Ni14Co13Fe35Cu12,6,9,5,fcc,Cu-Fe-Ni,fcc,Cu-Fe-Ni,0.726,0.061,-571.0637,-574.8729,-0.547
Ru26Ni14Co13Fe35Cu12,6,9,6,top,Ru,hcp,Cu-Cu-Ru,0.859,0.23,-571.0637,-574.883,-0.5571
Ru26Ni14Co13Fe35Cu12,6,9,7,bridge,Fe-Ru,hcp,Fe-Ru-Ru,0.972,0.284,-571.0637,-575.1751,-0.8492
Ru26Ni14Co13Fe35Cu12,6,9,8,bridge,Cu-Ru,hcp,Fe-Ru-Ru,0.97,0.287,-571.0637,-575.1751,-0.8491
Ru26Ni14Co13Fe35Cu12,6,9,9,top,Fe,fcc,Fe-Ni-Ru,0.903,0.16,-571.0637,-575.1371,-0.8111
Ru42Ni35Co9Fe10Cu5,7,0,0,fcc,Co-Ni-Ru,hcp,Ni-Ni-Ru,0.464,0.11,-564.3652,-568.4726,-0.8452
Ru42Ni35Co9Fe10Cu5,7,0,1,top,Ni,fcc,Co-Ni-Ni,0.408,0.014,-564.3652,-568.2419,-0.6145
Ru42Ni35Co9Fe10Cu5,7,0,2,bridge,Ni-Ru,hcp,Ni-Ni-Ru,0.465,0.111,-564.3652,-568.4726,-0.8452
Ru42Ni35Co9Fe10Cu5,7,0,3,top,Ru,fcc,Ni-Ru-Ru,0.462,0.098,-564.3652,-568.4585,-0.8311
Ru42Ni35Co9Fe10Cu5,7,0,4,bridge,Ni-Ru,hcp,Ni-Ni-Ru,0.692,0.208,-564.3652,-568.4298,-0.8024
Ru42Ni35Co9Fe10Cu5,7,0,5,hcp,Ni-Ru-Ru,hcp,Ni-Ru-Ru,0.484,0.186,-564.3652,-568.4347,-0.8073
Ru42Ni35Co9Fe10Cu5,7,0,6,bridge,Ni-Ru,hcp,Ni-Ni-Ru,0.462,0.112,-564.3652,-568.4725,-0.8451
Ru42Ni35Co9Fe10Cu5,7,0,7,bridge,Ru-Ru,bridge,Ru-Ru,0.627,0.063,-564.3652,-568.4333,-0.8059
Ru42Ni35Co9Fe10Cu5,7,0,8,fcc,Co-Ni-Ru,fcc,Co-Ni-Ru,0.468,0.142,-564.3652,-568.3878,-0.7604
Ru42Ni35Co9Fe10Cu5,7,0,9,bridge,Ru-Ru,hcp,Ni-Ru-Ru,0.44,0.095,-564.3652,-568.4935,-0.8661
Ru42Ni35Co9Fe10Cu5,7,1,0,top,Ni,hcp,Co-Fe-Ni,0.849,0.279,-561.8675,-565.7506,-0.6208
Ru42Ni35Co9Fe10Cu5,7,1,1,bridge,Co-Ni,hcp,Co-Co-Ni,0.662,0.107,-561.8675,-565.7734,-0.6436
Ru42Ni35Co9Fe10Cu5,7,1,2,bridge,Fe-Ru,bridge,Ni-Ru,0.816,0.357,-561.8675,-565.991,-0.8612
Ru42Ni35Co9Fe10Cu5,7,1,3,hcp,Co-Fe-Ni,hcp,Co-Fe-Ni,0.64,0.208,-561.8675,-565.6625,-0.5328
Ru42Ni35Co9Fe10Cu5,7,1,4,fcc,Co-Fe-Ru,bridge,Ru-Ru,0.776,0.308,-561.8675,-565.9518,-0.8221
Ru42Ni35Co9Fe10Cu5,7,1,5,bridge,Co-Ru,bridge,Ru-Ru,0.775,0.327,-561.8675,-565.9852,-0.8555
Ru42Ni35Co9Fe10Cu5,7,1,6,bridge,Fe-Fe,fcc,Fe-Fe-Ni,0.93,0.139,-561.8675,-565.7448,-0.6151
Ru42Ni35Co9Fe10Cu5,7,1,7,top,Co,fcc,Co-Ni-Ni,0.677,0.122,-561.8675,-565.7071,-0.5774
Ru42Ni35Co9Fe10Cu5,7,1,8,fcc,Ru-Ru-Ru,fcc,Ru-Ru-Ru,0.778,0.375,-561.8675,-565.9945,-0.8648
Ru42Ni35Co9Fe10Cu5,7,1,9,bridge,Co-Ru,bridge,Co-Ru,0.908,0.28,-561.8675,-565.9052,-0.7754
Ru42Ni35Co9Fe10Cu5,7,2,0,bridge,Ni-Ru,hcp,Ni-Ru-Ru,0.653,0.342,-565.9502,-570.048,-0.8356
Ru42Ni35Co9Fe10Cu5,7,2,1,bridge,Ni-Ru,hcp,Fe-Ni-Ru,0.571,0.238,-565.9502,-570.0991,-0.8867
Ru42Ni35Co9Fe10Cu5,7,2,2,hcp,Ni-Ni-Ru,hcp,Ni-Ni-Ru,0.58,0.082,-565.9502,-569.9835,-0.771
Ru42Ni35Co9Fe10Cu5,7,2,3,hcp,Ni-Ni-Ni,hcp,Ni-Ni-Ni,0.338,0.069,-565.9502,-569.7217,-0.5092
Ru42Ni35Co9Fe10Cu5,7,2,4,fcc,Ni-Ni-Ru,fcc,Ni-Ni-Ru,0.443,0.047,-565.9502,-569.9676,-0.7552
Ru42Ni35Co9Fe10Cu5,7,2,5,bridge,Ni-Ru,fcc,Ni-Ru-Ru,0.694,0.175,-565.9502,-570.1055,-0.8931
Ru42Ni35Co9Fe10Cu5,7,2,6,top,Ru,hcp,Ni-Ru-Ru,0.651,0.339,-565.9502,-570.048,-0.8356
Ru42Ni35Co9Fe10Cu5,7,2,7,top,Ru,hcp,Ni-Ru-Ru,0.654,0.344,-565.9502,-570.048,-0.8356
Ru42Ni35Co9Fe10Cu5,7,2,8,bridge,Ru-Ru,fcc,Ni-Ru-Ru,0.696,0.181,-565.9502,-570.1056,-0.8932
Ru42Ni35Co9Fe10Cu5,7,2,9,bridge,Ru-Ru,bridge,Ru-Ru,0.652,0.003,-565.9502,-569.975,-0.7625
Ru42Ni35Co9Fe10Cu5,7,3,0,top,Ni,hcp,Ni-Ni-Ru,0.814,0.078,-566.0806,-570.1827,-0.8398
Ru42Ni35Co9Fe10Cu5,7,3,1,bridge,Ni-Ni,fcc,Ni-Ni-Ru,0.84,0.019,-566.0806,-570.1464,-0.8035
Ru42Ni35Co9Fe10Cu5,7,3,2,hcp,Cu-Ni-Ru,hcp,Cu-Ni-Ru,0.788,0.084,-566.0806,-570.1009,-0.758
Ru42Ni35Co9Fe10Cu5,7,3,3,fcc,Ni-Ni-Ni,fcc,Ni-Ni-Ni,0.731,0.014,-566.0806,-569.8907,-0.5478
Ru42Ni35Co9Fe10Cu5,7,3,4,bridge,Ni-Ni,hcp,Ni-Ni-Ru,0.812,0.076,-566.0806,-570.1827,-0.8398
Ru42Ni35Co9Fe10Cu5,7,3,5,bridge,Ru-Ru,hcp,Ni-Ru-Ru,0.88,0.161,-566.0806,-570.2598,-0.9169
Ru42Ni35Co9Fe10Cu5,7,3,6,fcc,Co-Ni-Ru,hcp,Ni-Ru-Ru,0.826,0.056,-566.0806,-570.2729,-0.93
Ru42Ni35Co9Fe10Cu5,7,3,7,bridge,Ni-Ru,fcc,Ni-Ni-Ru,0.84,0.016,-566.0806,-570.1464,-0.8035
Ru42Ni35Co9Fe10Cu5,7,3,8,bridge,Ru-Ru,hcp,Ni-Ru-Ru,0.827,0.053,-566.0806,-570.2729,-0.93
Ru42Ni35Co9Fe10Cu5,7,3,9,top,Co,bridge,Co-Ru,0.928,0.109,-566.0806,-570.026,-0.6831
Ru42Ni35Co9Fe10Cu5,7,4,0,hcp,Ru-Ru-Ru,bridge,Ru-Ru,0.397,0.365,-566.1328,-570.3454,-0.9503
Ru42Ni35Co9Fe10Cu5,7,4,1,top,Ru,fcc,Ni-Ni-Ru,0.346,0.299,-566.1328,-570.166,-0.7709
Ru42Ni35Co9Fe10Cu5,7,4,2,bridge,Co-Ru,bridge,Ru-Ru,0.662,0.289,-566.1328,-570.324,-0.929
Ru42Ni35Co9Fe10Cu5,7,4,3,bridge,Ni-Ru,bridge,Ru-Ru,0.582,0.263,-566.1328,-570.3213,-0.9262
Ru42Ni35Co9Fe10Cu5,7,4,4,bridge,Co-Ni,hcp,Co-Ni-Ru,0.311,0.103,-566.1328,-570.1096,-0.7145
Ru42Ni35Co9Fe10Cu5,7,4,5,hcp,Ni-Ni-Ru,hcp,Ni-Ni-Ru,0.17,0.095,-566.1328,-570.1949,-0.7998
Ru42Ni35Co9Fe10Cu5,7,4,6,fcc,Co-Ru-Ru,hcp,Ni-Ru-Ru,0.371,0.278,-566.1328,-570.3342,-0.9391
Ru42Ni35Co9Fe10Cu5,7,4,7,bridge,Ni-Ru,hcp,Ni-Ru-Ru,0.44,0.123,-566.1328,-570.2984,-0.9033
Ru42Ni35Co9Fe10Cu5,7,4,8,bridge,Co-Cu,hcp,Co-Cu-Ru,0.259,0.022,-566.1328,-570.1638,-0.7688
Ru42Ni35Co9Fe10Cu5,7,4,9,top,Ru,fcc,Ni-Ru-Ru,0.508,0.274,-566.1328,-570.2669,-0.8719
Ru42Ni35Co9Fe10Cu5,7,5,0,bridge,Ni-Ru,bridge,Ni-Ru,0.29,0.382,-565.5542,-569.571,-0.7546
Ru42Ni35Co9Fe10Cu5,7,5,1,top,Ni,fcc,Fe-Fe-Ni,0.608,0.282,-565.5542,-569.3273,-0.5108
Ru42Ni35Co9Fe10Cu5,7,5,2,fcc,Fe-Ni-Ni,fcc,Fe-Ni-Ni,0.457,0.209,-565.5542,-569.3164,-0.4999
Ru42Ni35Co9Fe10Cu5,7,5,3,top,Ni,hcp,Fe-Ni-Ni,0.701,0.285,-565.5542,-569.3487,-0.5323
Ru42Ni35Co9Fe10Cu5,7,5,4,bridge,Fe-Ni,bridge,Ni-Ru,0.741,0.393,-565.5542,-569.5832,-0.7668
Ru42Ni35Co9Fe10Cu5,7,5,5,bridge,Ru-Ru,fcc,Fe-Ru-Ru,0.658,0.29,-565.5542,-569.8045,-0.9881
Ru42Ni35Co9Fe10Cu5,7,5,6,bridge,Ni-Ru,fcc,Ni-Ni-Ru,0.515,0.311,-565.5542,-569.5081,-0.6916
Ru42Ni35Co9Fe10Cu5,7,5,7,hcp,Fe-Ni-Ru,fcc,Ni-Ru-Ru,0.482,0.369,-565.5542,-569.7853,-0.9688
Ru42Ni35Co9Fe10Cu5,7,5,8,hcp,Ni-Ru-Ru,bridge,Ru-Ru,0.312,0.286,-565.5542,-569.6291,-0.8127
Ru42Ni35Co9Fe10Cu5,7,5,9,bridge,Fe-Ru,fcc,Fe-Ni-Ru,0.697,0.381,-565.5542,-569.6219,-0.8055
Ru42Ni35Co9Fe10Cu5,7,6,0,bridge,Ni-Ru,fcc,Ni-Ru-Ru,0.555,0.28,-569.227,-573.3548,-0.8655
Ru42Ni35Co9Fe10Cu5,7,6,1,bridge,Ni-Ru,bridge,Ni-Ru,0.218,0.328,-569.227,-573.2413,-0.752
Ru42Ni35Co9Fe10Cu5,7,6,2,hcp,Ni-Ru-Ru,hcp,Ni-Ru-Ru,0.23,0.358,-569.227,-573.3579,-0.8687
Ru42Ni35Co9Fe10Cu5,7,6,3,bridge,Ni-Ru,bridge,Ru-Ru,0.905,0.383,-569.227,-573.4455,-0.9562
Ru42Ni35Co9Fe10Cu5,7,6,4,bridge,Ru-Ru,fcc,Ru-Ru-Ru,0.468,0.243,-569.227,-573.357,-0.8677
Ru42Ni35Co9Fe10Cu5,7,6,5,fcc,Fe-Ni-Ru,hcp,Ni-Ru-Ru,0.027,0.138,-569.227,-573.3883,-0.8991
Ru42Ni35Co9Fe10Cu5,7,6,6,top,Ru,bridge,Ru-Ru,0.905,0.381,-569.227,-573.4455,-0.9562
Ru42Ni35Co9Fe10Cu5,7,6,7,top,Ru,bridge,Ru-Ru,0.595,0.426,-569.227,-573.2144,-0.7251
Ru42Ni35Co9Fe10Cu5,7,6,8,bridge,Ni-Ru,bridge,Ni-Ru,0.358,0.06,-569.227,-573.177,-0.6878
Ru42Ni35Co9Fe10Cu5,7,6,9,hcp,Ni-Ru-Ru,hcp,Ni-Ru-Ru,0.435,0.227,-569.227,-573.4482,-0.9589
Ru42Ni35Co9Fe10Cu5,7,7,0,hcp,Ni-Ni-Ni,hcp,Ni-Ni-Ni,0.217,0.129,-566.1974,-569.932,-0.4724
Ru42Ni35Co9Fe10Cu5,7,7,1,bridge,Ni-Ru,hcp,Ni-Ni-Ru,0.404,0.297,-566.1974,-570.2591,-0.7995
Ru42Ni35Co9Fe10Cu5,7,7,2,bridge,Ni-Ru,fcc,Ni-Ni-Ru,0.617,0.235,-566.1974,-570.2559,-0.7963
Ru42Ni35Co9Fe10Cu5,7,7,3,bridge,Ni-Ru,bridge,Ni-Ru,0.462,0.008,-566.1974,-570.0913,-0.6317
Ru42Ni35Co9Fe10Cu5,7,7,4,fcc,Ni-Ni-Ru,fcc,Ni-Ni-Ru,0.265,0.057,-566.1974,-570.2374,-0.7777
Ru42Ni35Co9Fe10Cu5,7,7,5,top,Ru,fcc,Ni-Ni-Ru,0.623,0.24,-566.1974,-570.2559,-0.7963
Ru42Ni35Co9Fe10Cu5,7,7,6,hcp,Ni-Ni-Ru,hcp,Ni-Ni-Ru,0.409,0.302,-566.1974,-570.2591,-0.7995
Ru42Ni35Co9Fe10Cu5,7,7,7,bridge,Ni-Ru,fcc,Ni-Ru-Ru,0.404,0.133,-566.1974,-570.3868,-0.9271
Ru42Ni35Co9Fe10Cu5,7,7,8,bridge,Ru-Ru,hcp,Ni-Ru-Ru,0.293,0.099,-566.1974,-570.3504,-0.8907
Ru42Ni35Co9Fe10Cu5,7,7,9,top,Ru,fcc,Ni-Ru-Ru,0.658,0.275,-566.1974,-570.3552,-0.8955
Ru42Ni35Co9Fe10Cu5,7,8,0,top,Ru,fcc,Ni-Ru-Ru,0.511,0.314,-566.1786,-570.365,-0.9241
Ru42Ni35Co9Fe10Cu5,7,8,1,bridge,Cu-Fe,fcc,Fe-Ni-Ru,0.529,0.306,-566.1786,-570.3919,-0.951
Ru42Ni35Co9Fe10Cu5,7,8,2,bridge,Ni-Ru,fcc,Ni-Ni-Ru,0.517,0.318,-566.1786,-570.1664,-0.7256
Ru42Ni35Co9Fe10Cu5,7,8,3,hcp,Co-Ru-Ru,bridge,Ru-Ru,0.156,0.179,-566.1786,-570.3903,-0.9494
Ru42Ni35Co9Fe10Cu5,7,8,4,bridge,Ru-Ru,hcp,Fe-Ru-Ru,0.383,0.371,-566.1786,-570.4001,-0.9592
Ru42Ni35Co9Fe10Cu5,7,8,5,fcc,Co-Ni-Ru,fcc,Co-Ni-Ru,0.208,0.248,-566.1786,-570.1456,-0.7047
Ru42Ni35Co9Fe10Cu5,7,8,6,bridge,Ni-Ru,hcp,Ni-Ru-Ru,0.229,0.104,-566.1786,-570.4415,-1.0006
Ru42Ni35Co9Fe10Cu5,7,8,7,top,Ni,hcp,Fe-Ni-Ni,0.548,0.132,-566.1786,-570.0584,-0.6175
Ru42Ni35Co9Fe10Cu5,7,8,8,hcp,Fe-Ni-Ni,hcp,Fe-Ni-Ni,0.548,0.132,-566.1786,-570.0584,-0.6175
Ru42Ni35Co9Fe10Cu5,7,8,9,bridge,Fe-Ru,fcc,Fe-Ni-Ru,0.529,0.307,-566.1786,-570.3919,-0.951
Ru42Ni35Co9Fe10Cu5,7,9,0,top,Ni,hcp,Fe-Fe-Ni,0.836,0.129,-565.6328,-569.3476,-0.4526
Ru42Ni35Co9Fe10Cu5,7,9,1,bridge,Co-Ru,bridge,Ru-Ru,0.691,0.177,-565.6328,-569.8017,-0.9066
Ru42Ni35Co9Fe10Cu5,7,9,2,bridge,Co-Ni,bridge,Co-Ni,0.617,0.107,-565.6328,-569.3753,-0.4802
Ru42Ni35Co9Fe10Cu5,7,9,3,bridge,Ni-Ni,hcp,Ni-Ni-Ru,0.506,0.099,-565.6328,-569.7874,-0.8923
Ru42Ni35Co9Fe10Cu5,7,9,4,fcc,Fe-Ru-Ru,hcp,Ni-Ru-Ru,0.559,0.101,-565.6328,-569.8093,-0.9142
Ru42Ni35Co9Fe10Cu5,7,9,5,fcc,Ni-Ru-Ru,bridge,Ru-Ru,0.672,0.234,-565.6328,-569.7979,-0.9028
Ru42Ni35Co9Fe10Cu5,7,9,6,top,Co,fcc,Co-Ni-Ni,0.467,0.074,-565.6328,-569.476,-0.581
Ru42Ni35Co9Fe10Cu5,7,9,7,bridge,Fe-Ni,hcp,Fe-Ni-Ni,0.554,0.311,-565.6328,-569.4937,-0.5986
Ru42Ni35Co9Fe10Cu5,7,9,8,hcp,Fe-Ru-Ru,bridge,Ru-Ru,0.695,0.099,-565.6328,-569.7986,-0.9036
Ru42Ni35Co9Fe10Cu5,7,9,9,bridge,Ni-Ni,fcc,Ni-Ni-Ru,0.439,0.011,-565.6328,-569.6789,-0.7838
Ru32Ni16Co23Fe21Cu7,8,0,0,bridge,Fe-Ru,bridge,Ru-Ru,0.482,0.281,-575.4688,-579.7068,-0.9757
Ru32Ni16Co23Fe21Cu7,8,0,1,top,Fe,fcc,Fe-Fe-Ru,0.626,0.23,-575.4688,-579.6349,-0.9039
Ru32Ni16Co23Fe21Cu7,8,0,2,bridge,Fe-Ni,hcp,Fe-Ni-Ru,0.5,0.257,-575.4688,-579.6101,-0.879
Ru32Ni16Co23Fe21Cu7,8,0,3,hcp,Ni-Ru-Ru,hcp,Ni-Ru-Ru,0.447,0.226,-575.4688,-579.7438,-1.0127
Ru32Ni16Co23Fe21Cu7,8,0,4,top,Co,hcp,Co-Ru-Ru,0.839,0.418,-575.4688,-579.5586,-0.8276
Ru32Ni16Co23Fe21Cu7,8,0,5,bridge,Co-Ru,fcc,Fe-Fe-Ru,0.63,0.232,-575.4688,-579.6349,-0.9039
Ru32Ni16Co23Fe21Cu7,8,0,6,hcp,Fe-Ru-Ru,bridge,Ru-Ru,0.48,0.302,-575.4688,-579.7069,-0.9758
Ru32Ni16Co23Fe21Cu7,8,0,7,bridge,Ru-Ru,hcp,Ru-Ru-Ru,0.521,0.37,-575.4688,-579.6069,-0.8758
Ru32Ni16Co23Fe21Cu7,8,0,8,fcc,Ni-Ni-Ru,fcc,Ni-Ni-Ru,0.398,0.157,-575.4688,-579.5012,-0.7702
Ru32Ni16Co23Fe21Cu7,8,0,9,bridge,Co-Co,hcp,Co-Co-Ru,0.676,0.401,-575.4688,-579.5379,-0.8068
Ru32Ni16Co23Fe21Cu7,8,1,0,bridge,Fe-Ru,bridge,Fe-Ru,0.819,0.31,-576.7196,-580.7727,-0.7909
Ru32Ni16Co23Fe21Cu7,8,1,1,bridge,Ni-Ru,fcc,Fe-Ni-Ru,0.7,0.351,-576.7196,-580.79,-0.8081
Ru32Ni16Co23Fe21Cu7,8,1,2,bridge,Fe-Ru,hcp,Fe-Ru-Ru,0.865,0.362,-576.7196,-580.9459,-0.9641
Ru32Ni16Co23Fe21Cu7,8,1,3,top,Ru,hcp,Fe-Fe-Ru,0.933,0.263,-576.7196,-580.9066,-0.9248
Ru32Ni16Co23Fe21Cu7,8,1,4,fcc,Co-Ni-Ru,hcp,Co-Ni-Ru,0.852,0.141,-576.7196,-580.8723,-0.8904
Ru32Ni16Co23Fe21Cu7,8,1,5,bridge,Co-Ru,bridge,Co-Ru,0.72,0.05,-576.7196,-580.6806,-0.6987
Ru32Ni16Co23Fe21Cu7,8,1,6,fcc,Co-Ru-Ru,hcp,Fe-Ru-Ru,0.865,0.366,-576.7196,-580.9459,-0.9641
Ru32Ni16Co23Fe21Cu7,8,1,7,bridge,Co-Ni,hcp,Co-Ni-Ru,0.871,0.196,-576.7196,-580.8727,-0.8908
Ru32Ni16Co23Fe21Cu7,8,1,8,top,Ni,hcp,Co-Ni-Ru,0.916,0.331,-576.7196,-580.8736,-0.8917
Ru32Ni16Co23Fe21Cu7,8,1,9,hcp,Fe-Fe-Ru,bridge,Fe-Ru,0.819,0.299,-576.7196,-580.7728,-0.791
Ru32Ni16Co23Fe21Cu7,8,2,0,hcp,Fe-Ru-Ru,hcp,Fe-Ru-Ru,0.689,0.325,-575.8768,-580.1017,-0.9626
Ru32Ni16Co23Fe21Cu7,8,2,1,bridge,Co-Ru,hcp,Co-Co-Ru,0.557,0.353,-575.8768,-579.8614,-0.7224
Ru32Ni16Co23Fe21Cu7,8,2,2,bridge,Fe-Fe,hcp,Fe-Ru-Ru,0.689,0.327,-575.8768,-580.1017,-0.9627
Ru32Ni16Co23Fe21Cu7,8,2,3,bridge,Ni-Ru,bridge,Ru-Ru,0.722,0.223,-575.8768,-580.1779,-1.0388
Ru32Ni16Co23Fe21Cu7,8,2,4,top,Co,hcp,Fe-Ru-Ru,0.689,0.327,-575.8768,-580.1017,-0.9627
Ru32Ni16Co23Fe21Cu7,8,2,5,fcc,Ru-Ru-Ru,fcc,Ru-Ru-Ru,0.725,0.218,-575.8768,-579.9655,-0.8264
Ru32Ni16Co23Fe21Cu7,8,2,6,bridge,Fe-Ru,hcp,Fe-Ru-Ru,0.645,0.285,-575.8768,-580.1875,-1.0484
Ru32Ni16Co23Fe21Cu7,8,2,7,hcp,Ni-Ru-Ru,hcp,Ni-Ru-Ru,0.653,0.175,-575.8768,-580.0225,-0.8834
Ru32Ni16Co23Fe21Cu7,8,2,8,top,Ni,bridge,Ni-Ru,0.579,0.048,-575.8768,-579.9988,-0.8597
Ru32Ni16Co23Fe21Cu7,8,2,9,bridge,Cu-Ru,hcp,Cu-Ru-Ru,0.527,0.089,-575.8768,-579.9189,-0.7798
Ru32Ni16Co23Fe21Cu7,8,3,0,bridge,Fe-Ru,hcp,Fe-Fe-Ru,0.72,0.272,-575.3963,-579.5412,-0.8827
Ru32Ni16Co23Fe21Cu7,8,3,1,fcc,Ru-Ru-Ru,bridge,Ru-Ru,0.944,0.18,-575.3963,-579.6022,-0.9437
Ru32Ni16Co23Fe21Cu7,8,3,2,bridge,Co-Ni,fcc,Co-Ni-Ru,0.74,0.164,-575.3963,-579.4055,-0.747
Ru32Ni16Co23Fe21Cu7,8,3,3,top,Co,hcp,Ni-Ru-Ru,0.784,0.142,-575.3963,-579.5085,-0.85
Ru32Ni16Co23Fe21Cu7,8,3,4,hcp,Ni-Ru-Ru,hcp,Ni-Ru-Ru,0.765,0.351,-575.3963,-579.646,-0.9875
Ru32Ni16Co23Fe21Cu7,8,3,5,bridge,Co-Ru,fcc,Co-Fe-Ru,0.553,0.33,-575.3963,-579.5064,-0.8479
Ru32Ni16Co23Fe21Cu7,8,3,6,bridge,Fe-Ni,fcc,Co-Fe-Ni,0.678,0.231,-575.3963,-579.3015,-0.643
Ru32Ni16Co23Fe21Cu7,8,3,7,bridge,Co-Ni,hcp,Co-Fe-Ru,0.578,0.329,-575.3963,-579.5709,-0.9124
Ru32Ni16Co23Fe21Cu7,8,3,8,hcp,Co-Co-Ni,hcp,Co-Co-Ni,0.541,0.201,-575.3963,-579.3007,-0.6422
Ru32Ni16Co23Fe21Cu7,8,3,9,top,Fe,bridge,Ru-Ru,0.825,0.331,-575.3963,-579.6396,-0.9811
Ru32Ni16Co23Fe21Cu7,8,4,0,fcc,Co-Cu-Ru,fcc,Co-Cu-Ru,0.758,0.143,-576.6149,-580.5474,-0.6703
Ru32Ni16Co23Fe21Cu7,8,4,1,bridge,Ni-Ru,hcp,Ni-Ru-Ru,0.734,0.019,-576.6149,-580.652,-0.7749
Ru32Ni16Co23Fe21Cu7,8,4,2,top,Co,hcp,Co-Co-Ru,0.837,0.284,-576.6149,-580.6799,-0.8028
Ru32Ni16Co23Fe21Cu7,8,4,3,bridge,Co-Ni,hcp,Co-Ni-Ru,0.651,0.017,-576.6149,-580.5506,-0.6734
Ru32Ni16Co23Fe21Cu7,8,4,4,hcp,Co-Co-Ru,hcp,Co-Co-Ru,0.835,0.278,-576.6149,-580.68,-0.8028
Ru32Ni16Co23Fe21Cu7,8,4,5,bridge,Fe-Ru,hcp,Co-Fe-Ru,0.944,0.168,-576.6149,-580.6579,-0.7807
Ru32Ni16Co23Fe21Cu7,8,4,6,bridge,Ni-Ru,bridge,Ru-Ru,0.898,0.141,-576.6149,-580.7783,-0.9012
Ru32Ni16Co23Fe21Cu7,8,4,7,top,Ru,hcp,Ru-Ru-Ru,0.898,0.304,-576.6149,-580.7372,-0.8601
Ru32Ni16Co23Fe21Cu7,8,4,8,bridge,Ru-Ru,bridge,Ru-Ru,0.979,0.012,-576.6149,-580.6527,-0.7755
Ru32Ni16Co23Fe21Cu7,8,4,9,fcc,Ru-Ru-Ru,bridge,Ru-Ru,0.94,0.133,-576.6149,-580.6529,-0.7757
Ru32Ni16Co23Fe21Cu7,8,5,0,hcp,Fe-Ni-Ru,hcp,Fe-Ni-Ru,0.993,0.324,-574.9921,-579.1905,-0.9362
Ru32Ni16Co23Fe21Cu7,8,5,1,fcc,Cu-Fe-Ru,fcc,Cu-Fe-Ru,1.025,0.33,-574.9921,-579.1239,-0.8696
Ru32Ni16Co23Fe21Cu7,8,5,2,top,Ni,bridge,Ni-Ru,0.847,0.13,-574.9921,-578.9998,-0.7454
Ru32Ni16Co23Fe21Cu7,8,5,3,top,Cu,hcp,Cu-Fe-Ru,1.017,0.308,-574.9921,-579.2234,-0.9691
Ru32Ni16Co23Fe21Cu7,8,5,4,hcp,Co-Ni-Ni,hcp,Co-Ni-Ni,0.689,0.115,-574.9921,-578.9019,-0.6476
Ru32Ni16Co23Fe21Cu7,8,5,5,bridge,Cu-Ru,hcp,Cu-Fe-Ru,1.016,0.297,-574.9921,-579.2236,-0.9692
Ru32Ni16Co23Fe21Cu7,8,5,6,bridge,Cu-Fe,hcp,Cu-Fe-Ru,1.016,0.301,-574.9921,-579.2235,-0.9692
Ru32Ni16Co23Fe21Cu7,8,5,7,bridge,Fe-Ni,fcc,Fe-Ni-Ru,0.931,0.314,-574.9921,-579.2132,-0.9589
Ru32Ni16Co23Fe21Cu7,8,5,8,bridge,Fe-Ni,fcc,Fe-Ni-Ru,0.793,0.253,-574.9921,-579.0366,-0.7823
Ru32Ni16Co23Fe21Cu7,8,5,9,bridge,Cu-Fe,bridge,Cu-Fe,1.027,0.027,-574.9921,-578.7136,-0.4593
Ru32Ni16Co23Fe21Cu7,8,6,0,bridge,Fe-Ru,hcp,Fe-Fe-Ru,1.098,0.247,-574.8157,-579.0358,-0.9579
Ru32Ni16Co23Fe21Cu7,8,6,1,bridge,Cu-Ru,hcp,Cu-Fe-Ru,1.021,0.284,-574.8157,-578.8875,-0.8096
Ru32Ni16Co23Fe21Cu7,8,6,2,fcc,Fe-Fe-Ru,fcc,Fe-Fe-Ru,1.105,0.277,-574.8157,-578.9681,-0.8901
Ru32Ni16Co23Fe21Cu7,8,6,3,bridge,Fe-Ru,fcc,Fe-Fe-Ru,1.107,0.281,-574.8157,-578.9681,-0.8902
Ru32Ni16Co23Fe21Cu7,8,6,4,bridge,Fe-Ru,hcp,Fe-Fe-Ru,1.105,0.272,-574.8157,-578.9812,-0.9033
Ru32Ni16Co23Fe21Cu7,8,6,5,top,Ru,hcp,Fe-Ni-Ru,0.886,0.314,-574.8157,-579.0049,-0.927
Ru32Ni16Co23Fe21Cu7,8,6,6,top,Ru,hcp,Fe-Fe-Ru,1.102,0.249,-574.8157,-579.0358,-0.9579
Ru32Ni16Co23Fe21Cu7,8,6,7,hcp,Co-Fe-Ni,hcp,Co-Fe-Ni,0.782,0.277,-574.8157,-578.7343,-0.6563
Ru32Ni16Co23Fe21Cu7,8,6,8,hcp,Co-Fe-Ru,hcp,Co-Fe-Ru,0.997,0.329,-574.8157,-578.8879,-0.8099
Ru32Ni16Co23Fe21Cu7,8,6,9,bridge,Co-Ni,bridge,Co-Ru,0.985,0.305,-574.8157,-578.9782,-0.9003
Ru32Ni16Co23Fe21Cu7,8,7,0,bridge,Ru-Ru,hcp,Ni-Ru-Ru,0.677,0.267,-573.2684,-577.4824,-0.9518
Ru32Ni16Co23Fe21Cu7,8,7,1,bridge,Cu-Ni,fcc,Cu-Ni-Ru,0.569,0.039,-573.2684,-577.2418,-0.7111
Ru32Ni16Co23Fe21Cu7,8,7,2,bridge,Co-Ru,bridge,Ru-Ru,0.716,0.36,-573.2684,-577.4359,-0.9053
Ru32Ni16Co23Fe21Cu7,8,7,3,bridge,Co-Ni,hcp,Co-Ni-Ni,0.292,0.03,-573.2684,-577.1059,-0.5753
Ru32Ni16Co23Fe21Cu7,8,7,4,top,Co,bridge,Ru-Ru,0.777,0.328,-573.2684,-577.3892,-0.8586
Ru32Ni16Co23Fe21Cu7,8,7,5,top,Ru,bridge,Ni-Ru,0.904,0.274,-573.2684,-577.2915,-0.7609
Ru32Ni16Co23Fe21Cu7,8,7,6,bridge,Co-Ni,fcc,Co-Ni-Ru,0.527,0.088,-573.2684,-577.3515,-0.8208
Ru32Ni16Co23Fe21Cu7,8,7,7,fcc,Ni-Ni-Ni,fcc,Ni-Ni-Ni,0.398,0.095,-573.2684,-577.1232,-0.5926
Ru32Ni16Co23Fe21Cu7,8,7,8,hcp,Ni-Ru-Ru,hcp,Ni-Ru-Ru,0.677,0.268,-573.2684,-577.4824,-0.9518
Ru32Ni16Co23Fe21Cu7,8,7,9,fcc,Co-Ni-Ru,fcc,Co-Ni-Ru,0.809,0.153,-573.2684,-577.384,-0.8533
Ru32Ni16Co23Fe21Cu7,8,8,0,top,Ru,bridge,Ru-Ru,0.888,0.363,-576.6662,-580.9472,-1.0188
Ru32Ni16Co23Fe21Cu7,8,8,1,bridge,Co-Fe,hcp,Co-Fe-Ru,0.814,0.353,-576.6662,-580.7808,-0.8523
Ru32Ni16Co23Fe21Cu7,8,8,2,top,Cu,fcc,Co-Cu-Ru,0.731,0.075,-576.6662,-580.7131,-0.7847
Ru32Ni16Co23Fe21Cu7,8,8,3,fcc,Co-Ru-Ru,bridge,Ru-Ru,0.887,0.36,-576.6662,-580.9472,-1.0188
Ru32Ni16Co23Fe21Cu7,8,8,4,fcc,Cu-Cu-Fe,fcc,Cu-Cu-Fe,0.728,0.061,-576.6662,-580.5062,-0.5778
Ru32Ni16Co23Fe21Cu7,8,8,5,hcp,Co-Cu-Fe,hcp,Co-Cu-Fe,0.628,0.208,-576.6662,-580.4997,-0.5713
Ru32Ni16Co23Fe21Cu7,8,8,6,bridge,Co-Ni,fcc,Co-Fe-Ni,0.552,0.321,-576.6662,-580.5875,-0.659
Ru32Ni16Co23Fe21Cu7,8,8,7,bridge,Fe-Ni,fcc,Co-Fe-Ni,0.553,0.328,-576.6662,-580.5875,-0.659
Ru32Ni16Co23Fe21Cu7,8,8,8,bridge,Co-Fe,fcc,Co-Cu-Fe,0.636,0.13,-576.6662,-580.6397,-0.7113
Ru32Ni16Co23Fe21Cu7,8,8,9,bridge,Co-Ru,bridge,Ru-Ru,0.885,0.363,-576.6662,-580.9472,-1.0187
Ru32Ni16Co23Fe21Cu7,8,9,0,bridge,Fe-Ru,bridge,Ru-Ru,0.799,0.308,-575.7676,-579.8021,-0.7723
Ru32Ni16Co23Fe21Cu7,8,9,1,hcp,Fe-Ni-Ru,hcp,Fe-Ni-Ru,0.871,0.354,-575.7676,-579.864,-0.8341
Ru32Ni16Co23Fe21Cu7,8,9,2,bridge,Co-Ru,bridge,Co-Ru,0.92,0.132,-575.7676,-579.8837,-0.8539
Ru32Ni16Co23Fe21Cu7,8,9,3,top,Ru,fcc,Ni-Ru-Ru,0.929,0.252,-575.7676,-580.0251,-0.9952
Ru32Ni16Co23Fe21Cu7,8,9,4,bridge,Cu-Ru,bridge,Ru-Ru,0.864,0.24,-575.7676,-579.9249,-0.8951
Ru32Ni16Co23Fe21Cu7,8,9,5,hcp,Fe-Ni-Ni,hcp,Fe-Ni-Ni,0.627,0.093,-575.7676,-579.5887,-0.5588
Ru32Ni16Co23Fe21Cu7,8,9,6,bridge,Co-Fe,fcc,Co-Fe-Ru,1.014,0.269,-575.7676,-579.9024,-0.8725
Ru32Ni16Co23Fe21Cu7,8,9,7,fcc,Cu-Ru-Ru,bridge,Ru-Ru,0.866,0.235,-575.7676,-579.9249,-0.895
Ru32Ni16Co23Fe21Cu7,8,9,8,top,Fe,bridge,Fe-Ru,1.105,0.082,-575.7676,-579.7747,-0.7449
Ru32Ni16Co23Fe21Cu7,8,9,9,bridge,Fe-Ru,hcp,Ni-Ru-Ru,0.911,0.149,-575.7676,-579.9963,-0.9665
Ru10Ni12Co13Fe47Cu19,9,0,0,bridge,Cu-Cu,fcc,Cu-Cu-Fe,0.833,0.114,-545.8919,-549.6251,-0.4709
Ru10Ni12Co13Fe47Cu19,9,0,1,hcp,Cu-Ni-Ru,bridge,Ni-Ru,0.975,0.333,-545.8919,-549.9295,-0.7754
Ru10Ni12Co13Fe47Cu19,9,0,2,bridge,Fe-Fe,hcp,Fe-Fe-Fe,0.94,0.082,-545.8919,-549.8362,-0.682
Ru10Ni12Co13Fe47Cu19,9,0,3,bridge,Co-Fe,hcp,Fe-Fe-Ru,1.146,0.353,-545.8919,-549.9983,-0.8441
Ru10Ni12Co13Fe47Cu19,9,0,4,top,Fe,fcc,Fe-Fe-Fe,0.987,0.034,-545.8919,-549.834,-0.6799
Ru10Ni12Co13Fe47Cu19,9,0,5,bridge,Co-Fe,bridge,Co-Fe,1.025,0.087,-545.8919,-549.8131,-0.6589
Ru10Ni12Co13Fe47Cu19,9,0,6,bridge,Fe-Fe,fcc,Fe-Fe-Fe,0.988,0.052,-545.8919,-549.8341,-0.68
Ru10Ni12Co13Fe47Cu19,9,0,7,hcp,Co-Co-Fe,bridge,Co-Co,0.75,0.145,-545.8919,-549.8261,-0.672
Ru10Ni12Co13Fe47Cu19,9,0,8,fcc,Co-Fe-Fe,fcc,Co-Fe-Fe,0.908,0.325,-545.8919,-549.821,-0.6669
Ru10Ni12Co13Fe47Cu19,9,0,9,top,Fe,hcp,Co-Fe-Fe,0.973,0.258,-545.8919,-549.8685,-0.7144
Ru10Ni12Co13Fe47Cu19,9,1,0,top,Ru,fcc,Fe-Fe-Ru,1.042,0.416,-542.9496,-547.0304,-0.8186
Ru10Ni12Co13Fe47Cu19,9,1,1,bridge,Co-Fe,fcc,Co-Fe-Fe,0.987,0.309,-542.9496,-546.9549,-0.7431
Ru10Ni12Co13Fe47Cu19,9,1,2,fcc,Co-Cu-Fe,fcc,Co-Cu-Fe,0.803,0.191,-542.9496,-546.7598,-0.5479
Ru10Ni12Co13Fe47Cu19,9,1,3,bridge,Cu-Fe,fcc,Cu-Fe-Fe,0.88,0.099,-542.9496,-546.8389,-0.627
Ru10Ni12Co13Fe47Cu19,9,1,4,bridge,Fe-Fe,hcp,Fe-Fe-Fe,0.944,0.089,-542.9496,-546.8231,-0.6112
Ru10Ni12Co13Fe47Cu19,9,1,5,bridge,Co-Fe,fcc,Co-Fe-Fe,0.994,0.316,-542.9496,-546.9549,-0.743
Ru10Ni12Co13Fe47Cu19,9,1,6,bridge,Cu-Ru,hcp,Cu-Fe-Ru,0.877,0.256,-542.9496,-546.966,-0.7541
Ru10Ni12Co13Fe47Cu19,9,1,7,top,Co,fcc,Co-Fe-Fe,0.881,0.269,-542.9496,-546.8397,-0.6278
Ru10Ni12Co13Fe47Cu19,9,1,8,hcp,Co-Fe-Fe,hcp,Co-Fe-Fe,0.909,0.339,-542.9496,-546.9378,-0.726
Ru10Ni12Co13Fe47Cu19,9,1,9,hcp,Co-Fe-Fe,hcp,Co-Fe-Fe,0.903,0.267,-542.9496,-546.9265,-0.7146
Ru10Ni12Co13Fe47Cu19,9,2,0,bridge,Fe-Fe,fcc,Fe-Fe-Fe,0.922,0.04,-544.0828,-548.0065,-0.6615
Ru10Ni12Co13Fe47Cu19,9,2,1,bridge,Fe-Fe,hcp,Fe-Fe-Fe,0.927,0.089,-544.0828,-548.0126,-0.6676
Ru10Ni12Co13Fe47Cu19,9,2,2,top,Fe,hcp,Fe-Fe-Ru,1.094,0.275,-544.0828,-548.1894,-0.8444
Ru10Ni12Co13Fe47Cu19,9,2,3,bridge,Fe-Fe,hcp,Fe-Fe-Ru,1.1,0.277,-544.0828,-548.1892,-0.8442
Ru10Ni12Co13Fe47Cu19,9,2,4,bridge,Fe-Fe,fcc,Fe-Fe-Ru,1.118,0.342,-544.0828,-548.1562,-0.8111
Ru10Ni12Co13Fe47Cu19,9,2,5,fcc,Co-Fe-Ru,fcc,Co-Fe-Ru,1.065,0.352,-544.0828,-548.0585,-0.7134
Ru10Ni12Co13Fe47Cu19,9,2,6,hcp,Co-Fe-Ni,hcp,Co-Fe-Ni,0.76,0.297,-544.0828,-547.9442,-0.5992
Ru10Ni12Co13Fe47Cu19,9,2,7,top,Fe,fcc,Fe-Fe-Fe,0.931,0.032,-544.0828,-548.0047,-0.6597
Ru10Ni12Co13Fe47Cu19,9,2,8,hcp,Co-Cu-Fe,hcp,Co-Cu-Fe,0.822,0.217,-544.0828,-547.9348,-0.5898
Ru10Ni12Co13Fe47Cu19,9,2,9,bridge,Co-Ru,fcc,Co-Fe-Ru,0.986,0.346,-544.0828,-548.158,-0.8129
Ru10Ni12Co13Fe47Cu19,9,3,0,top,Ni,hcp,Cu-Ru-Ru,0.93,0.062,-546.7813,-550.7779,-0.7344
Ru10Ni12Co13Fe47Cu19,9,3,1,bridge,Fe-Fe,bridge,Fe-Ru,1.13,0.221,-546.7813,-550.8184,-0.7749
Ru10Ni12Co13Fe47Cu19,9,3,2,top,Fe,bridge,Fe-Ru,1.112,0.339,-546.7813,-550.8194,-0.7758
Ru10Ni12Co13Fe47Cu19,9,3,3,bridge,Co-Cu,bridge,Ni-Ru,1.009,0.272,-546.7813,-550.9265,-0.8829
Ru10Ni12Co13Fe47Cu19,9,3,4,hcp,Co-Cu-Fe,hcp,Co-Cu-Fe,0.738,0.18,-546.7813,-550.5195,-0.4759
Ru10Ni12Co13Fe47Cu19,9,3,5,bridge,Co-Cu,fcc,Co-Ni-Ni,0.676,0.058,-546.7813,-550.6676,-0.624
Ru10Ni12Co13Fe47Cu19,9,3,6,fcc,Co-Cu-Ni,fcc,Co-Cu-Ni,0.684,0.145,-546.7813,-550.5059,-0.4623
Ru10Ni12Co13Fe47Cu19,9,3,7,bridge,Co-Ni,hcp,Co-Ni-Ru,0.853,0.068,-546.7813,-550.8495,-0.8059
Ru10Ni12Co13Fe47Cu19,9,3,8,bridge,Ru-Ru,hcp,Fe-Ru-Ru,1.112,0.326,-546.7813,-550.7486,-0.7051
Ru10Ni12Co13Fe47Cu19,9,3,9,hcp,Fe-Fe-Ru,hcp,Fe-Fe-Ru,1.115,0.27,-546.7813,-550.7942,-0.7506
Ru10Ni12Co13Fe47Cu19,9,4,0,top,Cu,fcc,Co-Cu-Fe,0.756,0.181,-546.8229,-550.6509,-0.5658
Ru10Ni12Co13Fe47Cu19,9,4,1,top,Ru,bridge,Fe-Ru,1.079,0.239,-546.8229,-550.7488,-0.6637
Ru10Ni12Co13Fe47Cu19,9,4,2,bridge,Co-Fe,fcc,Co-Cu-Fe,0.754,0.177,-546.8229,-550.6509,-0.5658
Ru10Ni12Co13Fe47Cu19,9,4,3,bridge,Cu-Fe,bridge,Fe-Ru,1.01,0.266,-546.8229,-550.75,-0.6649
Ru10Ni12Co13Fe47Cu19,9,4,4,fcc,Cu-Fe-Fe,fcc,Cu-Fe-Fe,0.762,0.077,-546.8229,-550.6058,-0.5207
Ru10Ni12Co13Fe47Cu19,9,4,5,bridge,Co-Cu,hcp,Co-Cu-Fe,0.79,0.236,-546.8229,-550.6504,-0.5653
Ru10Ni12Co13Fe47Cu19,9,4,6,bridge,Fe-Ru,fcc,Fe-Fe-Ru,1.13,0.328,-546.8229,-550.9314,-0.8463
Ru10Ni12Co13Fe47Cu19,9,4,7,hcp,Cu-Fe-Fe,hcp,Cu-Fe-Fe,0.751,0.056,-546.8229,-550.5901,-0.505
Ru10Ni12Co13Fe47Cu19,9,4,8,bridge,Co-Fe,bridge,Co-Co,0.817,0.073,-546.8229,-550.7001,-0.615
Ru10Ni12Co13Fe47Cu19,9,4,9,fcc,Co-Cu-Fe,fcc,Co-Cu-Fe,0.811,0.166,-546.8229,-550.6224,-0.5373
Ru10Ni12Co13Fe47Cu19,9,5,0,bridge,Co-Ru,fcc,Co-Fe-Ru,1.018,0.274,-546.42,-550.4705,-0.7882
Ru10Ni12Co13Fe47Cu19,9,5,1,top,Fe,fcc,Cu-Fe-Fe,0.745,0.131,-546.42,-550.264,-0.5817
Ru10Ni12Co13Fe47Cu19,9,5,2,fcc,Cu-Fe-Ru,fcc,Cu-Fe-Ru,0.908,0.155,-546.42,-550.3923,-0.7101
Ru10Ni12Co13Fe47Cu19,9,5,3,bridge,Fe-Ru,bridge,Ru-Ru,1.033,0.32,-546.42,-550.5548,-0.8725
Ru10Ni12Co13Fe47Cu19,9,5,4,fcc,Cu-Fe-Ru,hcp,Cu-Fe-Ru,0.83,0.247,-546.42,-550.4561,-0.7739
Ru10Ni12Co13Fe47Cu19,9,5,5,bridge,Fe-Fe,fcc,Co-Fe-Fe,0.789,0.2,-546.42,-550.3594,-0.6771
Ru10Ni12Co13Fe47Cu19,9,5,6,hcp,Co-Fe-Ru,fcc,Co-Fe-Ru,1.0,0.314,-546.42,-550.4703,-0.788
Ru10Ni12Co13Fe47Cu19,9,5,7,bridge,Co-Fe,fcc,Co-Fe-Ru,1.004,0.305,-546.42,-550.4704,-0.7881
Ru10Ni12Co13Fe47Cu19,9,5,8,top,Fe,fcc,Fe-Fe-Ru,1.11,0.331,-546.42,-550.4534,-0.7712
Ru10Ni12Co13Fe47Cu19,9,5,9,bridge,Cu-Fe,hcp,Cu-Fe-Ru,0.827,0.246,-546.42,-550.4562,-0.7739
Ru10Ni12Co13Fe47Cu19,9,6,0,bridge,Co-Fe,hcp,Co-Fe-Fe,0.977,0.281,-546.1163,-550.0577,-0.6791
Ru10Ni12Co13Fe47Cu19,9,6,1,hcp,Co-Cu-Fe,hcp,Co-Cu-Fe,0.807,0.221,-546.1163,-549.868,-0.4895
Ru10Ni12Co13Fe47Cu19,9,6,2,bridge,Fe-Ru,hcp,Fe-Fe-Ru,1.121,0.378,-546.1163,-550.2029,-0.8244
Ru10Ni12Co13Fe47Cu19,9,6,3,fcc,Co-Co-Ni,fcc,Co-Co-Ni,0.67,0.063,-546.1163,-549.9238,-0.5453
Ru10Ni12Co13Fe47Cu19,9,6,4,bridge,Co-Ru,bridge,Co-Ru,0.973,0.242,-546.1163,-550.1091,-0.7305
Ru10Ni12Co13Fe47Cu19,9,6,5,bridge,Co-Co,bridge,Co-Co,0.864,0.324,-546.1163,-550.0566,-0.678
Ru10Ni12Co13Fe47Cu19,9,6,6,bridge,Cu-Fe,fcc,Cu-Fe-Fe,0.88,0.127,-546.1163,-549.942,-0.5635
Ru10Ni12Co13Fe47Cu19,9,6,7,top,Co,hcp,Co-Fe-Fe,0.976,0.278,-546.1163,-550.0577,-0.6791
Ru10Ni12Co13Fe47Cu19,9,6,8,hcp,Co-Ni-Ni,hcp,Co-Ni-Ni,0.65,0.112,-546.1163,-549.9866,-0.608
Ru10Ni12Co13Fe47Cu19,9,6,9,top,Ni,hcp,Co-Fe-Ni,0.836,0.301,-546.1163,-549.9879,-0.6093
Ru10Ni12Co13Fe47Cu19,9,7,0,bridge,Cu-Fe,hcp,Cu-Fe-Fe,0.784,0.075,-544.3749,-548.269,-0.6319
Ru10Ni12Co13Fe47Cu19,9,7,1,bridge,Co-Cu,fcc,Co-Cu-Fe,0.69,0.161,-544.3749,-548.2293,-0.5921
Ru10Ni12Co13Fe47Cu19,9,7,2,bridge,Co-Fe,fcc,Co-Fe-Fe,0.745,0.227,-544.3749,-548.2975,-0.6604
Ru10Ni12Co13Fe47Cu19,9,7,3,hcp,Cu-Fe-Fe,hcp,Cu-Fe-Fe,0.732,0.08,-544.3749,-548.2661,-0.6289
Ru10Ni12Co13Fe47Cu19,9,7,4,top,Co,fcc,Co-Fe-Fe,0.745,0.229,-544.3749,-548.2975,-0.6604
Ru10Ni12Co13Fe47Cu19,9,7,5,bridge,Co-Co,hcp,Co-Co-Ni,0.578,0.072,-544.3749,-548.3141,-0.6769
Ru10Ni12Co13Fe47Cu19,9,7,6,bridge,Cu-Fe,fcc,Cu-Fe-Fe,0.769,0.067,-544.3749,-548.1889,-0.5517
Ru10Ni12Co13Fe47Cu19,9,7,7,top,Fe,hcp,Fe-Fe-Fe,0.826,0.068,-544.3749,-548.2971,-0.66
Ru10Ni12Co13Fe47Cu19,9,7,8,fcc,Cu-Fe-Fe,fcc,Cu-Fe-Fe,0.79,0.076,-544.3749,-548.1753,-0.5382
Ru10Ni12Co13Fe47Cu19,9,7,9,hcp,Co-Fe-Fe,hcp,Co-Fe-Fe,0.801,0.267,-544.3749,-548.3119,-0.6748
Ru10Ni12Co13Fe47Cu19,9,8,0,top,Fe,hcp,Co-Fe-Ru,0.85,0.258,-547.9098,-551.8783,-0.7063
Ru10Ni12Co13Fe47Cu19,9,8,1,top,Cu,hcp,Cu-Fe-Fe,0.738,0.047,-547.9098,-551.7091,-0.537
Ru10Ni12Co13Fe47Cu19,9,8,2,bridge,Fe-Ru,bridge,Ni-Ru,0.874,0.328,-547.9098,-551.9794,-0.8073
Ru10Ni12Co13Fe47Cu19,9,8,3,bridge,Cu-Fe,fcc,Cu-Fe-Ni,0.79,0.096,-547.9098,-551.7179,-0.5459
Ru10Ni12Co13Fe47Cu19,9,8,4,hcp,Co-Fe-Ni,hcp,Co-Fe-Ni,0.692,0.184,-547.9098,-551.7824,-0.6103
Ru10Ni12Co13Fe47Cu19,9,8,5,bridge,Fe-Ru,bridge,Ni-Ru,0.867,0.345,-547.9098,-551.9795,-0.8074
Ru10Ni12Co13Fe47Cu19,9,8,6,fcc,Cu-Cu-Fe,fcc,Cu-Cu-Fe,0.696,0.026,-547.9098,-551.5823,-0.4103
Ru10Ni12Co13Fe47Cu19,9,8,7,bridge,Cu-Fe,hcp,Cu-Cu-Fe,0.731,0.049,-547.9098,-551.6258,-0.4538
Ru10Ni12Co13Fe47Cu19,9,8,8,hcp,Cu-Cu-Fe,hcp,Cu-Cu-Fe,0.736,0.055,-547.9098,-551.6259,-0.4538
Ru10Ni12Co13Fe47Cu19,9,8,9,bridge,Fe-Ni,bridge,Ni-Ru,0.87,0.332,-547.9098,-551.9794,-0.8074
Ru10Ni12Co13Fe47Cu19,9,9,0,bridge,Fe-Fe,fcc,Fe-Fe-Fe,0.916,0.07,-547.0699,-550.9757,-0.6436
Ru10Ni12Co13Fe47Cu19,9,9,1,hcp,Fe-Ru-Ru,bridge,Ru-Ru,1.141,0.185,-547.0699,-551.1014,-0.7693
Ru10Ni12Co13Fe47Cu19,9,9,2,top,Cu,hcp,Cu-Fe-Ru,0.956,0.176,-547.0699,-551.0633,-0.7312
Ru10Ni12Co13Fe47Cu19,9,9,3,hcp,Co-Co-Cu,hcp,Co-Co-Cu,0.665,0.16,-547.0699,-550.8502,-0.5181
Ru10Ni12Co13Fe47Cu19,9,9,4,bridge,Fe-Fe,fcc,Fe-Fe-Fe,0.917,0.068,-547.0699,-550.9758,-0.6437
Ru10Ni12Co13Fe47Cu19,9,9,5,bridge,Co-Fe,hcp,Co-Fe-Fe,0.887,0.28,-547.0699,-550.9713,-0.6391
Ru10Ni12Co13Fe47Cu19,9,9,6,bridge,Fe-Fe,bridge,Fe-Ru,1.16,0.321,-547.0699,-551.072,-0.7398
Ru10Ni12Co13Fe47Cu19,9,9,7,fcc,Co-Co-Ru,bridge,Co-Ru,0.943,0.374,-547.0699,-551.076,-0.7438
Ru10Ni12Co13Fe47Cu19,9,9,8,bridge,Fe-Ru,bridge,Ru-Ru,1.131,0.277,-547.0699,-551.1114,-0.7793
Ru10Ni12Co13Fe47Cu19,9,9,9,top,Fe,hcp,Co-Fe-Fe,0.793,0.205,-547.0699,-550.9996,-0.6674
Ru13Ni36Co11Fe30Cu10,10,0,0,bridge,Fe-Fe,bridge,Fe-Fe,0.981,0.01,-533.748,-537.447,-0.4368
Ru13Ni36Co11Fe30Cu10,10,0,1,bridge,Fe-Ni,hcp,Fe-Fe-Ni,0.871,0.273,-533.748,-537.6231,-0.6129
Ru13Ni36Co11Fe30Cu10,10,0,2,bridge,Co-Fe,hcp,Co-Fe-Ru,1.013,0.316,-533.748,-537.746,-0.7357
Ru13Ni36Co11Fe30Cu10,10,0,3,hcp,Cu-Ni-Ru,fcc,Fe-Ni-Ru,0.979,0.292,-533.748,-537.8568,-0.8466
Ru13Ni36Co11Fe30Cu10,10,0,4,bridge,Cu-Ru,bridge,Ru-Ru,1.101,0.274,-533.748,-537.8222,-0.8119
Ru13Ni36Co11Fe30Cu10,10,0,5,bridge,Fe-Fe,hcp,Fe-Fe-Ni,0.871,0.272,-533.748,-537.6231,-0.6128
Ru13Ni36Co11Fe30Cu10,10,0,6,top,Fe,hcp,Ni-Ru-Ru,1.029,0.112,-533.748,-537.9187,-0.9085
Ru13Ni36Co11Fe30Cu10,10,0,7,top,Fe,hcp,Fe-Fe-Ru,1.08,0.234,-533.748,-537.847,-0.8368
Ru13Ni36Co11Fe30Cu10,10,0,8,fcc,Cu-Ni-Ni,fcc,Cu-Ni-Ni,0.718,0.092,-533.748,-537.496,-0.4857
Ru13Ni36Co11Fe30Cu10,10,0,9,fcc,Co-Fe-Ru,bridge,Co-Ru,1.035,0.292,-533.748,-537.7589,-0.7486
Ru13Ni36Co11Fe30Cu10,10,1,0,fcc,Cu-Fe-Ru,fcc,Cu-Fe-Ru,0.983,0.327,-532.5603,-536.4527,-0.6301
Ru13Ni36Co11Fe30Cu10,10,1,1,bridge,Co-Cu,hcp,Co-Cu-Fe,0.841,0.183,-532.5603,-536.3578,-0.5352
Ru13Ni36Co11Fe30Cu10,10,1,2,bridge,Co-Ni,hcp,Co-Co-Ni,0.669,0.063,-532.5603,-536.4244,-0.6019
Ru13Ni36Co11Fe30Cu10,10,1,3,bridge,Fe-Fe,fcc,Fe-Fe-Fe,0.954,0.064,-532.5603,-536.4082,-0.5857
Ru13Ni36Co11Fe30Cu10,10,1,4,bridge,Fe-Fe,fcc,Fe-Fe-Fe,0.959,0.079,-532.5603,-536.4082,-0.5857
Ru13Ni36Co11Fe30Cu10,10,1,5,hcp,Cu-Fe-Fe,hcp,Cu-Fe-Fe,0.909,0.052,-532.5603,-536.3911,-0.5686
Ru13Ni36Co11Fe30Cu10,10,1,6,bridge,Co-Ni,fcc,Co-Fe-Ni,0.793,0.184,-532.5603,-536.441,-0.6185
Ru13Ni36Co11Fe30Cu10,10,1,7,fcc,Co-Cu-Ni,fcc,Co-Cu-Ni,0.748,0.095,-532.5603,-536.3701,-0.5475
Ru13Ni36Co11Fe30Cu10,10,1,8,top,Cu,fcc,Co-Cu-Fe,0.808,0.134,-532.5603,-536.2761,-0.4536
Ru13Ni36Co11Fe30Cu10,10,1,9,top,Ni,hcp,Co-Fe-Fe,0.904,0.276,-532.5603,-536.3888,-0.5662
Ru13Ni36Co11Fe30Cu10,10,2,0,top,Fe,hcp,Fe-Fe-Ni,0.746,0.129,-532.4878,-536.3747,-0.6246
Ru13Ni36Co11Fe30Cu10,10,2,1,bridge,Fe-Ru,hcp,Fe-Ni-Ru,0.965,0.346,-532.4878,-536.5854,-0.8354
Ru13Ni36Co11Fe30Cu10,10,2,2,bridge,Fe-Ni,hcp,Fe-Fe-Ni,0.802,0.106,-532.4878,-536.4314,-0.6814
Ru13Ni36Co11Fe30Cu10,10,2,3,bridge,Fe-Fe,hcp,Fe-Fe-Ru,1.048,0.323,-532.4878,-536.5469,-0.7968
Ru13Ni36Co11Fe30Cu10,10,2,4,fcc,Fe-Fe-Ni,fcc,Fe-Fe-Ni,0.833,0.209,-532.4878,-536.3449,-0.5949
Ru13Ni36Co11Fe30Cu10,10,2,5,fcc,Co-Ni-Ni,fcc,Co-Ni-Ni,0.666,0.046,-532.4878,-536.418,-0.668
Ru13Ni36Co11Fe30Cu10,10,2,6,hcp,Fe-Ni-Ru,bridge,Ni-Ru,0.951,0.305,-532.4878,-536.573,-0.8229
Ru13Ni36Co11Fe30Cu10,10,2,7,bridge,Co-Ni,fcc,Co-Ni-Ni,0.666,0.047,-532.4878,-536.418,-0.668
Ru13Ni36Co11Fe30Cu10,10,2,8,top,Ni,hcp,Fe-Fe-Ni,0.883,0.14,-532.4878,-536.3505,-0.6004
Ru13Ni36Co11Fe30Cu10,10,2,9,bridge,Fe-Ni,fcc,Fe-Fe-Ni,0.831,0.207,-532.4878,-536.3449,-0.5949
Ru13Ni36Co11Fe30Cu10,10,3,0,fcc,Co-Ni-Ni,fcc,Co-Ni-Ni,0.597,0.033,-531.3665,-535.1825,-0.5537
Ru13Ni36Co11Fe30Cu10,10,3,1,bridge,Co-Ni,hcp,Co-Ni-Ni,0.689,0.031,-531.3665,-535.2647,-0.636
Ru13Ni36Co11Fe30Cu10,10,3,2,bridge,Co-Ni,fcc,Co-Ni-Ni,0.652,0.02,-531.3665,-535.2423,-0.6135
Ru13Ni36Co11Fe30Cu10,10,3,3,top,Ni,hcp,Fe-Ni-Ni,0.743,0.291,-531.3665,-535.2945,-0.6657
Ru13Ni36Co11Fe30Cu10,10,3,4,bridge,Co-Ni,hcp,Co-Ni-Ni,0.723,0.045,-531.3665,-535.2685,-0.6397
Ru13Ni36Co11Fe30Cu10,10,3,5,bridge,Ni-Ni,fcc,Ni-Ni-Ni,0.607,0.031,-531.3665,-535.2645,-0.6357
Ru13Ni36Co11Fe30Cu10,10,3,6,hcp,Co-Ni-Ru,hcp,Co-Ni-Ru,0.796,0.066,-531.3665,-535.3475,-0.7187
Ru13Ni36Co11Fe30Cu10,10,3,7,fcc,Fe-Ni-Ni,fcc,Fe-Ni-Ni,0.758,0.29,-531.3665,-535.2425,-0.6137
Ru13Ni36Co11Fe30Cu10,10,3,8,bridge,Fe-Ni,bridge,Fe-Ni,0.883,0.175,-531.3665,-534.9821,-0.3534
Ru13Ni36Co11Fe30Cu10,10,3,9,top,Co,hcp,Co-Ni-Ru,0.789,0.072,-531.3665,-535.3475,-0.7187
Ru13Ni36Co11Fe30Cu10,10,4,0,bridge,Fe-Fe,hcp,Fe-Fe-Fe,0.973,0.15,-533.3298,-537.1378,-0.5458
Ru13Ni36Co11Fe30Cu10,10,4,1,bridge,Co-Ru,bridge,Ru-Ru,1.143,0.228,-533.3298,-537.3379,-0.7459
Ru13Ni36Co11Fe30Cu10,10,4,2,bridge,Co-Ni,hcp,Co-Fe-Ni,0.798,0.184,-533.3298,-537.1624,-0.5704
Ru13Ni36Co11Fe30Cu10,10,4,3,top,Fe,hcp,Fe-Fe-Ru,1.091,0.369,-533.3298,-537.3243,-0.7323
Ru13Ni36Co11Fe30Cu10,10,4,4,bridge,Co-Ni,hcp,Co-Fe-Ni,0.814,0.252,-533.3298,-537.1621,-0.5701
Ru13Ni36Co11Fe30Cu10,10,4,5,hcp,Fe-Fe-Ni,hcp,Fe-Fe-Ni,0.916,0.183,-533.3298,-537.178,-0.586
Ru13Ni36Co11Fe30Cu10,10,4,6,top,Ni,hcp,Co-Fe-Ni,0.797,0.189,-533.3298,-537.1624,-0.5704
Ru13Ni36Co11Fe30Cu10,10,4,7,fcc,Co-Fe-Fe,fcc,Co-Fe-Fe,0.965,0.244,-533.3298,-537.1636,-0.5716
Ru13Ni36Co11Fe30Cu10,10,4,8,bridge,Fe-Fe,fcc,Fe-Fe-Fe,0.963,0.192,-533.3298,-537.164,-0.572
Ru13Ni36Co11Fe30Cu10,10,4,9,fcc,Fe-Fe-Ni,fcc,Fe-Fe-Ni,0.871,0.148,-533.3298,-537.1949,-0.6029
Ru13Ni36Co11Fe30Cu10,10,5,0,bridge,Fe-Fe,hcp,Fe-Fe-Ru,1.027,0.272,-533.326,-537.3919,-0.8036
Ru13Ni36Co11Fe30Cu10,10,5,1,bridge,Fe-Ni,fcc,Fe-Ni-Ru,0.915,0.292,-533.326,-537.4573,-0.8691
Ru13Ni36Co11Fe30Cu10,10,5,2,bridge,Co-Fe,fcc,Co-Fe-Ni,0.826,0.257,-533.326,-537.2486,-0.6604
Ru13Ni36Co11Fe30Cu10,10,5,3,top,Ru,fcc,Fe-Fe-Ru,1.073,0.278,-533.326,-537.4127,-0.8245
Ru13Ni36Co11Fe30Cu10,10,5,4,top,Ni,hcp,Co-Fe-Ru,0.936,0.333,-533.326,-537.4599,-0.8716
Ru13Ni36Co11Fe30Cu10,10,5,5,bridge,Fe-Fe,fcc,Fe-Fe-Ru,1.074,0.265,-533.326,-537.4127,-0.8244
Ru13Ni36Co11Fe30Cu10,10,5,6,bridge,Fe-Ni,hcp,Fe-Fe-Ni,0.783,0.184,-533.326,-537.1659,-0.5776
Ru13Ni36Co11Fe30Cu10,10,5,7,hcp,Fe-Ni-Ni,hcp,Fe-Ni-Ni,0.773,0.071,-533.326,-537.1828,-0.5945
Ru13Ni36Co11Fe30Cu10,10,5,8,fcc,Fe-Ni-Ni,fcc,Fe-Ni-Ni,0.703,0.218,-533.326,-537.1796,-0.5913
Ru13Ni36Co11Fe30Cu10,10,5,9,hcp,Co-Cu-Ni,hcp,Co-Cu-Ni,0.754,0.107,-533.326,-537.1543,-0.566
Ru13Ni36Co11Fe30Cu10,10,6,0,fcc,Cu-Fe-Ni,fcc,Cu-Fe-Ni,0.684,0.087,-532.8681,-536.557,-0.4266
Ru13Ni36Co11Fe30Cu10,10,6,1,bridge,Fe-Ni,hcp,Fe-Ni-Ni,0.693,0.12,-532.8681,-536.7002,-0.5698
Ru13Ni36Co11Fe30Cu10,10,6,2,top,Fe,fcc,Co-Fe-Fe,0.985,0.298,-532.8681,-536.7282,-0.5978
Ru13Ni36Co11Fe30Cu10,10,6,3,bridge,Co-Cu,hcp,Co-Cu-Fe,0.812,0.257,-532.8681,-536.6595,-0.5292
Ru13Ni36Co11Fe30Cu10,10,6,4,hcp,Fe-Ni-Ni,hcp,Fe-Ni-Ni,0.692,0.118,-532.8681,-536.7002,-0.5698
Ru13Ni36Co11Fe30Cu10,10,6,5,bridge,Ni-Ni,hcp,Fe-Ni-Ni,0.691,0.114,-532.8681,-536.7002,-0.5698
Ru13Ni36Co11Fe30Cu10,10,6,6,fcc,Co-Ni-Ru,bridge,Ni-Ru,1.001,0.047,-532.8681,-536.8606,-0.7302
Ru13Ni36Co11Fe30Cu10,10,6,7,bridge,Ni-Ni,fcc,Ni-Ni-Ni,0.697,0.043,-532.8681,-536.6913,-0.5609
Ru13Ni36Co11Fe30Cu10,10,6,8,bridge,Fe-Fe,fcc,Co-Fe-Fe,0.988,0.296,-532.8681,-536.7283,-0.5979
Ru13Ni36Co11Fe30Cu10,10,6,9,top,Fe,fcc,Fe-Ni-Ru,1.032,0.336,-532.8681,-536.9215,-0.7911
Ru13Ni36Co11Fe30Cu10,10,7,0,bridge,Fe-Ni,bridge,Fe-Ni,0.839,0.134,-533.7162,-537.402,-0.4235
Ru13Ni36Co11Fe30Cu10,10,7,1,bridge,Cu-Ni,fcc,Cu-Ni-Ni,0.694,0.1,-533.7162,-537.5206,-0.5421
Ru13Ni36Co11Fe30Cu10,10,7,2,fcc,Ni-Ni-Ru,hcp,Ni-Ni-Ru,0.769,0.06,-533.7162,-537.7976,-0.8191
Ru13Ni36Co11Fe30Cu10,10,7,3,bridge,Ni-Ni,fcc,Ni-Ni-Ni,0.549,0.027,-533.7162,-537.5365,-0.558
Ru13Ni36Co11Fe30Cu10,10,7,4,hcp,Ni-Ni-Ru,hcp,Ni-Ni-Ru,0.763,0.069,-533.7162,-537.7977,-0.8193
Ru13Ni36Co11Fe30Cu10,10,7,5,hcp,Fe-Ni-Ni,hcp,Fe-Ni-Ni,0.701,0.129,-533.7162,-537.6188,-0.6404
Ru13Ni36Co11Fe30Cu10,10,7,6,top,Ni,bridge,Ni-Ru,0.955,0.324,-533.7162,-537.7639,-0.7854
Ru13Ni36Co11Fe30Cu10,10,7,7,top,Fe,hcp,Fe-Fe-Ni,0.763,0.244,-533.7162,-537.5081,-0.5297
Ru13Ni36Co11Fe30Cu10,10,7,8,bridge,Fe-Ni,hcp,Fe-Fe-Ni,0.764,0.238,-533.7162,-537.5081,-0.5296
Ru13Ni36Co11Fe30Cu10,10,7,9,bridge,Fe-Ni,fcc,Fe-Ni-Ni,0.632,0.17,-533.7162,-537.5655,-0.587
Ru13Ni36Co11Fe30Cu10,10,8,0,bridge,Ni-Ru,bridge,Ni-Ru,1.11,0.021,-534.9312,-538.9956,-0.8021
Ru13Ni36Co11Fe30Cu10,10,8,1,top,Fe,hcp,Fe-Fe-Ni,0.912,0.07,-534.9312,-538.7994,-0.606
Ru13Ni36Co11Fe30Cu10,10,8,2,bridge,Cu-Fe,fcc,Cu-Fe-Ni,0.849,0.044,-534.9312,-538.688,-0.4946
Ru13Ni36Co11Fe30Cu10,10,8,3,fcc,Cu-Cu-Ni,fcc,Cu-Cu-Ni,0.803,0.04,-534.9312,-538.6019,-0.4084
Ru13Ni36Co11Fe30Cu10,10,8,4,hcp,Cu-Fe-Ni,hcp,Cu-Fe-Ni,0.742,0.139,-534.9312,-538.6348,-0.4414
Ru13Ni36Co11Fe30Cu10,10,8,5,bridge,Fe-Fe,hcp,Fe-Fe-Ni,0.914,0.073,-534.9312,-538.7994,-0.606
Ru13Ni36Co11Fe30Cu10,10,8,6,fcc,Cu-Fe-Ni,fcc,Cu-Fe-Ni,0.78,0.081,-534.9312,-538.6283,-0.4348
Ru13Ni36Co11Fe30Cu10,10,8,7,bridge,Cu-Ni,hcp,Cu-Ni-Ni,0.739,0.057,-534.9312,-538.7272,-0.5337
Ru13Ni36Co11Fe30Cu10,10,8,8,bridge,Fe-Ni,bridge,Ni-Ru,1.049,0.087,-534.9312,-539.0008,-0.8074
Ru13Ni36Co11Fe30Cu10,10,8,9,top,Fe,fcc,Fe-Fe-Ni,0.974,0.233,-534.9312,-538.7538,-0.5603
Ru13Ni36Co11Fe30Cu10,10,9,0,top,Ru,hcp,Co-Fe-Ru,1.016,0.357,-531.7432,-535.7552,-0.7498
Ru13Ni36Co11Fe30Cu10,10,9,1,bridge,Co-Ni,bridge,Ni-Ru,1.072,0.076,-531.7432,-535.8076,-0.8021
Ru13Ni36Co11Fe30Cu10,10,9,2,bridge,Co-Ni,bridge,Co-Ru,1.023,0.148,-531.7432,-535.6798,-0.6744
Ru13Ni36Co11Fe30Cu10,10,9,3,fcc,Ni-Ni-Ru,bridge,Ni-Ru,1.045,0.295,-531.7432,-535.8103,-0.8048
Ru13Ni36Co11Fe30Cu10,10,9,4,fcc,Co-Ni-Ni,fcc,Co-Ni-Ni,0.66,0.054,-531.7432,-535.6046,-0.5992
Ru13Ni36Co11Fe30Cu10,10,9,5,top,Co,top,Co,1.273,0.002,-531.7432,-534.86,0.1454
Ru13Ni36Co11Fe30Cu10,10,9,6,bridge,Ni-Ni,hcp,Ni-Ni-Ni,0.635,0.056,-531.7432,-535.5964,-0.591
Ru13Ni36Co11Fe30Cu10,10,9,7,hcp,Co-Fe-Fe,hcp,Co-Fe-Fe,0.79,0.155,-531.7432,-535.5802,-0.5748
Ru13Ni36Co11Fe30Cu10,10,9,8,bridge,Fe-Ni,hcp,Fe-Ni-Ni,0.727,0.207,-531.7432,-535.6095,-0.604
Ru13Ni36Co11Fe30Cu10,10,9,9,bridge,Ni-Ni,hcp,Fe-Ni-Ni,0.718,0.227,-531.7432,-535.6018,-0.5964
Ru66Ni14Co7Fe7Cu6,11,0,0,top,Ru,top,Ru,0.424,0.426,-607.7848,-623.0833,-12.0363
Ru66Ni14Co7Fe7Cu6,11,0,1,bridge,Ru-Ru,hcp,Ru-Ru-Ru,-0.027,0.068,-607.7848,-612.041,-0.9939
Ru66Ni14Co7Fe7Cu6,11,0,2,top,Fe,bridge,Fe-Ru,0.272,0.163,-607.7848,-611.8552,-0.8081
Ru66Ni14Co7Fe7Cu6,11,0,3,hcp,Ru-Ru-Ru,bridge,Ru-Ru,0.217,0.256,-607.7848,-611.878,-0.8309
Ru66Ni14Co7Fe7Cu6,11,0,4,bridge,Ru-Ru,fcc,Ni-Ru-Ru,0.307,0.269,-607.7848,-611.9344,-0.8873
Ru66Ni14Co7Fe7Cu6,11,0,5,hcp,Fe-Ru-Ru,bridge,Ru-Ru,0.107,0.124,-607.7848,-611.9367,-0.8897
Ru66Ni14Co7Fe7Cu6,11,0,6,bridge,Ru-Ru,bridge,Ru-Ru,0.105,0.113,-607.7848,-611.9368,-0.8898
Ru66Ni14Co7Fe7Cu6,11,0,7,fcc,Fe-Fe-Ru,bridge,Fe-Ru,0.221,0.113,-607.7848,-611.9849,-0.9379
Ru66Ni14Co7Fe7Cu6,11,0,8,bridge,Fe-Ru,hcp,Ru-Ru-Ru,0.016,0.107,-607.7848,-612.0972,-1.0501
Ru66Ni14Co7Fe7Cu6,11,0,9,bridge,Ni-Ru,fcc,Ni-Ru-Ru,0.309,0.268,-607.7848,-611.9344,-0.8873
Ru66Ni14Co7Fe7Cu6,11,1,0,hcp,Ni-Ru-Ru,hcp,Ni-Ru-Ru,0.737,0.193,-605.0803,-609.1418,-0.7992
Ru66Ni14Co7Fe7Cu6,11,1,1,top,Ni,fcc,Cu-Ni-Ru,0.786,0.106,-605.0803,-609.1184,-0.7758
Ru66Ni14Co7Fe7Cu6,11,1,2,bridge,Cu-Ru,fcc,Cu-Fe-Ru,0.936,0.342,-605.0803,-609.2219,-0.8793
Ru66Ni14Co7Fe7Cu6,11,1,3,bridge,Ni-Ru,hcp,Ni-Ru-Ru,0.737,0.195,-605.0803,-609.1418,-0.7992
Ru66Ni14Co7Fe7Cu6,11,1,4,bridge,Cu-Ru,hcp,Fe-Ru-Ru,0.782,0.352,-605.0803,-609.3876,-1.045
Ru66Ni14Co7Fe7Cu6,11,1,5,bridge,Co-Ru,hcp,Co-Ru-Ru,0.88,0.257,-605.0803,-609.1115,-0.769
Ru66Ni14Co7Fe7Cu6,11,1,6,fcc,Cu-Ru-Ru,hcp,Ru-Ru-Ru,0.749,0.053,-605.0803,-609.3187,-0.9762
Ru66Ni14Co7Fe7Cu6,11,1,7,bridge,Ru-Ru,hcp,Fe-Ru-Ru,0.85,0.213,-605.0803,-609.325,-0.9824
Ru66Ni14Co7Fe7Cu6,11,1,8,fcc,Co-Cu-Ru,fcc,Co-Cu-Ru,0.695,0.155,-605.0803,-609.1022,-0.7596
Ru66Ni14Co7Fe7Cu6,11,1,9,top,Ru,bridge,Ru-Ru,0.94,0.311,-605.0803,-609.4255,-1.0829
Ru66Ni14Co7Fe7Cu6,11,2,0,bridge,Fe-Ni,bridge,Ni-Ru,0.594,0.402,-608.8413,-612.9663,-0.8627
Ru66Ni14Co7Fe7Cu6,11,2,1,bridge,Ru-Ru,hcp,Ru-Ru-Ru,-0.226,0.066,-608.8413,-613.1174,-1.0138
Ru66Ni14Co7Fe7Cu6,11,2,2,top,Ni,hcp,Ni-Ni-Ru,0.419,0.382,-608.8413,-612.8265,-0.7229
Ru66Ni14Co7Fe7Cu6,11,2,3,fcc,Fe-Ru-Ru,bridge,Ru-Ru,0.283,0.13,-608.8413,-612.9841,-0.8805
Ru66Ni14Co7Fe7Cu6,11,2,4,hcp,Ni-Ru-Ru,hcp,Ni-Ru-Ru,0.777,0.392,-608.8413,-613.0684,-0.9648
Ru66Ni14Co7Fe7Cu6,11,2,5,hcp,Ni-Ru-Ru,bridge,Ru-Ru,-0.156,0.267,-608.8413,-612.9274,-0.8238
Ru66Ni14Co7Fe7Cu6,11,2,6,bridge,Ru-Ru,hcp,Ru-Ru-Ru,-0.223,0.065,-608.8413,-613.1174,-1.0139
Ru66Ni14Co7Fe7Cu6,11,2,7,top,Ni,fcc,Ni-Ru-Ru,0.138,0.231,-608.8413,-613.0412,-0.9376
Ru66Ni14Co7Fe7Cu6,11,2,8,bridge,Ru-Ru,fcc,Ru-Ru-Ru,0.064,0.176,-608.8413,-613.0409,-0.9374
Ru66Ni14Co7Fe7Cu6,11,2,9,bridge,Ru-Ru,hcp,Ru-Ru-Ru,0.121,0.284,-608.8413,-612.9229,-0.8193
Ru66Ni14Co7Fe7Cu6,11,3,0,fcc,Ni-Ru-Ru,fcc,Ni-Ru-Ru,0.515,0.281,-608.0885,-612.2974,-0.9466
Ru66Ni14Co7Fe7Cu6,11,3,1,top,Ni,hcp,Ni-Ni-Ru,0.524,0.199,-608.0885,-612.1954,-0.8446
Ru66Ni14Co7Fe7Cu6,11,3,2,hcp,Fe-Ru-Ru,bridge,Ru-Ru,0.449,0.167,-608.0885,-612.1481,-0.7974
Ru66Ni14Co7Fe7Cu6,11,3,3,bridge,Ru-Ru,bridge,Ru-Ru,0.659,0.279,-608.0885,-612.3045,-0.9538
Ru66Ni14Co7Fe7Cu6,11,3,4,bridge,Ni-Ru,bridge,Ni-Ru,0.576,0.17,-608.0885,-612.1922,-0.8415
Ru66Ni14Co7Fe7Cu6,11,3,5,top,Ru,fcc,Ni-Ru-Ru,0.511,0.273,-608.0885,-612.2973,-0.9466
Ru66Ni14Co7Fe7Cu6,11,3,6,hcp,Ni-Ni-Ru,hcp,Ni-Ni-Ru,0.523,0.197,-608.0885,-612.1953,-0.8446
Ru66Ni14Co7Fe7Cu6,11,3,7,bridge,Fe-Ru,bridge,Ru-Ru,0.408,0.12,-608.0885,-612.298,-0.9472
Ru66Ni14Co7Fe7Cu6,11,3,8,bridge,Fe-Ni,bridge,Ni-Ru,0.576,0.172,-608.0885,-612.1922,-0.8414
Ru66Ni14Co7Fe7Cu6,11,3,9,bridge,Fe-Fe,hcp,Fe-Fe-Ru,0.903,0.395,-608.0885,-612.2472,-0.8964
Ru66Ni14Co7Fe7Cu6,11,4,0,hcp,Ni-Ru-Ru,hcp,Ni-Ru-Ru,0.017,0.252,-605.9318,-609.9984,-0.8043
Ru66Ni14Co7Fe7Cu6,11,4,1,top,Ru,hcp,Fe-Ni-Ru,0.011,0.167,-605.9318,-610.0281,-0.834
Ru66Ni14Co7Fe7Cu6,11,4,2,top,Cu,hcp,Cu-Ni-Ru,0.564,0.163,-605.9318,-610.011,-0.8169
Ru66Ni14Co7Fe7Cu6,11,4,3,bridge,Co-Ni,bridge,Co-Ru,0.031,0.342,-605.9318,-609.9439,-0.7498
Ru66Ni14Co7Fe7Cu6,11,4,4,hcp,Ni-Ni-Ru,hcp,Ni-Ni-Ru,0.082,0.25,-605.9318,-610.0122,-0.8181
Ru66Ni14Co7Fe7Cu6,11,4,5,fcc,Cu-Ni-Ni,fcc,Cu-Ni-Ni,0.284,0.268,-605.9318,-609.6914,-0.4973
Ru66Ni14Co7Fe7Cu6,11,4,6,bridge,Cu-Ru,bridge,Cu-Ru,0.196,0.356,-605.9318,-609.7896,-0.5955
Ru66Ni14Co7Fe7Cu6,11,4,7,bridge,Ni-Ru,hcp,Fe-Ni-Ru,0.063,0.31,-605.9318,-610.0576,-0.8635
Ru66Ni14Co7Fe7Cu6,11,4,8,bridge,Cu-Fe,bridge,Fe-Ni,0.132,0.322,-605.9318,-609.74,-0.5459
Ru66Ni14Co7Fe7Cu6,11,4,9,bridge,Ru-Ru,hcp,Ru-Ru-Ru,-0.138,0.089,-605.9318,-610.1072,-0.9131
Ru66Ni14Co7Fe7Cu6,11,5,0,hcp,Ni-Ru-Ru,bridge,Ru-Ru,0.395,0.374,-608.6822,-612.9149,-0.9704
Ru66Ni14Co7Fe7Cu6,11,5,1,top,Ni,fcc,Ni-Ru-Ru,0.605,0.413,-608.6822,-612.8589,-0.9144
Ru66Ni14Co7Fe7Cu6,11,5,2,bridge,Ni-Ru,fcc,Ni-Ni-Ru,0.259,0.062,-608.6822,-612.7923,-0.8478
Ru66Ni14Co7Fe7Cu6,11,5,3,bridge,Co-Ru,bridge,Co-Ru,0.558,0.082,-608.6822,-612.786,-0.8415
Ru66Ni14Co7Fe7Cu6,11,5,4,bridge,Ni-Ru,hcp,Ni-Ni-Ru,0.36,0.292,-608.6822,-612.7264,-0.782
Ru66Ni14Co7Fe7Cu6,11,5,5,fcc,Co-Co-Ru,fcc,Co-Co-Ru,0.349,0.259,-608.6822,-612.6801,-0.7356
Ru66Ni14Co7Fe7Cu6,11,5,6,hcp,Fe-Ni-Ru,fcc,Co-Fe-Ru,1.009,0.341,-608.6822,-612.9142,-0.9697
Ru66Ni14Co7Fe7Cu6,11,5,7,bridge,Ni-Ni,fcc,Ni-Ni-Ni,0.242,0.325,-608.6822,-612.5638,-0.6193
Ru66Ni14Co7Fe7Cu6,11,5,8,bridge,Ni-Ni,fcc,Ni-Ni-Ru,0.26,0.062,-608.6822,-612.7923,-0.8478
Ru66Ni14Co7Fe7Cu6,11,5,9,top,Ni,fcc,Fe-Ni-Ni,0.531,0.257,-608.6822,-612.5137,-0.5692
Ru66Ni14Co7Fe7Cu6,11,6,0,bridge,Ru-Ru,hcp,Ru-Ru-Ru,0.141,0.074,-608.3754,-612.5853,-0.9477
Ru66Ni14Co7Fe7Cu6,11,6,1,bridge,Ni-Ru,fcc,Ni-Ru-Ru,0.235,0.103,-608.3754,-612.6163,-0.9786
Ru66Ni14Co7Fe7Cu6,11,6,2,hcp,Co-Ni-Ru,hcp,Co-Ni-Ru,0.082,0.153,-608.3754,-612.517,-0.8793
Ru66Ni14Co7Fe7Cu6,11,6,3,top,Fe,bridge,Co-Ru,0.116,0.348,-608.3754,-612.4266,-0.789
Ru66Ni14Co7Fe7Cu6,11,6,4,bridge,Ru-Ru,hcp,Ni-Ru-Ru,0.067,0.189,-608.3754,-612.5428,-0.9052
Ru66Ni14Co7Fe7Cu6,11,6,5,hcp,Fe-Ru-Ru,fcc,Ni-Ru-Ru,0.354,0.351,-608.3754,-612.6195,-0.9818
Ru66Ni14Co7Fe7Cu6,11,6,6,fcc,Ni-Ru-Ru,hcp,Ni-Ru-Ru,0.079,0.148,-608.3754,-612.523,-0.8854
Ru66Ni14Co7Fe7Cu6,11,6,7,bridge,Ni-Ru,hcp,Ni-Ru-Ru,0.898,0.33,-608.3754,-612.6442,-1.0065
Ru66Ni14Co7Fe7Cu6,11,6,8,top,Co,bridge,Co-Ni,0.377,0.438,-608.3754,-612.1396,-0.502
Ru66Ni14Co7Fe7Cu6,11,6,9,bridge,Co-Ni,bridge,Co-Ru,0.125,0.301,-608.3754,-612.4267,-0.7891
Ru66Ni14Co7Fe7Cu6,11,7,0,fcc,Ru-Ru-Ru,fcc,Ru-Ru-Ru,0.127,0.265,-608.8932,-613.0856,-0.9301
Ru66Ni14Co7Fe7Cu6,11,7,1,bridge,Ru-Ru,fcc,Ru-Ru-Ru,-0.074,0.055,-608.8932,-613.1169,-0.9614
Ru66Ni14Co7Fe7Cu6,11,7,2,fcc,Cu-Ru-Ru,hcp,Ru-Ru-Ru,-0.146,0.135,-608.8932,-613.2179,-1.0624
Ru66Ni14Co7Fe7Cu6,11,7,3,bridge,Fe-Ru,hcp,Fe-Ni-Ru,0.909,0.272,-608.8932,-613.0893,-0.9338
Ru66Ni14Co7Fe7Cu6,11,7,4,hcp,Ru-Ru-Ru,bridge,Ru-Ru,0.239,0.272,-608.8932,-612.8842,-0.7288
Ru66Ni14Co7Fe7Cu6,11,7,5,bridge,Ru-Ru,bridge,Ru-Ru,0.476,0.298,-608.8932,-613.0332,-0.8778
Ru66Ni14Co7Fe7Cu6,11,7,6,bridge,Cu-Ru,hcp,Cu-Ni-Ru,0.708,0.188,-608.8932,-613.0112,-0.8558
Ru66Ni14Co7Fe7Cu6,11,7,7,top,Ru,fcc,Ni-Ru-Ru,0.458,0.369,-608.8932,-613.0599,-0.9045
Ru66Ni14Co7Fe7Cu6,11,7,8,top,Fe,hcp,Fe-Ni-Ru,0.91,0.272,-608.8932,-613.0893,-0.9338
Ru66Ni14Co7Fe7Cu6,11,7,9,bridge,Ru-Ru,bridge,Ru-Ru,0.1,0.092,-608.8932,-613.0515,-0.896
Ru66Ni14Co7Fe7Cu6,11,8,0,bridge,Ru-Ru,fcc,Fe-Ru-Ru,0.611,0.338,-605.566,-609.7773,-0.949
Ru66Ni14Co7Fe7Cu6,11,8,1,bridge,Fe-Ru,hcp,Fe-Ni-Ru,0.991,0.339,-605.566,-609.6761,-0.8478
Ru66Ni14Co7Fe7Cu6,11,8,2,bridge,Ni-Ru,hcp,Ni-Ni-Ru,0.332,0.303,-605.566,-609.6343,-0.806
Ru66Ni14Co7Fe7Cu6,11,8,3,top,Ni,fcc,Ni-Ni-Ru,0.472,0.268,-605.566,-609.7448,-0.9165
Ru66Ni14Co7Fe7Cu6,11,8,4,hcp,Ni-Ni-Ru,hcp,Ni-Ni-Ru,0.241,0.128,-605.566,-609.71,-0.8817
Ru66Ni14Co7Fe7Cu6,11,8,5,bridge,Fe-Ni,hcp,Fe-Ni-Ru,0.99,0.342,-605.566,-609.6761,-0.8478
Ru66Ni14Co7Fe7Cu6,11,8,6,top,Ru,fcc,Fe-Ru-Ru,0.608,0.336,-605.566,-609.7773,-0.949
Ru66Ni14Co7Fe7Cu6,11,8,7,bridge,Ni-Ni,fcc,Ni-Ni-Ru,0.466,0.266,-605.566,-609.7448,-0.9165
Ru66Ni14Co7Fe7Cu6,11,8,8,fcc,Ru-Ru-Ru,bridge,Ru-Ru,0.321,0.089,-605.566,-609.5761,-0.7478
Ru66Ni14Co7Fe7Cu6,11,8,9,hcp,Ni-Ru-Ru,hcp,Ni-Ru-Ru,0.17,0.142,-605.566,-609.7587,-0.9304
Ru66Ni14Co7Fe7Cu6,11,9,0,fcc,Cu-Ru-Ru,fcc,Ni-Ru-Ru,0.285,0.309,-611.5341,-615.8652,-1.0689
Ru66Ni14Co7Fe7Cu6,11,9,1,bridge,Ru-Ru,fcc,Ru-Ru-Ru,0.377,0.133,-611.5341,-615.6716,-0.8752
Ru66Ni14Co7Fe7Cu6,11,9,2,bridge,Ru-Ru,bridge,Ru-Ru,1.159,0.043,-611.5341,-615.6002,-0.8039
Ru66Ni14Co7Fe7Cu6,11,9,3,fcc,Ni-Ru-Ru,fcc,Ni-Ru-Ru,0.304,0.267,-611.5341,-615.735,-0.9387
Ru66Ni14Co7Fe7Cu6,11,9,4,fcc,Ru-Ru-Ru,fcc,Ru-Ru-Ru,0.645,0.372,-611.5341,-615.7018,-0.9054
Ru66Ni14Co7Fe7Cu6,11,9,5,top,Cu,bridge,Ru-Ru,1.047,0.081,-611.5341,-615.9198,-1.1235
Ru66Ni14Co7Fe7Cu6,11,9,6,bridge,Ru-Ru,fcc,Ru-Ru-Ru,0.42,0.298,-611.5341,-615.7362,-0.9399
Ru66Ni14Co7Fe7Cu6,11,9,7,bridge,Ru-Ru,fcc,Ru-Ru-Ru,0.623,0.396,-611.5341,-615.7253,-0.929
Ru66Ni14Co7Fe7Cu6,11,9,8,top,Ru,fcc,Ru-Ru-Ru,0.635,0.415,-611.5341,-615.709,-0.9127
Ru66Ni14Co7Fe7Cu6,11,9,9,bridge,Co-Ru,fcc,Ni-Ru-Ru,0.275,0.257,-611.5341,-615.8051,-1.0088
Ru11Ni34Co22Fe12Cu20,12,0,0,bridge,Cu-Fe,hcp,Cu-Fe-Ni,0.805,0.135,-489.1086,-492.8766,-0.5057
Ru11Ni34Co22Fe12Cu20,12,0,1,fcc,Ni-Ni-Ru,bridge,Ni-Ru,0.974,0.302,-489.1086,-493.094,-0.7232
Ru11Ni34Co22Fe12Cu20,12,0,2,bridge,Cu-Fe,bridge,Cu-Fe,1.07,0.049,-489.1086,-492.7014,-0.3306
Ru11Ni34Co22Fe12Cu20,12,0,3,bridge,Cu-Ni,fcc,Cu-Fe-Ni,0.805,0.196,-489.1086,-492.8678,-0.4969
Ru11Ni34Co22Fe12Cu20,12,0,4,hcp,Co-Cu-Fe,hcp,Co-Cu-Fe,0.849,0.268,-489.1086,-492.88,-0.5092
Ru11Ni34Co22Fe12Cu20,12,0,5,top,Ru,hcp,Ni-Ni-Ru,0.942,0.212,-489.1086,-493.1886,-0.8178
Ru11Ni34Co22Fe12Cu20,12,0,6,bridge,Co-Ni,bridge,Ni-Ru,1.0,0.223,-489.1086,-493.14,-0.7691
Ru11Ni34Co22Fe12Cu20,12,0,7,hcp,Co-Ni-Ru,bridge,Ni-Ru,1.008,0.177,-489.1086,-493.1399,-0.769
Ru11Ni34Co22Fe12Cu20,12,0,8,bridge,Ni-Ru,bridge,Ni-Ru,1.025,0.01,-489.1086,-493.1737,-0.8029
Ru11Ni34Co22Fe12Cu20,12,0,9,top,Cu,hcp,Co-Cu-Fe,0.851,0.273,-489.1086,-492.88,-0.5092
Ru11Ni34Co22Fe12Cu20,12,1,0,bridge,Ni-Ni,hcp,Ni-Ni-Ni,0.635,0.027,-490.1775,-494.0334,-0.5937
Ru11Ni34Co22Fe12Cu20,12,1,1,top,Ni,bridge,Ni-Ru,1.017,0.356,-490.1775,-494.215,-0.7753
Ru11Ni34Co22Fe12Cu20,12,1,2,top,Ru,bridge,Ni-Ru,1.029,0.083,-490.1775,-494.2145,-0.7747
Ru11Ni34Co22Fe12Cu20,12,1,3,bridge,Co-Ru,bridge,Ru-Ru,1.101,0.16,-490.1775,-494.2565,-0.8168
Ru11Ni34Co22Fe12Cu20,12,1,4,hcp,Co-Cu-Ru,hcp,Co-Cu-Ru,0.887,0.048,-490.1775,-494.0553,-0.6156
Ru11Ni34Co22Fe12Cu20,12,1,5,fcc,Co-Cu-Fe,fcc,Co-Cu-Fe,0.884,0.19,-490.1775,-494.0042,-0.5645
Ru11Ni34Co22Fe12Cu20,12,1,6,bridge,Co-Ni,hcp,Co-Fe-Ni,0.823,0.33,-490.1775,-494.0298,-0.5901
Ru11Ni34Co22Fe12Cu20,12,1,7,bridge,Cu-Ni,fcc,Cu-Ni-Ni,0.714,0.079,-490.1775,-493.9949,-0.5552
Ru11Ni34Co22Fe12Cu20,12,1,8,bridge,Co-Ru,bridge,Ni-Ru,1.025,0.159,-490.1775,-494.2145,-0.7748
Ru11Ni34Co22Fe12Cu20,12,1,9,hcp,Co-Cu-Ni,hcp,Co-Cu-Ni,0.713,0.094,-490.1775,-493.9753,-0.5356
Ru11Ni34Co22Fe12Cu20,12,2,0,bridge,Co-Ru,fcc,Co-Ni-Ru,0.848,0.044,-490.5702,-494.5247,-0.6923
Ru11Ni34Co22Fe12Cu20,12,2,1,bridge,Co-Ni,fcc,Co-Ni-Ni,0.742,0.027,-490.5702,-494.4911,-0.6587
Ru11Ni34Co22Fe12Cu20,12,2,2,top,Ni,fcc,Ni-Ni-Ru,0.89,0.01,-490.5702,-494.606,-0.7736
Ru11Ni34Co22Fe12Cu20,12,2,3,bridge,Co-Cu,hcp,Co-Cu-Ru,0.854,0.088,-490.5702,-494.4227,-0.5903
Ru11Ni34Co22Fe12Cu20,12,2,4,bridge,Cu-Cu,fcc,Cu-Cu-Ni,0.715,0.091,-490.5702,-494.2943,-0.4619
Ru11Ni34Co22Fe12Cu20,12,2,5,bridge,Ni-Ni,hcp,Ni-Ni-Ru,0.848,0.025,-490.5702,-494.6643,-0.8319
Ru11Ni34Co22Fe12Cu20,12,2,6,hcp,Cu-Ni-Ni,hcp,Cu-Ni-Ni,0.682,0.086,-490.5702,-494.3938,-0.5614
Ru11Ni34Co22Fe12Cu20,12,2,7,hcp,Cu-Cu-Ni,hcp,Cu-Cu-Ni,0.712,0.066,-490.5702,-494.2418,-0.4094
Ru11Ni34Co22Fe12Cu20,12,2,8,top,Ni,fcc,Ni-Ni-Ru,0.889,0.012,-490.5702,-494.606,-0.7736
Ru11Ni34Co22Fe12Cu20,12,2,9,fcc,Ni-Ru-Ru,hcp,Ni-Ru-Ru,1.031,0.257,-490.5702,-494.64,-0.8076
Ru11Ni34Co22Fe12Cu20,12,3,0,top,Co,bridge,Co-Ru,1.03,0.181,-488.3112,-492.2398,-0.6663
Ru11Ni34Co22Fe12Cu20,12,3,1,top,Fe,bridge,Ni-Ru,1.013,0.307,-488.3112,-492.3115,-0.738
Ru11Ni34Co22Fe12Cu20,12,3,2,bridge,Fe-Ru,bridge,Ni-Ru,1.016,0.347,-488.3112,-492.3032,-0.7297
Ru11Ni34Co22Fe12Cu20,12,3,3,fcc,Co-Co-Ni,fcc,Co-Co-Ni,0.688,0.016,-488.3112,-492.191,-0.6176
Ru11Ni34Co22Fe12Cu20,12,3,4,hcp,Fe-Ni-Ru,bridge,Ni-Ru,1.039,0.264,-488.3112,-492.3931,-0.8197
Ru11Ni34Co22Fe12Cu20,12,3,5,bridge,Fe-Ni,fcc,Co-Fe-Ni,0.784,0.241,-488.3112,-492.1377,-0.5643
Ru11Ni34Co22Fe12Cu20,12,3,6,bridge,Co-Co,fcc,Co-Co-Ni,0.693,0.081,-488.3112,-492.1556,-0.5821
Ru11Ni34Co22Fe12Cu20,12,3,7,bridge,Co-Ru,hcp,Co-Ni-Ru,0.843,0.043,-488.3112,-492.331,-0.7575
Ru11Ni34Co22Fe12Cu20,12,3,8,hcp,Co-Co-Ni,hcp,Co-Co-Ni,0.673,0.052,-488.3112,-492.1149,-0.5414
Ru11Ni34Co22Fe12Cu20,12,3,9,bridge,Ni-Ru,bridge,Ni-Ru,1.014,0.341,-488.3112,-492.3031,-0.7297
Ru11Ni34Co22Fe12Cu20,12,4,0,top,Ni,fcc,Co-Ni-Ni,0.694,0.034,-489.684,-493.6171,-0.6709
Ru11Ni34Co22Fe12Cu20,12,4,1,bridge,Ni-Ru,hcp,Ni-Ni-Ru,0.695,0.089,-489.684,-493.7831,-0.8368
Ru11Ni34Co22Fe12Cu20,12,4,2,bridge,Fe-Ru,bridge,Ni-Ru,0.969,0.32,-489.684,-493.7861,-0.8399
Ru11Ni34Co22Fe12Cu20,12,4,3,hcp,Co-Fe-Ru,bridge,Co-Ru,0.94,0.147,-489.684,-493.6165,-0.6703
Ru11Ni34Co22Fe12Cu20,12,4,4,bridge,Fe-Ru,bridge,Ni-Ru,0.866,0.296,-489.684,-493.7534,-0.8071
Ru11Ni34Co22Fe12Cu20,12,4,5,fcc,Ni-Ni-Ru,bridge,Ni-Ru,0.808,0.326,-489.684,-493.7388,-0.7926
Ru11Ni34Co22Fe12Cu20,12,4,6,top,Ru,bridge,Co-Ru,1.011,0.281,-489.684,-493.6875,-0.7413
Ru11Ni34Co22Fe12Cu20,12,4,7,hcp,Co-Cu-Ru,bridge,Co-Ru,1.062,0.225,-489.684,-493.6997,-0.7535
Ru11Ni34Co22Fe12Cu20,12,4,8,bridge,Co-Fe,bridge,Co-Ru,1.015,0.247,-489.684,-493.6873,-0.7411
Ru11Ni34Co22Fe12Cu20,12,4,9,bridge,Cu-Fe,bridge,Cu-Fe,0.999,0.064,-489.684,-493.3007,-0.3545
Ru11Ni34Co22Fe12Cu20,12,5,0,hcp,Fe-Fe-Fe,hcp,Fe-Fe-Fe,0.936,0.065,-488.5279,-492.3891,-0.5989
Ru11Ni34Co22Fe12Cu20,12,5,1,top,Ru,hcp,Co-Ni-Ru,0.795,0.02,-488.5279,-492.5301,-0.7399
Ru11Ni34Co22Fe12Cu20,12,5,2,bridge,Cu-Ni,hcp,Co-Cu-Ni,0.757,0.102,-488.5279,-492.3551,-0.5649
Ru11Ni34Co22Fe12Cu20,12,5,3,bridge,Co-Ru,bridge,Co-Ru,0.944,0.291,-488.5279,-492.4974,-0.7073
Ru11Ni34Co22Fe12Cu20,12,5,4,bridge,Ru-Ru,bridge,Ru-Ru,1.055,0.225,-488.5279,-492.5091,-0.719
Ru11Ni34Co22Fe12Cu20,12,5,5,hcp,Co-Fe-Fe,hcp,Co-Fe-Fe,0.901,0.279,-488.5279,-492.3504,-0.5602
Ru11Ni34Co22Fe12Cu20,12,5,6,top,Ni,fcc,Fe-Fe-Ni,0.891,0.146,-488.5279,-492.3973,-0.6071
Ru11Ni34Co22Fe12Cu20,12,5,7,fcc,Co-Ni-Ni,fcc,Co-Ni-Ni,0.711,0.041,-488.5279,-492.3957,-0.6056
Ru11Ni34Co22Fe12Cu20,12,5,8,bridge,Fe-Ni,fcc,Fe-Fe-Ni,0.906,0.147,-488.5279,-492.3536,-0.5635
Ru11Ni34Co22Fe12Cu20,12,5,9,bridge,Fe-Fe,fcc,Fe-Fe-Fe,0.935,0.063,-488.5279,-492.41,-0.6199
Ru11Ni34Co22Fe12Cu20,12,6,0,bridge,Co-Ni,fcc,Co-Co-Ni,0.767,0.042,-488.1913,-492.061,-0.6074
Ru11Ni34Co22Fe12Cu20,12,6,1,bridge,Co-Ni,bridge,Co-Ni,0.901,0.038,-488.1913,-491.9604,-0.5068
Ru11Ni34Co22Fe12Cu20,12,6,2,top,Co,fcc,Co-Fe-Ni,0.848,0.297,-488.1913,-492.071,-0.6175
Ru11Ni34Co22Fe12Cu20,12,6,3,hcp,Co-Co-Ni,hcp,Co-Co-Ni,0.722,0.031,-488.1913,-492.0156,-0.562
Ru11Ni34Co22Fe12Cu20,12,6,4,bridge,Co-Cu,fcc,Co-Co-Cu,0.726,0.136,-488.1913,-491.9278,-0.4743
Ru11Ni34Co22Fe12Cu20,12,6,5,fcc,Cu-Cu-Ni,fcc,Cu-Cu-Ni,0.726,0.064,-488.1913,-491.8367,-0.3832
Ru11Ni34Co22Fe12Cu20,12,6,6,hcp,Co-Co-Fe,bridge,Co-Co,0.816,0.346,-488.1913,-492.0038,-0.5503
Ru11Ni34Co22Fe12Cu20,12,6,7,top,Ni,fcc,Co-Co-Ni,0.768,0.038,-488.1913,-492.061,-0.6075
Ru11Ni34Co22Fe12Cu20,12,6,8,bridge,Fe-Fe,hcp,Fe-Fe-Ni,0.926,0.187,-488.1913,-492.0029,-0.5493
Ru11Ni34Co22Fe12Cu20,12,6,9,bridge,Co-Fe,fcc,Co-Fe-Ni,0.846,0.299,-488.1913,-492.071,-0.6175
Ru11Ni34Co22Fe12Cu20,12,7,0,bridge,Co-Ni,hcp,Co-Ni-Ni,0.73,0.037,-488.8686,-492.7478,-0.6169
Ru11Ni34Co22Fe12Cu20,12,7,1,fcc,Co-Fe-Ni,fcc,Co-Fe-Ni,0.816,0.27,-488.8686,-492.7133,-0.5824
Ru11Ni34Co22Fe12Cu20,12,7,2,top,Ru,bridge,Ni-Ru,0.971,0.352,-488.8686,-492.9153,-0.7844
Ru11Ni34Co22Fe12Cu20,12,7,3,fcc,Co-Cu-Fe,fcc,Co-Cu-Fe,0.851,0.233,-488.8686,-492.6652,-0.5343
Ru11Ni34Co22Fe12Cu20,12,7,4,hcp,Co-Co-Fe,bridge,Co-Co,0.908,0.219,-488.8686,-492.7682,-0.6373
Ru11Ni34Co22Fe12Cu20,12,7,5,bridge,Ni-Ru,hcp,Fe-Ni-Ru,0.906,0.316,-488.8686,-492.8722,-0.7413
Ru11Ni34Co22Fe12Cu20,12,7,6,bridge,Fe-Fe,fcc,Fe-Fe-Ni,0.896,0.189,-488.8686,-492.7061,-0.5753
Ru11Ni34Co22Fe12Cu20,12,7,7,top,Ni,fcc,Co-Fe-Ni,0.864,0.358,-488.8686,-492.7137,-0.5829
Ru11Ni34Co22Fe12Cu20,12,7,8,bridge,Ni-Ru,hcp,Ni-Ru-Ru,0.944,0.255,-488.8686,-492.9117,-0.7808
Ru11Ni34Co22Fe12Cu20,12,7,9,bridge,Co-Fe,bridge,Co-Co,0.793,0.206,-488.8686,-492.737,-0.6061
Ru11Ni34Co22Fe12Cu20,12,8,0,bridge,Cu-Ni,fcc,Cu-Ni-Ni,0.639,0.086,-490.8536,-494.64,-0.5242
Ru11Ni34Co22Fe12Cu20,12,8,1,fcc,Co-Cu-Ru,hcp,Co-Cu-Ru,0.951,0.327,-490.8536,-494.7278,-0.612
Ru11Ni34Co22Fe12Cu20,12,8,2,fcc,Fe-Fe-Ni,fcc,Fe-Fe-Ni,0.821,0.248,-490.8536,-494.637,-0.5212
Ru11Ni34Co22Fe12Cu20,12,8,3,hcp,Fe-Ni-Ni,hcp,Fe-Ni-Ni,0.71,0.237,-490.8536,-494.7237,-0.6079
Ru11Ni34Co22Fe12Cu20,12,8,4,top,Ru,bridge,Ru-Ru,1.132,0.334,-490.8536,-494.9236,-0.8078
Ru11Ni34Co22Fe12Cu20,12,8,5,bridge,Fe-Ni,bridge,Fe-Ni,0.93,0.129,-490.8536,-494.533,-0.4172
Ru11Ni34Co22Fe12Cu20,12,8,6,top,Fe,hcp,Fe-Fe-Ru,1.055,0.251,-490.8536,-494.9312,-0.8154
Ru11Ni34Co22Fe12Cu20,12,8,7,bridge,Co-Co,hcp,Co-Co-Fe,0.766,0.341,-490.8536,-494.7304,-0.6146
Ru11Ni34Co22Fe12Cu20,12,8,8,bridge,Co-Ru,bridge,Ru-Ru,1.13,0.34,-490.8536,-494.9236,-0.8078
Ru11Ni34Co22Fe12Cu20,12,8,9,bridge,Ni-Ni,hcp,Fe-Ni-Ni,0.695,0.251,-490.8536,-494.685,-0.5692
Ru11Ni34Co22Fe12Cu20,12,9,0,bridge,Cu-Ni,fcc,Cu-Ni-Ni,0.736,0.061,-490.475,-494.2505,-0.5132
Ru11Ni34Co22Fe12Cu20,12,9,1,bridge,Co-Ni,fcc,Co-Ni-Ni,0.747,0.041,-490.475,-494.4482,-0.7109
Ru11Ni34Co22Fe12Cu20,12,9,2,bridge,Ni-Ni,hcp,Ni-Ni-Ni,0.646,0.045,-490.475,-494.3545,-0.6173
Ru11Ni34Co22Fe12Cu20,12,9,3,fcc,Cu-Ni-Ru,fcc,Cu-Ni-Ru,0.88,0.083,-490.475,-494.4535,-0.7163
Ru11Ni34Co22Fe12Cu20,12,9,4,bridge,Ni-Ni,fcc,Co-Ni-Ni,0.749,0.043,-490.475,-494.4482,-0.7109
Ru11Ni34Co22Fe12Cu20,12,9,5,top,Cu,hcp,Cu-Ni-Ru,0.818,0.08,-490.475,-494.3956,-0.6584
Ru11Ni34Co22Fe12Cu20,12,9,6,hcp,Ni-Ni-Ru,hcp,Ni-Ni-Ru,0.733,0.045,-490.475,-494.5372,-0.8
Ru11Ni34Co22Fe12Cu20,12,9,7,fcc,Cu-Cu-Ni,fcc,Cu-Cu-Ni,0.677,0.073,-490.475,-494.1409,-0.4037
Ru11Ni34Co22Fe12Cu20,12,9,8,top,Co,hcp,Co-Cu-Ru,0.862,0.061,-490.475,-494.3885,-0.6513
Ru11Ni34Co22Fe12Cu20,12,9,9,bridge,Cu-Ni,hcp,Cu-Ni-Ni,0.724,0.075,-490.475,-494.3211,-0.5838
Ru7Ni9Co15Fe48Cu20,13,0,0,bridge,Fe-Ni,hcp,Fe-Ni-Ru,0.949,0.366,-547.9178,-551.9105,-0.7305
Ru7Ni9Co15Fe48Cu20,13,0,1,bridge,Fe-Ru,hcp,Fe-Fe-Ru,1.034,0.324,-547.9178,-551.971,-0.791
Ru7Ni9Co15Fe48Cu20,13,0,2,hcp,Co-Fe-Ru,bridge,Co-Ru,0.907,0.191,-547.9178,-551.9302,-0.7501
Ru7Ni9Co15Fe48Cu20,13,0,3,bridge,Fe-Ni,hcp,Fe-Fe-Ni,0.783,0.069,-547.9178,-551.7123,-0.5323
Ru7Ni9Co15Fe48Cu20,13,0,4,bridge,Fe-Fe,hcp,Fe-Fe-Ni,0.791,0.078,-547.9178,-551.7123,-0.5323
Ru7Ni9Co15Fe48Cu20,13,0,5,top,Ni,hcp,Fe-Fe-Ni,0.781,0.067,-547.9178,-551.7123,-0.5323
Ru7Ni9Co15Fe48Cu20,13,0,6,hcp,Cu-Fe-Fe,hcp,Cu-Fe-Fe,0.765,0.029,-547.9178,-551.6766,-0.4965
Ru7Ni9Co15Fe48Cu20,13,0,7,fcc,Fe-Fe-Ru,fcc,Fe-Fe-Ru,1.083,0.301,-547.9178,-551.9469,-0.7668
Ru7Ni9Co15Fe48Cu20,13,0,8,top,Fe,hcp,Fe-Fe-Ru,1.032,0.302,-547.9178,-551.9708,-0.7907
Ru7Ni9Co15Fe48Cu20,13,0,9,bridge,Co-Fe,fcc,Co-Fe-Fe,0.744,0.207,-547.9178,-551.7749,-0.5949
Ru7Ni9Co15Fe48Cu20,13,1,0,bridge,Fe-Fe,fcc,Fe-Fe-Fe,0.816,0.096,-545.6679,-549.6329,-0.7027
Ru7Ni9Co15Fe48Cu20,13,1,1,fcc,Co-Fe-Ni,fcc,Co-Fe-Ni,0.74,0.317,-545.6679,-549.5723,-0.6421
Ru7Ni9Co15Fe48Cu20,13,1,2,bridge,Co-Cu,bridge,Co-Cu,0.87,0.118,-545.6679,-549.3956,-0.4654
Ru7Ni9Co15Fe48Cu20,13,1,3,top,Fe,fcc,Fe-Fe-Fe,0.933,0.156,-545.6679,-549.5719,-0.6417
Ru7Ni9Co15Fe48Cu20,13,1,4,fcc,Co-Cu-Fe,fcc,Co-Cu-Fe,0.778,0.15,-545.6679,-549.4662,-0.536
Ru7Ni9Co15Fe48Cu20,13,1,5,bridge,Fe-Fe,hcp,Fe-Fe-Fe,0.874,0.136,-545.6679,-549.5491,-0.6189
Ru7Ni9Co15Fe48Cu20,13,1,6,hcp,Co-Fe-Fe,hcp,Co-Fe-Fe,0.753,0.262,-545.6679,-549.6192,-0.6891
Ru7Ni9Co15Fe48Cu20,13,1,7,bridge,Co-Fe,fcc,Co-Fe-Fe,0.876,0.267,-545.6679,-549.5968,-0.6666
Ru7Ni9Co15Fe48Cu20,13,1,8,top,Fe,fcc,Fe-Fe-Fe,0.814,0.063,-545.6679,-549.6329,-0.7027
Ru7Ni9Co15Fe48Cu20,13,1,9,bridge,Fe-Fe,bridge,Fe-Fe,0.953,0.015,-545.6679,-549.3252,-0.395
Ru7Ni9Co15Fe48Cu20,13,2,0,bridge,Cu-Cu,hcp,Cu-Cu-Ru,0.891,0.098,-546.8364,-550.8048,-0.7062
Ru7Ni9Co15Fe48Cu20,13,2,1,bridge,Co-Fe,fcc,Co-Fe-Ni,0.794,0.277,-546.8364,-550.7346,-0.636
Ru7Ni9Co15Fe48Cu20,13,2,2,top,Ni,fcc,Co-Fe-Ni,0.794,0.281,-546.8364,-550.7346,-0.636
Ru7Ni9Co15Fe48Cu20,13,2,3,bridge,Co-Fe,hcp,Co-Fe-Ni,0.816,0.3,-546.8364,-550.7214,-0.6228
Ru7Ni9Co15Fe48Cu20,13,2,4,hcp,Cu-Fe-Ni,hcp,Cu-Fe-Ni,0.796,0.101,-546.8364,-550.6424,-0.5438
Ru7Ni9Co15Fe48Cu20,13,2,5,bridge,Fe-Fe,fcc,Fe-Fe-Ni,0.841,0.126,-546.8364,-550.709,-0.6104
Ru7Ni9Co15Fe48Cu20,13,2,6,hcp,Co-Cu-Cu,hcp,Co-Cu-Cu,0.732,0.117,-546.8364,-550.5526,-0.454
Ru7Ni9Co15Fe48Cu20,13,2,7,bridge,Cu-Ru,fcc,Cu-Fe-Ru,0.982,0.231,-546.8364,-550.9003,-0.8017
Ru7Ni9Co15Fe48Cu20,13,2,8,fcc,Co-Cu-Cu,fcc,Co-Cu-Cu,0.721,0.124,-546.8364,-550.543,-0.4444
Ru7Ni9Co15Fe48Cu20,13,2,9,top,Ru,fcc,Fe-Fe-Ru,1.216,0.277,-546.8364,-550.8474,-0.7488
Ru7Ni9Co15Fe48Cu20,13,3,0,top,Ni,fcc,Fe-Fe-Ni,0.948,0.184,-547.32,-551.1952,-0.613
Ru7Ni9Co15Fe48Cu20,13,3,1,fcc,Fe-Fe-Fe,fcc,Fe-Fe-Fe,0.92,0.08,-547.32,-551.221,-0.6388
Ru7Ni9Co15Fe48Cu20,13,3,2,bridge,Fe-Ni,hcp,Fe-Fe-Ni,0.94,0.178,-547.32,-551.2211,-0.6389
Ru7Ni9Co15Fe48Cu20,13,3,3,hcp,Cu-Fe-Fe,hcp,Cu-Fe-Fe,0.865,0.137,-547.32,-551.0981,-0.5159
Ru7Ni9Co15Fe48Cu20,13,3,4,bridge,Fe-Ni,fcc,Fe-Fe-Ni,0.946,0.184,-547.32,-551.1952,-0.613
Ru7Ni9Co15Fe48Cu20,13,3,5,top,Ru,bridge,Fe-Ru,1.192,0.114,-547.32,-551.4085,-0.8262
Ru7Ni9Co15Fe48Cu20,13,3,6,bridge,Fe-Fe,bridge,Fe-Fe,1.057,0.009,-547.32,-551.1657,-0.5834
Ru7Ni9Co15Fe48Cu20,13,3,7,bridge,Fe-Fe,bridge,Fe-Fe,1.081,0.03,-547.32,-551.1155,-0.5332
Ru7Ni9Co15Fe48Cu20,13,3,8,bridge,Fe-Fe,fcc,Fe-Fe-Fe,0.949,0.084,-547.32,-551.2507,-0.6684
Ru7Ni9Co15Fe48Cu20,13,3,9,hcp,Fe-Fe-Ni,hcp,Fe-Fe-Ni,0.876,0.257,-547.32,-551.208,-0.6257
Ru7Ni9Co15Fe48Cu20,13,4,0,bridge,Cu-Ru,bridge,Cu-Ru,0.958,0.281,-546.5178,-550.4438,-0.6637
Ru7Ni9Co15Fe48Cu20,13,4,1,bridge,Cu-Ru,hcp,Ni-Ni-Ru,0.916,0.263,-546.5178,-550.5734,-0.7933
Ru7Ni9Co15Fe48Cu20,13,4,2,top,Fe,hcp,Co-Cu-Fe,0.756,0.187,-546.5178,-550.2765,-0.4964
Ru7Ni9Co15Fe48Cu20,13,4,3,fcc,Co-Co-Fe,bridge,Co-Co,0.851,0.253,-546.5178,-550.4335,-0.6534
Ru7Ni9Co15Fe48Cu20,13,4,4,bridge,Cu-Ni,hcp,Cu-Fe-Ni,0.738,0.074,-546.5178,-550.308,-0.5279
Ru7Ni9Co15Fe48Cu20,13,4,5,top,Co,hcp,Co-Fe-Ni,0.752,0.317,-546.5178,-550.3134,-0.5333
Ru7Ni9Co15Fe48Cu20,13,4,6,hcp,Co-Co-Co,hcp,Co-Co-Co,0.713,0.074,-546.5178,-550.4619,-0.6818
Ru7Ni9Co15Fe48Cu20,13,4,7,hcp,Co-Ni-Ru,fcc,Co-Ni-Ru,0.984,0.364,-546.5178,-550.5517,-0.7716
Ru7Ni9Co15Fe48Cu20,13,4,8,bridge,Co-Fe,bridge,Co-Ru,0.983,0.273,-546.5178,-550.5424,-0.7623
Ru7Ni9Co15Fe48Cu20,13,4,9,bridge,Cu-Ni,hcp,Ni-Ni-Ru,0.858,0.108,-546.5178,-550.5747,-0.7946
Ru7Ni9Co15Fe48Cu20,13,5,0,bridge,Cu-Fe,hcp,Fe-Fe-Ru,1.074,0.297,-548.4152,-552.4774,-0.7999
Ru7Ni9Co15Fe48Cu20,13,5,1,hcp,Co-Cu-Ru,hcp,Co-Cu-Ru,0.914,0.173,-548.4152,-552.3227,-0.6453
Ru7Ni9Co15Fe48Cu20,13,5,2,bridge,Fe-Ru,hcp,Fe-Fe-Ru,1.096,0.335,-548.4152,-552.4782,-0.8007
Ru7Ni9Co15Fe48Cu20,13,5,3,bridge,Cu-Fe,hcp,Cu-Fe-Fe,0.905,0.077,-548.4152,-552.1907,-0.5132
Ru7Ni9Co15Fe48Cu20,13,5,4,top,Ru,bridge,Ni-Ru,0.998,0.282,-548.4152,-552.4883,-0.8109
Ru7Ni9Co15Fe48Cu20,13,5,5,bridge,Fe-Ru,hcp,Fe-Fe-Ru,1.202,0.369,-548.4152,-552.5068,-0.8294
Ru7Ni9Co15Fe48Cu20,13,5,6,fcc,Cu-Ni-Ru,fcc,Cu-Ni-Ru,0.904,0.1,-548.4152,-552.2842,-0.6068
Ru7Ni9Co15Fe48Cu20,13,5,7,top,Co,fcc,Co-Cu-Fe,0.88,0.249,-548.4152,-552.2186,-0.5411
Ru7Ni9Co15Fe48Cu20,13,5,8,bridge,Co-Fe,fcc,Co-Fe-Fe,0.944,0.277,-548.4152,-552.3119,-0.6345
Ru7Ni9Co15Fe48Cu20,13,5,9,fcc,Co-Fe-Ru,bridge,Co-Ru,1.004,0.29,-548.4152,-552.4199,-0.7425
Ru7Ni9Co15Fe48Cu20,13,6,0,bridge,Co-Cu,bridge,Co-Cu,0.929,0.065,-545.7228,-549.4892,-0.5042
Ru7Ni9Co15Fe48Cu20,13,6,1,top,Cu,fcc,Co-Cu-Fe,0.877,0.292,-545.7228,-549.5212,-0.5362
Ru7Ni9Co15Fe48Cu20,13,6,2,top,Cu,hcp,Cu-Fe-Fe,0.796,0.093,-545.7228,-549.5804,-0.5953
Ru7Ni9Co15Fe48Cu20,13,6,3,fcc,Co-Fe-Ni,fcc,Co-Fe-Ni,0.736,0.191,-545.7228,-549.6222,-0.6372
Ru7Ni9Co15Fe48Cu20,13,6,4,bridge,Fe-Fe,bridge,Fe-Fe,0.937,0.033,-545.7228,-549.4032,-0.4182
Ru7Ni9Co15Fe48Cu20,13,6,5,hcp,Co-Fe-Fe,hcp,Co-Fe-Fe,0.906,0.186,-545.7228,-549.6735,-0.6885
Ru7Ni9Co15Fe48Cu20,13,6,6,bridge,Cu-Fe,fcc,Cu-Fe-Fe,0.789,0.092,-545.7228,-549.5417,-0.5567
Ru7Ni9Co15Fe48Cu20,13,6,7,bridge,Cu-Fe,fcc,Cu-Fe-Fe,0.817,0.047,-545.7228,-549.5188,-0.5338
Ru7Ni9Co15Fe48Cu20,13,6,8,fcc,Cu-Fe-Ni,fcc,Cu-Fe-Ni,0.787,0.05,-545.7228,-549.5274,-0.5424
Ru7Ni9Co15Fe48Cu20,13,6,9,bridge,Co-Ni,fcc,Co-Fe-Ni,0.74,0.193,-545.7228,-549.6223,-0.6373
Ru7Ni9Co15Fe48Cu20,13,7,0,top,Fe,hcp,Fe-Fe-Fe,0.815,0.121,-546.4228,-550.3488,-0.6638
Ru7Ni9Co15Fe48Cu20,13,7,1,top,Co,hcp,Co-Fe-Fe,0.778,0.373,-546.4228,-550.2966,-0.6116
Ru7Ni9Co15Fe48Cu20,13,7,2,bridge,Fe-Fe,fcc,Co-Fe-Fe,0.749,0.205,-546.4228,-550.3402,-0.6552
Ru7Ni9Co15Fe48Cu20,13,7,3,hcp,Co-Cu-Fe,hcp,Co-Cu-Fe,0.748,0.127,-546.4228,-550.2742,-0.5892
Ru7Ni9Co15Fe48Cu20,13,7,4,bridge,Co-Fe,fcc,Co-Fe-Fe,0.772,0.245,-546.4228,-550.2839,-0.5989
Ru7Ni9Co15Fe48Cu20,13,7,5,hcp,Cu-Fe-Fe,hcp,Cu-Fe-Fe,0.859,0.075,-546.4228,-550.2864,-0.6014
Ru7Ni9Co15Fe48Cu20,13,7,6,fcc,Cu-Fe-Fe,fcc,Cu-Fe-Fe,0.797,0.1,-546.4228,-550.2296,-0.5446
Ru7Ni9Co15Fe48Cu20,13,7,7,bridge,Fe-Fe,fcc,Fe-Fe-Ru,1.009,0.307,-546.4228,-550.4778,-0.7928
Ru7Ni9Co15Fe48Cu20,13,7,8,bridge,Fe-Ru,bridge,Fe-Ru,1.04,0.054,-546.4228,-550.4637,-0.7787
Ru7Ni9Co15Fe48Cu20,13,7,9,bridge,Fe-Fe,hcp,Fe-Fe-Fe,0.818,0.117,-546.4228,-550.3488,-0.6638
Ru7Ni9Co15Fe48Cu20,13,8,0,hcp,Co-Fe-Ni,hcp,Co-Fe-Ni,0.8,0.32,-547.4829,-551.4479,-0.7028
Ru7Ni9Co15Fe48Cu20,13,8,1,bridge,Fe-Fe,fcc,Fe-Fe-Fe,0.871,0.039,-547.4829,-551.3635,-0.6184
Ru7Ni9Co15Fe48Cu20,13,8,2,top,Fe,hcp,Cu-Fe-Fe,0.778,0.085,-547.4829,-551.2258,-0.4807
Ru7Ni9Co15Fe48Cu20,13,8,3,bridge,Cu-Ni,fcc,Cu-Fe-Ni,0.731,0.092,-547.4829,-551.24,-0.4949
Ru7Ni9Co15Fe48Cu20,13,8,4,fcc,Cu-Fe-Ru,bridge,Cu-Ru,0.921,0.35,-547.4829,-551.3795,-0.6343
Ru7Ni9Co15Fe48Cu20,13,8,5,bridge,Co-Co,hcp,Co-Co-Ni,0.647,0.045,-547.4829,-551.4367,-0.6915
Ru7Ni9Co15Fe48Cu20,13,8,6,bridge,Cu-Ni,bridge,Ni-Ru,0.912,0.34,-547.4829,-551.5082,-0.763
Ru7Ni9Co15Fe48Cu20,13,8,7,hcp,Cu-Fe-Ni,hcp,Cu-Fe-Ni,0.812,0.178,-547.4829,-551.2247,-0.4796
Ru7Ni9Co15Fe48Cu20,13,8,8,top,Co,fcc,Co-Co-Cu,0.696,0.126,-547.4829,-551.3128,-0.5677
Ru7Ni9Co15Fe48Cu20,13,8,9,bridge,Fe-Ru,bridge,Fe-Ru,1.028,0.184,-547.4829,-551.3914,-0.6463
Ru7Ni9Co15Fe48Cu20,13,9,0,hcp,Cu-Cu-Fe,hcp,Cu-Cu-Fe,0.835,0.066,-547.5594,-551.251,-0.4294
Ru7Ni9Co15Fe48Cu20,13,9,1,top,Fe,bridge,Fe-Ru,1.156,0.28,-547.5594,-551.5404,-0.7187
Ru7Ni9Co15Fe48Cu20,13,9,2,top,Cu,hcp,Cu-Fe-Fe,0.878,0.13,-547.5594,-551.3228,-0.5012
Ru7Ni9Co15Fe48Cu20,13,9,3,fcc,Co-Fe-Fe,fcc,Co-Fe-Fe,0.814,0.225,-547.5594,-551.3973,-0.5757
Ru7Ni9Co15Fe48Cu20,13,9,4,bridge,Cu-Fe,hcp,Cu-Fe-Fe,0.89,0.084,-547.5594,-551.3948,-0.5732
Ru7Ni9Co15Fe48Cu20,13,9,5,bridge,Ni-Ru,bridge,Ni-Ru,1.003,0.335,-547.5594,-551.638,-0.8164
Ru7Ni9Co15Fe48Cu20,13,9,6,fcc,Cu-Fe-Ru,fcc,Cu-Fe-Ru,1.038,0.201,-547.5594,-551.4801,-0.6585
Ru7Ni9Co15Fe48Cu20,13,9,7,bridge,Fe-Ru,bridge,Fe-Ru,1.162,0.098,-547.5594,-551.5797,-0.7581
Ru7Ni9Co15Fe48Cu20,13,9,8,bridge,Cu-Fe,hcp,Cu-Fe-Fe,0.801,0.048,-547.5594,-551.3884,-0.5667
Ru7Ni9Co15Fe48Cu20,13,9,9,bridge,Fe-Ru,bridge,Fe-Ru,1.149,0.274,-547.5594,-551.5404,-0.7187
Ru14Ni25Co6Fe28Cu28,14,0,0,bridge,Cu-Fe,hcp,Cu-Cu-Fe,0.711,0.09,-502.045,-505.8007,-0.4935
Ru14Ni25Co6Fe28Cu28,14,0,1,bridge,Cu-Fe,fcc,Cu-Fe-Fe,0.854,0.112,-502.045,-505.8914,-0.5841
Ru14Ni25Co6Fe28Cu28,14,0,2,hcp,Cu-Cu-Cu,hcp,Cu-Cu-Cu,0.747,0.065,-502.045,-505.7127,-0.4055
Ru14Ni25Co6Fe28Cu28,14,0,3,hcp,Cu-Cu-Fe,hcp,Cu-Cu-Fe,0.707,0.09,-502.045,-505.8007,-0.4935
Ru14Ni25Co6Fe28Cu28,14,0,4,top,Ni,hcp,Ni-Ni-Ni,0.663,0.042,-502.045,-506.0224,-0.7152
Ru14Ni25Co6Fe28Cu28,14,0,5,fcc,Cu-Fe-Ni,fcc,Cu-Fe-Ni,0.675,0.057,-502.045,-505.8984,-0.5912
Ru14Ni25Co6Fe28Cu28,14,0,6,bridge,Cu-Fe,fcc,Cu-Fe-Fe,0.861,0.121,-502.045,-505.8913,-0.5841
Ru14Ni25Co6Fe28Cu28,14,0,7,bridge,Cu-Ni,hcp,Cu-Fe-Ni,0.763,0.068,-502.045,-505.9712,-0.6639
Ru14Ni25Co6Fe28Cu28,14,0,8,top,Cu,hcp,Cu-Fe-Fe,0.743,0.184,-502.045,-505.9125,-0.6053
Ru14Ni25Co6Fe28Cu28,14,0,9,bridge,Cu-Fe,fcc,Cu-Fe-Fe,0.785,0.078,-502.045,-505.8497,-0.5425
Ru14Ni25Co6Fe28Cu28,14,1,0,bridge,Cu-Ni,fcc,Cu-Fe-Ni,0.794,0.137,-500.5774,-504.3152,-0.4755
Ru14Ni25Co6Fe28Cu28,14,1,1,fcc,Cu-Fe-Ni,fcc,Cu-Fe-Ni,0.731,0.14,-500.5774,-504.3352,-0.4956
Ru14Ni25Co6Fe28Cu28,14,1,2,top,Ru,bridge,Ni-Ru,0.996,0.023,-500.5774,-504.717,-0.8774
Ru14Ni25Co6Fe28Cu28,14,1,3,bridge,Fe-Ni,bridge,Ni-Ru,0.994,0.089,-500.5774,-504.717,-0.8774
Ru14Ni25Co6Fe28Cu28,14,1,4,hcp,Co-Cu-Fe,hcp,Co-Cu-Fe,0.8,0.112,-500.5774,-504.4378,-0.5982
Ru14Ni25Co6Fe28Cu28,14,1,5,bridge,Fe-Ni,hcp,Fe-Fe-Ni,0.843,0.079,-500.5774,-504.4306,-0.591
Ru14Ni25Co6Fe28Cu28,14,1,6,bridge,Fe-Ru,fcc,Fe-Fe-Ru,1.021,0.299,-500.5774,-504.6282,-0.7886
Ru14Ni25Co6Fe28Cu28,14,1,7,bridge,Cu-Ni,bridge,Cu-Ni,0.845,0.058,-500.5774,-504.2741,-0.4344
Ru14Ni25Co6Fe28Cu28,14,1,8,top,Cu,hcp,Co-Cu-Fe,0.843,0.269,-500.5774,-504.3847,-0.5451
Ru14Ni25Co6Fe28Cu28,14,1,9,fcc,Co-Cu-Fe,fcc,Co-Cu-Fe,0.843,0.224,-500.5774,-504.4146,-0.575
Ru14Ni25Co6Fe28Cu28,14,2,0,bridge,Cu-Ru,hcp,Cu-Ni-Ru,0.778,0.039,-498.0836,-502.1187,-0.7729
Ru14Ni25Co6Fe28Cu28,14,2,1,fcc,Cu-Ni-Ni,fcc,Cu-Ni-Ni,0.63,0.043,-498.0836,-501.9116,-0.5657
Ru14Ni25Co6Fe28Cu28,14,2,2,hcp,Cu-Ni-Ru,hcp,Cu-Ni-Ru,0.778,0.033,-498.0836,-502.1187,-0.7729
Ru14Ni25Co6Fe28Cu28,14,2,3,top,Cu,hcp,Cu-Fe-Ru,0.978,0.262,-498.0836,-502.174,-0.8281
Ru14Ni25Co6Fe28Cu28,14,2,4,bridge,Ni-Ni,hcp,Co-Ni-Ni,0.647,0.055,-498.0836,-502.1093,-0.7635
Ru14Ni25Co6Fe28Cu28,14,2,5,bridge,Cu-Fe,fcc,Cu-Fe-Ru,0.87,0.122,-498.0836,-501.9247,-0.5789
Ru14Ni25Co6Fe28Cu28,14,2,6,top,Fe,hcp,Cu-Fe-Ru,0.979,0.261,-498.0836,-502.174,-0.8282
Ru14Ni25Co6Fe28Cu28,14,2,7,bridge,Co-Cu,hcp,Co-Ni-Ni,0.647,0.054,-498.0836,-502.1093,-0.7635
Ru14Ni25Co6Fe28Cu28,14,2,8,fcc,Cu-Fe-Ru,fcc,Cu-Fe-Ru,0.862,0.099,-498.0836,-501.9254,-0.5796
Ru14Ni25Co6Fe28Cu28,14,2,9,bridge,Cu-Cu,fcc,Cu-Cu-Fe,0.762,0.039,-498.0836,-501.7737,-0.4279
Ru14Ni25Co6Fe28Cu28,14,3,0,top,Ni,fcc,Fe-Fe-Ni,0.84,0.1,-496.7712,-500.6511,-0.6177
Ru14Ni25Co6Fe28Cu28,14,3,1,fcc,Fe-Fe-Fe,fcc,Fe-Fe-Fe,0.872,0.044,-496.7712,-500.6671,-0.6336
Ru14Ni25Co6Fe28Cu28,14,3,2,hcp,Co-Fe-Fe,hcp,Co-Fe-Fe,0.852,0.285,-496.7712,-500.6818,-0.6484
Ru14Ni25Co6Fe28Cu28,14,3,3,bridge,Fe-Ni,fcc,Fe-Fe-Ni,0.841,0.103,-496.7712,-500.6511,-0.6177
Ru14Ni25Co6Fe28Cu28,14,3,4,bridge,Fe-Ni,hcp,Fe-Ni-Ni,0.707,0.119,-496.7712,-500.5861,-0.5527
Ru14Ni25Co6Fe28Cu28,14,3,5,bridge,Cu-Fe,hcp,Co-Cu-Fe,0.769,0.131,-496.7712,-500.5992,-0.5658
Ru14Ni25Co6Fe28Cu28,14,3,6,bridge,Co-Cu,fcc,Co-Cu-Fe,0.747,0.114,-496.7712,-500.5788,-0.5454
Ru14Ni25Co6Fe28Cu28,14,3,7,bridge,Cu-Cu,fcc,Cu-Cu-Ni,0.648,0.078,-496.7712,-500.4325,-0.3991
Ru14Ni25Co6Fe28Cu28,14,3,8,fcc,Co-Cu-Fe,fcc,Co-Cu-Fe,0.749,0.117,-496.7712,-500.5788,-0.5454
Ru14Ni25Co6Fe28Cu28,14,3,9,top,Co,bridge,Co-Co,0.824,0.122,-496.7712,-500.7414,-0.708
Ru14Ni25Co6Fe28Cu28,14,4,0,top,Cu,hcp,Cu-Cu-Fe,0.809,0.087,-498.7769,-502.5588,-0.5196
Ru14Ni25Co6Fe28Cu28,14,4,1,bridge,Ni-Ni,hcp,Ni-Ni-Ru,0.703,0.062,-498.7769,-502.9588,-0.9197
Ru14Ni25Co6Fe28Cu28,14,4,2,bridge,Ni-Ru,bridge,Ni-Ru,1.023,0.317,-498.7769,-502.9126,-0.8734
Ru14Ni25Co6Fe28Cu28,14,4,3,bridge,Co-Ru,bridge,Ni-Ru,1.025,0.319,-498.7769,-502.9126,-0.8734
Ru14Ni25Co6Fe28Cu28,14,4,4,top,Co,bridge,Ni-Ru,1.026,0.314,-498.7769,-502.9126,-0.8734
Ru14Ni25Co6Fe28Cu28,14,4,5,hcp,Fe-Ni-Ru,bridge,Ni-Ru,1.023,0.319,-498.7769,-502.9126,-0.8734
Ru14Ni25Co6Fe28Cu28,14,4,6,fcc,Cu-Ni-Ni,fcc,Cu-Ni-Ni,0.659,0.061,-498.7769,-502.5463,-0.5072
Ru14Ni25Co6Fe28Cu28,14,4,7,fcc,Fe-Ni-Ni,fcc,Fe-Ni-Ni,0.772,0.258,-498.7769,-502.5122,-0.473
Ru14Ni25Co6Fe28Cu28,14,4,8,bridge,Ni-Ni,fcc,Ni-Ni-Ru,0.771,0.006,-498.7769,-502.7904,-0.7513
Ru14Ni25Co6Fe28Cu28,14,4,9,bridge,Fe-Ni,hcp,Fe-Fe-Ni,0.836,0.226,-498.7769,-502.6302,-0.5911
Ru14Ni25Co6Fe28Cu28,14,5,0,fcc,Co-Cu-Cu,fcc,Co-Cu-Cu,0.757,0.104,-498.5454,-502.2824,-0.4747
Ru14Ni25Co6Fe28Cu28,14,5,1,bridge,Fe-Ni,bridge,Fe-Ni,0.959,0.126,-498.5454,-502.249,-0.4413
Ru14Ni25Co6Fe28Cu28,14,5,2,top,Ru,bridge,Fe-Ru,1.16,0.31,-498.5454,-502.6409,-0.8332
Ru14Ni25Co6Fe28Cu28,14,5,3,bridge,Cu-Fe,fcc,Cu-Fe-Ni,0.756,0.119,-498.5454,-502.3101,-0.5024
Ru14Ni25Co6Fe28Cu28,14,5,4,bridge,Cu-Fe,fcc,Fe-Fe-Ni,0.849,0.175,-498.5454,-502.425,-0.6173
Ru14Ni25Co6Fe28Cu28,14,5,5,hcp,Cu-Fe-Ni,hcp,Cu-Fe-Ni,0.794,0.165,-498.5454,-502.3162,-0.5085
Ru14Ni25Co6Fe28Cu28,14,5,6,fcc,Fe-Ni-Ni,fcc,Fe-Ni-Ni,0.823,0.332,-498.5454,-502.3609,-0.5532
Ru14Ni25Co6Fe28Cu28,14,5,7,top,Cu,bridge,Fe-Ru,1.158,0.33,-498.5454,-502.6408,-0.8332
Ru14Ni25Co6Fe28Cu28,14,5,8,bridge,Fe-Ni,fcc,Fe-Fe-Ni,0.853,0.176,-498.5454,-502.425,-0.6174
Ru14Ni25Co6Fe28Cu28,14,5,9,bridge,Cu-Ru,bridge,Cu-Ru,1.101,0.079,-498.5454,-502.4663,-0.6586
Ru14Ni25Co6Fe28Cu28,14,6,0,top,Fe,hcp,Co-Fe-Fe,0.847,0.305,-498.9492,-502.7444,-0.533
Ru14Ni25Co6Fe28Cu28,14,6,1,bridge,Cu-Ru,fcc,Cu-Fe-Ru,0.858,0.255,-498.9492,-502.8253,-0.6138
Ru14Ni25Co6Fe28Cu28,14,6,2,bridge,Cu-Fe,bridge,Cu-Fe,0.999,0.003,-498.9492,-502.6556,-0.4441
Ru14Ni25Co6Fe28Cu28,14,6,3,hcp,Cu-Cu-Ru,hcp,Cu-Cu-Ru,0.803,0.14,-498.9492,-502.9072,-0.6957
Ru14Ni25Co6Fe28Cu28,14,6,4,bridge,Cu-Cu,hcp,Cu-Cu-Ru,0.729,0.067,-498.9492,-502.7933,-0.5818
Ru14Ni25Co6Fe28Cu28,14,6,5,fcc,Fe-Fe-Ni,fcc,Fe-Fe-Ni,0.83,0.196,-498.9492,-502.8061,-0.5946
Ru14Ni25Co6Fe28Cu28,14,6,6,bridge,Cu-Ni,hcp,Cu-Ni-Ru,0.761,0.016,-498.9492,-502.9701,-0.7586
Ru14Ni25Co6Fe28Cu28,14,6,7,top,Fe,bridge,Fe-Fe,0.966,0.358,-498.9492,-502.7704,-0.5589
Ru14Ni25Co6Fe28Cu28,14,6,8,fcc,Co-Cu-Ru,hcp,Cu-Fe-Ru,0.817,0.098,-498.9492,-502.9232,-0.7118
Ru14Ni25Co6Fe28Cu28,14,6,9,bridge,Cu-Ru,hcp,Cu-Cu-Ru,0.803,0.138,-498.9492,-502.9072,-0.6957
Ru14Ni25Co6Fe28Cu28,14,7,0,top,Cu,hcp,Cu-Fe-Fe,0.79,0.178,-499.0023,-502.7881,-0.5235
Ru14Ni25Co6Fe28Cu28,14,7,1,hcp,Co-Cu-Ni,hcp,Co-Cu-Ni,0.634,0.108,-499.0023,-502.864,-0.5995
Ru14Ni25Co6Fe28Cu28,14,7,2,bridge,Co-Fe,hcp,Co-Fe-Fe,0.822,0.325,-499.0023,-502.9566,-0.692
Ru14Ni25Co6Fe28Cu28,14,7,3,bridge,Cu-Ru,hcp,Cu-Ni-Ru,0.731,0.049,-499.0023,-503.1027,-0.8381
Ru14Ni25Co6Fe28Cu28,14,7,4,bridge,Co-Fe,hcp,Co-Fe-Fe,0.82,0.325,-499.0023,-502.9566,-0.692
Ru14Ni25Co6Fe28Cu28,14,7,5,bridge,Cu-Cu,fcc,Cu-Cu-Fe,0.725,0.057,-499.0023,-502.7778,-0.5132
Ru14Ni25Co6Fe28Cu28,14,7,6,bridge,Ni-Ni,fcc,Ni-Ni-Ru,0.801,0.102,-499.0023,-503.0459,-0.7814
Ru14Ni25Co6Fe28Cu28,14,7,7,top,Ni,bridge,Ni-Ru,0.982,0.355,-499.0023,-503.0471,-0.7825
Ru14Ni25Co6Fe28Cu28,14,7,8,hcp,Fe-Fe-Ru,hcp,Fe-Fe-Ru,0.951,0.367,-499.0023,-503.0247,-0.7602
Ru14Ni25Co6Fe28Cu28,14,7,9,fcc,Cu-Fe-Ni,fcc,Cu-Fe-Ni,0.692,0.109,-499.0023,-502.7469,-0.4823
Ru14Ni25Co6Fe28Cu28,14,8,0,bridge,Cu-Ni,hcp,Cu-Ni-Ni,0.728,0.056,-500.1148,-503.9728,-0.5957
Ru14Ni25Co6Fe28Cu28,14,8,1,fcc,Cu-Cu-Fe,fcc,Cu-Cu-Fe,0.823,0.063,-500.1148,-503.7816,-0.4045
Ru14Ni25Co6Fe28Cu28,14,8,2,bridge,Fe-Ni,fcc,Fe-Ni-Ni,0.764,0.136,-500.1148,-504.0215,-0.6445
Ru14Ni25Co6Fe28Cu28,14,8,3,top,Ni,bridge,Co-Ni,0.85,0.166,-500.1148,-503.9914,-0.6143
Ru14Ni25Co6Fe28Cu28,14,8,4,hcp,Cu-Fe-Ni,hcp,Cu-Fe-Ni,0.775,0.116,-500.1148,-503.9543,-0.5773
Ru14Ni25Co6Fe28Cu28,14,8,5,top,Ni,hcp,Cu-Ni-Ni,0.73,0.058,-500.1148,-503.9728,-0.5957
Ru14Ni25Co6Fe28Cu28,14,8,6,hcp,Cu-Fe-Ni,hcp,Cu-Fe-Ni,0.799,0.17,-500.1148,-503.8645,-0.4875
Ru14Ni25Co6Fe28Cu28,14,8,7,bridge,Cu-Ru,bridge,Cu-Ru,1.07,0.053,-500.1148,-504.1086,-0.7316
Ru14Ni25Co6Fe28Cu28,14,8,8,bridge,Cu-Cu,hcp,Cu-Cu-Fe,0.799,0.012,-500.1148,-503.8244,-0.4473
Ru14Ni25Co6Fe28Cu28,14,8,9,bridge,Cu-Fe,fcc,Cu-Cu-Fe,0.748,0.035,-500.1148,-503.863,-0.486
Ru14Ni25Co6Fe28Cu28,14,9,0,bridge,Co-Fe,hcp,Co-Fe-Fe,0.921,0.278,-498.0037,-501.8385,-0.5726
Ru14Ni25Co6Fe28Cu28,14,9,1,bridge,Co-Fe,bridge,Co-Ru,1.042,0.056,-498.0037,-502.1217,-0.8558
Ru14Ni25Co6Fe28Cu28,14,9,2,top,Ru,fcc,Fe-Fe-Ru,1.151,0.356,-498.0037,-502.1658,-0.8999
Ru14Ni25Co6Fe28Cu28,14,9,3,bridge,Fe-Ni,fcc,Fe-Ni-Ru,0.901,0.317,-498.0037,-502.0898,-0.8239
Ru14Ni25Co6Fe28Cu28,14,9,4,hcp,Co-Cu-Fe,hcp,Co-Cu-Fe,0.837,0.217,-498.0037,-501.7503,-0.4844
Ru14Ni25Co6Fe28Cu28,14,9,5,hcp,Co-Fe-Fe,hcp,Co-Fe-Fe,0.92,0.271,-498.0037,-501.8385,-0.5726
Ru14Ni25Co6Fe28Cu28,14,9,6,bridge,Co-Ru,bridge,Co-Ru,1.019,0.293,-498.0037,-502.0771,-0.8112
Ru14Ni25Co6Fe28Cu28,14,9,7,bridge,Co-Fe,bridge,Co-Ru,1.023,0.289,-498.0037,-502.0771,-0.8111
Ru14Ni25Co6Fe28Cu28,14,9,8,top,Ni,hcp,Fe-Fe-Ni,0.809,0.172,-498.0037,-501.8318,-0.5659
Ru14Ni25Co6Fe28Cu28,14,9,9,fcc,Co-Cu-Fe,fcc,Co-Cu-Fe,0.845,0.144,-498.0037,-501.8127,-0.5468
Ru24Ni7Co39Fe11Cu19,15,0,0,top,Co,fcc,Co-Fe-Ru,1.043,0.145,-532.6966,-536.73,-0.7712
Ru24Ni7Co39Fe11Cu19,15,0,1,bridge,Co-Cu,hcp,Co-Cu-Ru,0.825,0.102,-532.6966,-536.6539,-0.6951
Ru24Ni7Co39Fe11Cu19,15,0,2,fcc,Cu-Fe-Ru,fcc,Cu-Fe-Ru,0.882,0.29,-532.6966,-536.7514,-0.7926
Ru24Ni7Co39Fe11Cu19,15,0,3,top,Cu,bridge,Cu-Ru,0.918,0.219,-532.6966,-536.6426,-0.6838
Ru24Ni7Co39Fe11Cu19,15,0,4,hcp,Co-Cu-Cu,hcp,Co-Cu-Cu,0.601,0.062,-532.6966,-536.3471,-0.3883
Ru24Ni7Co39Fe11Cu19,15,0,5,fcc,Co-Co-Cu,fcc,Co-Co-Cu,0.589,0.132,-532.6966,-536.4736,-0.5148
Ru24Ni7Co39Fe11Cu19,15,0,6,bridge,Co-Fe,bridge,Co-Co,0.728,0.347,-532.6966,-536.6238,-0.665
Ru24Ni7Co39Fe11Cu19,15,0,7,bridge,Co-Cu,fcc,Co-Co-Cu,0.629,0.077,-532.6966,-536.6396,-0.6808
Ru24Ni7Co39Fe11Cu19,15,0,8,bridge,Co-Ru,bridge,Co-Ru,0.917,0.377,-532.6966,-536.69,-0.7312
Ru24Ni7Co39Fe11Cu19,15,0,9,bridge,Cu-Ru,hcp,Co-Cu-Ru,0.689,0.098,-532.6966,-536.7023,-0.7435
Ru24Ni7Co39Fe11Cu19,15,1,0,hcp,Cu-Cu-Ru,hcp,Cu-Cu-Ru,0.775,0.096,-532.5767,-536.4296,-0.5907
Ru24Ni7Co39Fe11Cu19,15,1,1,top,Cu,fcc,Cu-Cu-Fe,0.751,0.034,-532.5767,-536.3198,-0.4809
Ru24Ni7Co39Fe11Cu19,15,1,2,bridge,Cu-Ru,bridge,Co-Ru,0.915,0.233,-532.5767,-536.5984,-0.7595
Ru24Ni7Co39Fe11Cu19,15,1,3,bridge,Cu-Cu,hcp,Cu-Cu-Fe,0.739,0.06,-532.5767,-536.318,-0.4791
Ru24Ni7Co39Fe11Cu19,15,1,4,top,Cu,fcc,Co-Cu-Fe,0.829,0.228,-532.5767,-536.4437,-0.6048
Ru24Ni7Co39Fe11Cu19,15,1,5,bridge,Fe-Ru,bridge,Ru-Ru,0.885,0.34,-532.5767,-536.7078,-0.8689
Ru24Ni7Co39Fe11Cu19,15,1,6,fcc,Co-Cu-Ru,fcc,Co-Cu-Ru,0.795,0.083,-532.5767,-536.561,-0.7221
Ru24Ni7Co39Fe11Cu19,15,1,7,bridge,Co-Fe,hcp,Co-Cu-Fe,0.82,0.29,-532.5767,-536.4494,-0.6105
Ru24Ni7Co39Fe11Cu19,15,1,8,bridge,Co-Co,bridge,Co-Ru,0.914,0.23,-532.5767,-536.5984,-0.7595
Ru24Ni7Co39Fe11Cu19,15,1,9,fcc,Co-Cu-Fe,fcc,Co-Cu-Fe,0.832,0.227,-532.5767,-536.4437,-0.6048
Ru24Ni7Co39Fe11Cu19,15,2,0,bridge,Co-Ru,bridge,Co-Ru,0.814,0.352,-530.8511,-534.7638,-0.6504
Ru24Ni7Co39Fe11Cu19,15,2,1,top,Co,hcp,Co-Co-Ru,0.601,0.083,-530.8511,-534.8757,-0.7623
Ru24Ni7Co39Fe11Cu19,15,2,2,fcc,Co-Co-Co,fcc,Co-Co-Co,0.537,0.022,-530.8511,-534.7159,-0.6026
Ru24Ni7Co39Fe11Cu19,15,2,3,bridge,Co-Co,fcc,Co-Co-Co,0.649,0.065,-530.8511,-534.797,-0.6837
Ru24Ni7Co39Fe11Cu19,15,2,4,top,Ru,fcc,Co-Ni-Ru,0.731,0.097,-530.8511,-534.9294,-0.816
Ru24Ni7Co39Fe11Cu19,15,2,5,hcp,Co-Co-Co,hcp,Co-Co-Co,0.527,0.05,-530.8511,-534.7,-0.5867
Ru24Ni7Co39Fe11Cu19,15,2,6,bridge,Co-Co,hcp,Co-Co-Ru,0.599,0.077,-530.8511,-534.8757,-0.7624
Ru24Ni7Co39Fe11Cu19,15,2,7,hcp,Co-Co-Ru,hcp,Co-Co-Ru,0.606,0.078,-530.8511,-534.8757,-0.7623
Ru24Ni7Co39Fe11Cu19,15,2,8,bridge,Co-Cu,hcp,Co-Co-Cu,0.705,0.134,-530.8511,-534.7336,-0.6202
Ru24Ni7Co39Fe11Cu19,15,2,9,bridge,Co-Co,hcp,Co-Ni-Ru,0.747,0.121,-530.8511,-534.9005,-0.7871
Ru24Ni7Co39Fe11Cu19,15,3,0,fcc,Co-Co-Ru,fcc,Co-Co-Ru,0.759,0.09,-533.5507,-537.6552,-0.8423
Ru24Ni7Co39Fe11Cu19,15,3,1,bridge,Co-Cu,hcp,Co-Cu-Fe,0.549,0.139,-533.5507,-537.273,-0.4601
Ru24Ni7Co39Fe11Cu19,15,3,2,bridge,Co-Ru,hcp,Co-Ru-Ru,0.893,0.207,-533.5507,-537.5933,-0.7804
Ru24Ni7Co39Fe11Cu19,15,3,3,bridge,Co-Ru,fcc,Co-Ni-Ru,0.902,0.243,-533.5507,-537.5919,-0.779
Ru24Ni7Co39Fe11Cu19,15,3,4,hcp,Co-Ru-Ru,hcp,Co-Ru-Ru,0.875,0.18,-533.5507,-537.593,-0.7801
Ru24Ni7Co39Fe11Cu19,15,3,5,bridge,Co-Co,fcc,Co-Co-Ru,0.765,0.092,-533.5507,-537.6553,-0.8423
Ru24Ni7Co39Fe11Cu19,15,3,6,hcp,Co-Co-Ni,hcp,Co-Co-Ni,0.492,0.166,-533.5507,-537.3565,-0.5436
Ru24Ni7Co39Fe11Cu19,15,3,7,bridge,Co-Cu,fcc,Co-Cu-Fe,0.594,0.172,-533.5507,-537.3215,-0.5086
Ru24Ni7Co39Fe11Cu19,15,3,8,top,Co,fcc,Co-Co-Ru,0.755,0.093,-533.5507,-537.6553,-0.8423
Ru24Ni7Co39Fe11Cu19,15,3,9,top,Fe,hcp,Co-Fe-Ru,0.757,0.221,-533.5507,-537.6975,-0.8846
Ru24Ni7Co39Fe11Cu19,15,4,0,top,Cu,hcp,Co-Cu-Cu,0.735,0.111,-534.0707,-537.8625,-0.5295
Ru24Ni7Co39Fe11Cu19,15,4,1,top,Cu,fcc,Co-Co-Ru,0.958,0.308,-534.0707,-538.1298,-0.7968
Ru24Ni7Co39Fe11Cu19,15,4,2,bridge,Co-Cu,fcc,Co-Cu-Ru,0.815,0.141,-534.0707,-538.0676,-0.7347
Ru24Ni7Co39Fe11Cu19,15,4,3,fcc,Co-Cu-Fe,fcc,Co-Cu-Fe,0.573,0.207,-534.0707,-537.7703,-0.4373
Ru24Ni7Co39Fe11Cu19,15,4,4,bridge,Co-Cu,bridge,Co-Ru,0.784,0.097,-534.0707,-538.0764,-0.7434
Ru24Ni7Co39Fe11Cu19,15,4,5,bridge,Fe-Ru,fcc,Co-Fe-Ru,0.945,0.274,-534.0707,-538.1488,-0.8158
Ru24Ni7Co39Fe11Cu19,15,4,6,bridge,Co-Ru,bridge,Co-Ru,0.779,0.131,-534.0707,-538.0766,-0.7436
Ru24Ni7Co39Fe11Cu19,15,4,7,bridge,Co-Ru,fcc,Co-Fe-Ru,0.938,0.291,-534.0707,-538.149,-0.816
Ru24Ni7Co39Fe11Cu19,15,4,8,hcp,Co-Cu-Ru,hcp,Co-Cu-Ru,0.649,0.135,-534.0707,-538.0743,-0.7414
Ru24Ni7Co39Fe11Cu19,15,4,9,hcp,Co-Cu-Ru,hcp,Co-Cu-Ru,0.787,0.114,-534.0707,-538.0711,-0.7381
Ru24Ni7Co39Fe11Cu19,15,5,0,top,Fe,hcp,Co-Co-Ru,0.916,0.308,-532.1643,-536.2819,-0.8553
Ru24Ni7Co39Fe11Cu19,15,5,1,fcc,Co-Co-Co,fcc,Co-Co-Co,0.632,0.017,-532.1643,-536.0669,-0.6403
Ru24Ni7Co39Fe11Cu19,15,5,2,bridge,Co-Cu,bridge,Co-Ru,1.06,0.236,-532.1643,-536.2389,-0.8124
Ru24Ni7Co39Fe11Cu19,15,5,3,top,Co,bridge,Co-Ru,1.059,0.281,-532.1643,-536.2391,-0.8126
Ru24Ni7Co39Fe11Cu19,15,5,4,bridge,Cu-Cu,fcc,Co-Cu-Cu,0.808,0.067,-532.1643,-535.8938,-0.4672
Ru24Ni7Co39Fe11Cu19,15,5,5,bridge,Cu-Ni,bridge,Cu-Ni,0.897,0.027,-532.1643,-535.7265,-0.3
Ru24Ni7Co39Fe11Cu19,15,5,6,fcc,Co-Cu-Ru,fcc,Co-Cu-Ru,0.76,0.163,-532.1643,-536.1934,-0.7669
Ru24Ni7Co39Fe11Cu19,15,5,7,bridge,Co-Ni,bridge,Co-Co,0.739,0.264,-532.1643,-536.0125,-0.5859
Ru24Ni7Co39Fe11Cu19,15,5,8,bridge,Co-Co,hcp,Co-Co-Co,0.699,0.022,-532.1643,-536.1525,-0.7259
Ru24Ni7Co39Fe11Cu19,15,5,9,hcp,Co-Cu-Ru,hcp,Co-Cu-Ru,0.841,0.01,-532.1643,-536.1824,-0.7559
Ru24Ni7Co39Fe11Cu19,15,6,0,top,Ni,fcc,Co-Ni-Ru,0.692,0.068,-533.0479,-537.1781,-0.868
Ru24Ni7Co39Fe11Cu19,15,6,1,fcc,Co-Ni-Ru,fcc,Co-Ni-Ru,0.692,0.066,-533.0479,-537.1781,-0.868
Ru24Ni7Co39Fe11Cu19,15,6,2,top,Ru,bridge,Fe-Ru,1.247,0.151,-533.0479,-537.112,-0.8019
Ru24Ni7Co39Fe11Cu19,15,6,3,bridge,Co-Cu,hcp,Co-Ru-Ru,0.643,0.175,-533.0479,-536.9862,-0.676
Ru24Ni7Co39Fe11Cu19,15,6,4,bridge,Co-Ni,fcc,Co-Cu-Ni,0.46,0.131,-533.0479,-536.829,-0.5189
Ru24Ni7Co39Fe11Cu19,15,6,5,bridge,Co-Ni,bridge,Ni-Ru,0.905,0.049,-533.0479,-537.0767,-0.7666
Ru24Ni7Co39Fe11Cu19,15,6,6,bridge,Ni-Ru,bridge,Ni-Ru,0.804,0.218,-533.0479,-537.0453,-0.7351
Ru24Ni7Co39Fe11Cu19,15,6,7,hcp,Co-Cu-Ni,hcp,Co-Cu-Ni,0.425,0.138,-533.0479,-536.8641,-0.554
Ru24Ni7Co39Fe11Cu19,15,6,8,hcp,Co-Cu-Ru,hcp,Co-Cu-Ru,0.608,0.09,-533.0479,-537.0684,-0.7582
Ru24Ni7Co39Fe11Cu19,15,6,9,bridge,Co-Cu,hcp,Co-Cu-Ru,0.631,0.047,-533.0479,-537.0508,-0.7407
Ru24Ni7Co39Fe11Cu19,15,7,0,fcc,Co-Co-Ru,hcp,Co-Fe-Ru,0.668,0.269,-535.8759,-539.9638,-0.8257
Ru24Ni7Co39Fe11Cu19,15,7,1,top,Co,hcp,Co-Co-Ru,0.635,0.091,-535.8759,-539.9552,-0.817
Ru24Ni7Co39Fe11Cu19,15,7,2,fcc,Cu-Cu-Ru,fcc,Cu-Cu-Ru,0.685,0.069,-535.8759,-539.7344,-0.5963
Ru24Ni7Co39Fe11Cu19,15,7,3,hcp,Fe-Ni-Ru,hcp,Fe-Ni-Ru,0.982,0.3,-535.8759,-540.0378,-0.8997
Ru24Ni7Co39Fe11Cu19,15,7,4,top,Cu,fcc,Cu-Fe-Ni,0.748,0.022,-535.8759,-539.7078,-0.5696
Ru24Ni7Co39Fe11Cu19,15,7,5,bridge,Ni-Ru,hcp,Fe-Ni-Ru,0.978,0.299,-535.8759,-540.0379,-0.8997
Ru24Ni7Co39Fe11Cu19,15,7,6,bridge,Co-Co,hcp,Co-Co-Ru,0.645,0.149,-535.8759,-539.9422,-0.8041
Ru24Ni7Co39Fe11Cu19,15,7,7,bridge,Co-Co,hcp,Co-Co-Ru,0.63,0.079,-535.8759,-539.9552,-0.817
Ru24Ni7Co39Fe11Cu19,15,7,8,bridge,Co-Fe,hcp,Co-Fe-Ru,0.667,0.264,-535.8759,-539.9638,-0.8257
Ru24Ni7Co39Fe11Cu19,15,7,9,bridge,Co-Ru,hcp,Co-Co-Ru,0.652,0.153,-535.8759,-539.9423,-0.8041
Ru24Ni7Co39Fe11Cu19,15,8,0,top,Co,hcp,Co-Co-Ni,0.426,0.038,-531.3362,-535.3079,-0.7095
Ru24Ni7Co39Fe11Cu19,15,8,1,hcp,Co-Co-Cu,hcp,Co-Co-Cu,0.547,0.115,-531.3362,-535.2428,-0.6443
Ru24Ni7Co39Fe11Cu19,15,8,2,bridge,Co-Ni,bridge,Ni-Ru,0.79,0.274,-531.3362,-535.3842,-0.7858
Ru24Ni7Co39Fe11Cu19,15,8,3,top,Co,hcp,Co-Co-Ni,0.465,0.17,-531.3362,-535.1614,-0.563
Ru24Ni7Co39Fe11Cu19,15,8,4,fcc,Co-Co-Cu,fcc,Co-Co-Cu,0.632,0.162,-531.3362,-535.2694,-0.671
Ru24Ni7Co39Fe11Cu19,15,8,5,bridge,Cu-Cu,fcc,Co-Cu-Cu,0.561,0.136,-531.3362,-535.1542,-0.5557
Ru24Ni7Co39Fe11Cu19,15,8,6,hcp,Co-Co-Ru,bridge,Co-Ru,0.846,0.302,-531.3362,-535.4275,-0.8291
Ru24Ni7Co39Fe11Cu19,15,8,7,bridge,Co-Cu,fcc,Co-Co-Cu,0.631,0.158,-531.3362,-535.2694,-0.671
Ru24Ni7Co39Fe11Cu19,15,8,8,bridge,Co-Cu,fcc,Co-Cu-Ru,0.636,0.133,-531.3362,-535.3457,-0.7473
Ru24Ni7Co39Fe11Cu19,15,8,9,bridge,Co-Cu,hcp,Co-Co-Cu,0.541,0.114,-531.3362,-535.2427,-0.6443
Ru24Ni7Co39Fe11Cu19,15,9,0,top,Cu,top,Cu,1.427,0.006,-533.5586,-536.2926,0.5282
Ru24Ni7Co39Fe11Cu19,15,9,1,top,Fe,fcc,Co-Fe-Fe,0.87,0.282,-533.5586,-537.5017,-0.6809
Ru24Ni7Co39Fe11Cu19,15,9,2,bridge,Cu-Fe,hcp,Co-Cu-Fe,0.837,0.199,-533.5586,-537.4596,-0.6388
Ru24Ni7Co39Fe11Cu19,15,9,3,bridge,Co-Ru,bridge,Ru-Ru,0.998,0.357,-533.5586,-537.6178,-0.797
Ru24Ni7Co39Fe11Cu19,15,9,4,hcp,Co-Cu-Ru,hcp,Co-Cu-Ru,0.751,0.109,-533.5586,-537.3688,-0.548
Ru24Ni7Co39Fe11Cu19,15,9,5,fcc,Cu-Cu-Ni,fcc,Cu-Cu-Ni,0.702,0.076,-533.5586,-537.3317,-0.5109
Ru24Ni7Co39Fe11Cu19,15,9,6,bridge,Co-Fe,hcp,Co-Fe-Fe,0.758,0.223,-533.5586,-537.4211,-0.6003
Ru24Ni7Co39Fe11Cu19,15,9,7,bridge,Fe-Fe,fcc,Co-Fe-Fe,0.862,0.28,-533.5586,-537.5016,-0.6808
Ru24Ni7Co39Fe11Cu19,15,9,8,bridge,Co-Ni,hcp,Co-Co-Ni,0.689,0.035,-533.5586,-537.5529,-0.732
Ru24Ni7Co39Fe11Cu19,15,9,9,fcc,Co-Cu-Fe,fcc,Co-Cu-Fe,0.659,0.131,-533.5586,-537.361,-0.5402
Ru6Ni41Co30Fe9Cu14,16,0,0,bridge,Ni-Ni,fcc,Co-Ni-Ni,0.713,0.028,-487.4091,-491.256,-0.5846
Ru6Ni41Co30Fe9Cu14,16,0,1,bridge,Fe-Ni,bridge,Ni-Ru,0.972,0.329,-487.4091,-491.3609,-0.6895
Ru6Ni41Co30Fe9Cu14,16,0,2,top,Ni,fcc,Ni-Ni-Ni,0.661,0.014,-487.4091,-491.2284,-0.557
Ru6Ni41Co30Fe9Cu14,16,0,3,bridge,Cu-Fe,bridge,Cu-Ru,1.02,0.336,-487.4091,-491.322,-0.6506
Ru6Ni41Co30Fe9Cu14,16,0,4,fcc,Co-Cu-Cu,fcc,Co-Cu-Cu,0.778,0.099,-487.4091,-491.017,-0.3456
Ru6Ni41Co30Fe9Cu14,16,0,5,hcp,Co-Co-Ni,hcp,Co-Co-Ni,0.713,0.022,-487.4091,-491.2495,-0.5781
Ru6Ni41Co30Fe9Cu14,16,0,6,hcp,Co-Cu-Fe,hcp,Co-Cu-Fe,0.821,0.164,-487.4091,-491.1265,-0.4551
Ru6Ni41Co30Fe9Cu14,16,0,7,bridge,Co-Fe,bridge,Co-Ni,0.874,0.068,-487.4091,-491.253,-0.5816
Ru6Ni41Co30Fe9Cu14,16,0,8,bridge,Co-Fe,fcc,Co-Fe-Ni,0.853,0.289,-487.4091,-491.2903,-0.6189
Ru6Ni41Co30Fe9Cu14,16,0,9,top,Co,fcc,Co-Fe-Fe,0.914,0.259,-487.4091,-491.1991,-0.5278
Ru6Ni41Co30Fe9Cu14,16,1,0,bridge,Ni-Ni,hcp,Ni-Ni-Ni,0.676,0.021,-486.3499,-490.2443,-0.6321
Ru6Ni41Co30Fe9Cu14,16,1,1,bridge,Co-Cu,hcp,Co-Cu-Ni,0.697,0.068,-486.3499,-490.0839,-0.4717
Ru6Ni41Co30Fe9Cu14,16,1,2,bridge,Co-Cu,hcp,Co-Cu-Ni,0.73,0.079,-486.3499,-490.147,-0.5349
Ru6Ni41Co30Fe9Cu14,16,1,3,hcp,Co-Co-Ni,hcp,Co-Co-Ni,0.711,0.039,-486.3499,-490.1411,-0.529
Ru6Ni41Co30Fe9Cu14,16,1,4,bridge,Cu-Ni,fcc,Cu-Ni-Ni,0.691,0.08,-486.3499,-490.1277,-0.5155
Ru6Ni41Co30Fe9Cu14,16,1,5,hcp,Cu-Ni-Ru,hcp,Cu-Ni-Ru,0.867,0.059,-486.3499,-490.2513,-0.6392
Ru6Ni41Co30Fe9Cu14,16,1,6,top,Cu,fcc,Co-Cu-Ni,0.748,0.078,-486.3499,-490.1694,-0.5573
Ru6Ni41Co30Fe9Cu14,16,1,7,top,Cu,bridge,Co-Cu,0.931,0.116,-486.3499,-489.9342,-0.3221
Ru6Ni41Co30Fe9Cu14,16,1,8,bridge,Co-Ru,bridge,Ni-Ru,1.016,0.271,-486.3499,-490.2891,-0.677
Ru6Ni41Co30Fe9Cu14,16,1,9,fcc,Cu-Ni-Ru,fcc,Cu-Ni-Ru,0.884,0.065,-486.3499,-490.2345,-0.6224
Ru6Ni41Co30Fe9Cu14,16,2,0,hcp,Cu-Fe-Ni,hcp,Cu-Fe-Ni,0.738,0.127,-486.6109,-490.4378,-0.5647
Ru6Ni41Co30Fe9Cu14,16,2,1,bridge,Cu-Ni,hcp,Cu-Ni-Ni,0.636,0.113,-486.6109,-490.4873,-0.6142
Ru6Ni41Co30Fe9Cu14,16,2,2,hcp,Co-Co-Cu,hcp,Co-Co-Cu,0.648,0.121,-486.6109,-490.3143,-0.4411
Ru6Ni41Co30Fe9Cu14,16,2,3,bridge,Co-Ru,bridge,Co-Ru,0.871,0.245,-486.6109,-490.5217,-0.6486
Ru6Ni41Co30Fe9Cu14,16,2,4,bridge,Cu-Fe,hcp,Cu-Fe-Ni,0.741,0.124,-486.6109,-490.4379,-0.5647
Ru6Ni41Co30Fe9Cu14,16,2,5,top,Ni,fcc,Ni-Ni-Ni,0.623,0.023,-486.6109,-490.4847,-0.6115
Ru6Ni41Co30Fe9Cu14,16,2,6,bridge,Co-Ru,bridge,Co-Ru,0.943,0.284,-486.6109,-490.5188,-0.6456
Ru6Ni41Co30Fe9Cu14,16,2,7,fcc,Co-Co-Ru,bridge,Co-Ru,0.888,0.321,-486.6109,-490.4447,-0.5715
Ru6Ni41Co30Fe9Cu14,16,2,8,bridge,Ni-Ni,fcc,Fe-Ni-Ni,0.711,0.136,-486.6109,-490.4798,-0.6066
Ru6Ni41Co30Fe9Cu14,16,2,9,top,Co,bridge,Co-Ru,0.952,0.326,-486.6109,-490.4513,-0.5781
Ru6Ni41Co30Fe9Cu14,16,3,0,bridge,Co-Ni,bridge,Co-Ni,0.979,0.363,-485.8611,-489.7312,-0.6079
Ru6Ni41Co30Fe9Cu14,16,3,1,top,Ni,fcc,Co-Fe-Ni,0.979,0.354,-485.8611,-489.7313,-0.6079
Ru6Ni41Co30Fe9Cu14,16,3,2,bridge,Co-Ni,fcc,Co-Ni-Ni,0.788,0.018,-485.8611,-489.6569,-0.5336
Ru6Ni41Co30Fe9Cu14,16,3,3,bridge,Fe-Ni,hcp,Fe-Ni-Ni,0.823,0.174,-485.8611,-489.6701,-0.5467
Ru6Ni41Co30Fe9Cu14,16,3,4,fcc,Co-Ni-Ru,fcc,Co-Ni-Ru,0.955,0.005,-485.8611,-489.7303,-0.6069
Ru6Ni41Co30Fe9Cu14,16,3,5,hcp,Co-Ni-Ni,hcp,Co-Ni-Ni,0.783,0.018,-485.8611,-489.7117,-0.5883
Ru6Ni41Co30Fe9Cu14,16,3,6,hcp,Co-Ni-Ni,hcp,Co-Ni-Ni,0.76,0.034,-485.8611,-489.6794,-0.5561
Ru6Ni41Co30Fe9Cu14,16,3,7,bridge,Ni-Ni,fcc,Ni-Ni-Ni,0.754,0.014,-485.8611,-489.7265,-0.6032
Ru6Ni41Co30Fe9Cu14,16,3,8,bridge,Ni-Ni,fcc,Fe-Ni-Ni,0.85,0.241,-485.8611,-489.7071,-0.5837
Ru6Ni41Co30Fe9Cu14,16,3,9,top,Ni,hcp,Co-Fe-Ni,0.868,0.352,-485.8611,-489.669,-0.5457
Ru6Ni41Co30Fe9Cu14,16,4,0,bridge,Co-Ni,fcc,Co-Ni-Ni,0.653,0.041,-485.8152,-489.6713,-0.5939
Ru6Ni41Co30Fe9Cu14,16,4,1,top,Ru,bridge,Co-Ru,0.916,0.151,-485.8152,-489.6918,-0.6144
Ru6Ni41Co30Fe9Cu14,16,4,2,bridge,Cu-Ni,fcc,Ni-Ni-Ru,0.757,0.029,-485.8152,-489.8131,-0.7357
Ru6Ni41Co30Fe9Cu14,16,4,3,hcp,Co-Cu-Ru,hcp,Co-Cu-Ru,0.835,0.04,-485.8152,-489.6452,-0.5677
Ru6Ni41Co30Fe9Cu14,16,4,4,bridge,Co-Ru,bridge,Co-Ru,1.039,0.34,-485.8152,-489.6832,-0.6057
Ru6Ni41Co30Fe9Cu14,16,4,5,top,Ni,fcc,Co-Co-Ni,0.676,0.039,-485.8152,-489.6447,-0.5673
Ru6Ni41Co30Fe9Cu14,16,4,6,bridge,Co-Cu,hcp,Co-Cu-Ni,0.665,0.07,-485.8152,-489.5875,-0.5101
Ru6Ni41Co30Fe9Cu14,16,4,7,hcp,Co-Ni-Ni,hcp,Co-Ni-Ni,0.634,0.029,-485.8152,-489.6864,-0.6089
Ru6Ni41Co30Fe9Cu14,16,4,8,fcc,Co-Co-Ni,fcc,Co-Co-Ni,0.686,0.005,-485.8152,-489.6002,-0.5228
Ru6Ni41Co30Fe9Cu14,16,4,9,bridge,Co-Co,bridge,Co-Ru,1.07,0.143,-485.8152,-489.7321,-0.6547
Ru6Ni41Co30Fe9Cu14,16,5,0,hcp,Co-Ni-Ni,hcp,Co-Ni-Ni,0.72,0.048,-484.6318,-488.4985,-0.6045
Ru6Ni41Co30Fe9Cu14,16,5,1,top,Ni,hcp,Co-Ni-Ni,0.734,0.021,-484.6318,-488.4612,-0.5672
Ru6Ni41Co30Fe9Cu14,16,5,2,bridge,Co-Ni,hcp,Co-Ni-Ni,0.745,0.048,-484.6318,-488.4758,-0.5818
Ru6Ni41Co30Fe9Cu14,16,5,3,bridge,Ni-Ni,hcp,Ni-Ni-Ni,0.662,0.015,-484.6318,-488.546,-0.652
Ru6Ni41Co30Fe9Cu14,16,5,4,bridge,Co-Ni,fcc,Co-Ni-Ni,0.734,0.05,-484.6318,-488.4945,-0.6005
Ru6Ni41Co30Fe9Cu14,16,5,5,top,Ni,hcp,Co-Co-Ni,0.754,0.036,-484.6318,-488.4439,-0.5499
Ru6Ni41Co30Fe9Cu14,16,5,6,hcp,Co-Co-Cu,hcp,Co-Co-Cu,0.848,0.067,-484.6318,-488.3424,-0.4484
Ru6Ni41Co30Fe9Cu14,16,5,7,bridge,Co-Co,fcc,Co-Co-Ni,0.778,0.026,-484.6318,-488.4191,-0.5251
Ru6Ni41Co30Fe9Cu14,16,5,8,fcc,Co-Ni-Ni,fcc,Co-Ni-Ni,0.752,0.008,-484.6318,-488.481,-0.587
Ru6Ni41Co30Fe9Cu14,16,5,9,bridge,Co-Cu,hcp,Co-Co-Cu,0.748,0.098,-484.6318,-488.3978,-0.5038
Ru6Ni41Co30Fe9Cu14,16,6,0,bridge,Co-Co,fcc,Co-Co-Ni,0.675,0.053,-486.1132,-489.961,-0.5856
Ru6Ni41Co30Fe9Cu14,16,6,1,fcc,Co-Cu-Cu,fcc,Co-Cu-Cu,0.712,0.07,-486.1132,-489.7247,-0.3493
Ru6Ni41Co30Fe9Cu14,16,6,2,bridge,Co-Cu,bridge,Co-Cu,0.899,0.073,-486.1132,-489.6794,-0.304
Ru6Ni41Co30Fe9Cu14,16,6,3,hcp,Ni-Ni-Ni,hcp,Ni-Ni-Ni,0.67,0.024,-486.1132,-490.0634,-0.688
Ru6Ni41Co30Fe9Cu14,16,6,4,top,Ni,hcp,Ni-Ni-Ru,0.839,0.047,-486.1132,-490.0612,-0.6858
Ru6Ni41Co30Fe9Cu14,16,6,5,bridge,Ni-Ni,bridge,Ni-Ni,0.873,0.008,-486.1132,-489.8602,-0.4848
Ru6Ni41Co30Fe9Cu14,16,6,6,bridge,Co-Ni,hcp,Co-Ni-Ni,0.693,0.012,-486.1132,-489.9237,-0.5483
Ru6Ni41Co30Fe9Cu14,16,6,7,top,Co,fcc,Co-Co-Ni,0.699,0.021,-486.1132,-489.953,-0.5776
Ru6Ni41Co30Fe9Cu14,16,6,8,hcp,Co-Co-Co,hcp,Co-Co-Co,0.727,0.059,-486.1132,-489.854,-0.4786
Ru6Ni41Co30Fe9Cu14,16,6,9,bridge,Co-Co,fcc,Co-Co-Ni,0.698,0.039,-486.1132,-489.9775,-0.6021
Ru6Ni41Co30Fe9Cu14,16,7,0,hcp,Co-Cu-Ni,hcp,Co-Cu-Ni,0.726,0.067,-485.4744,-489.1773,-0.4407
Ru6Ni41Co30Fe9Cu14,16,7,1,fcc,Co-Co-Ni,fcc,Co-Co-Ni,0.754,0.02,-485.4744,-489.3228,-0.5862
Ru6Ni41Co30Fe9Cu14,16,7,2,bridge,Cu-Ni,fcc,Cu-Ni-Ni,0.724,0.074,-485.4744,-489.2362,-0.4996
Ru6Ni41Co30Fe9Cu14,16,7,3,bridge,Co-Ni,fcc,Co-Ni-Ni,0.638,0.03,-485.4744,-489.317,-0.5804
Ru6Ni41Co30Fe9Cu14,16,7,4,top,Co,fcc,Co-Co-Co,0.702,0.027,-485.4744,-489.3025,-0.5659
Ru6Ni41Co30Fe9Cu14,16,7,5,bridge,Co-Ni,bridge,Co-Ni,0.929,0.03,-485.4744,-489.269,-0.5324
Ru6Ni41Co30Fe9Cu14,16,7,6,top,Ni,fcc,Co-Ni-Ni,0.679,0.034,-485.4744,-489.3561,-0.6195
Ru6Ni41Co30Fe9Cu14,16,7,7,bridge,Co-Ni,hcp,Co-Co-Ni,0.777,0.025,-485.4744,-489.3337,-0.5971
Ru6Ni41Co30Fe9Cu14,16,7,8,bridge,Co-Ni,fcc,Co-Fe-Ni,0.771,0.231,-485.4744,-489.3266,-0.59
Ru6Ni41Co30Fe9Cu14,16,7,9,fcc,Cu-Ni-Ni,fcc,Cu-Ni-Ni,0.688,0.098,-485.4744,-489.2543,-0.5177
Ru6Ni41Co30Fe9Cu14,16,8,0,bridge,Co-Co,fcc,Co-Co-Co,0.626,0.028,-485.5469,-489.319,-0.5098
Ru6Ni41Co30Fe9Cu14,16,8,1,bridge,Co-Ni,hcp,Co-Ni-Ni,0.657,0.089,-485.5469,-489.3927,-0.5836
Ru6Ni41Co30Fe9Cu14,16,8,2,top,Ni,fcc,Co-Fe-Ni,0.767,0.252,-485.5469,-489.3815,-0.5724
Ru6Ni41Co30Fe9Cu14,16,8,3,bridge,Ni-Ni,fcc,Co-Ni-Ni,0.601,0.022,-485.5469,-489.4042,-0.595
Ru6Ni41Co30Fe9Cu14,16,8,4,hcp,Cu-Fe-Ni,hcp,Cu-Fe-Ni,0.781,0.128,-485.5469,-489.3209,-0.5117
Ru6Ni41Co30Fe9Cu14,16,8,5,hcp,Cu-Cu-Ni,hcp,Cu-Cu-Ni,0.691,0.064,-485.5469,-489.1851,-0.3759
Ru6Ni41Co30Fe9Cu14,16,8,6,bridge,Co-Ni,fcc,Co-Ni-Ni,0.603,0.022,-485.5469,-489.4042,-0.595
Ru6Ni41Co30Fe9Cu14,16,8,7,top,Co,hcp,Co-Co-Ni,0.629,0.036,-485.5469,-489.3648,-0.5556
Ru6Ni41Co30Fe9Cu14,16,8,8,fcc,Co-Cu-Ni,fcc,Co-Cu-Ni,0.711,0.08,-485.5469,-489.2514,-0.4422
Ru6Ni41Co30Fe9Cu14,16,8,9,bridge,Co-Ni,fcc,Co-Ni-Ni,0.602,0.022,-485.5469,-489.4042,-0.595
Ru6Ni41Co30Fe9Cu14,16,9,0,fcc,Cu-Fe-Ru,fcc,Cu-Fe-Ru,0.999,0.333,-486.2827,-490.2036,-0.6586
Ru6Ni41Co30Fe9Cu14,16,9,1,bridge,Cu-Fe,fcc,Cu-Fe-Ru,1.002,0.336,-486.2827,-490.2035,-0.6586
Ru6Ni41Co30Fe9Cu14,16,9,2,bridge,Fe-Fe,fcc,Fe-Fe-Ru,1.104,0.352,-486.2827,-490.2791,-0.7342
Ru6Ni41Co30Fe9Cu14,16,9,3,bridge,Cu-Ni,hcp,Cu-Fe-Ni,0.806,0.133,-486.2827,-490.0582,-0.5133
Ru6Ni41Co30Fe9Cu14,16,9,4,top,Cu,hcp,Cu-Fe-Ni,0.809,0.138,-486.2827,-490.0583,-0.5134
Ru6Ni41Co30Fe9Cu14,16,9,5,top,Cu,hcp,Co-Co-Ni,0.681,0.022,-486.2827,-490.129,-0.584
Ru6Ni41Co30Fe9Cu14,16,9,6,fcc,Co-Ni-Ru,fcc,Co-Ni-Ru,0.828,0.039,-486.2827,-490.2259,-0.681
Ru6Ni41Co30Fe9Cu14,16,9,7,bridge,Co-Ni,hcp,Co-Co-Ni,0.745,0.051,-486.2827,-490.1401,-0.5951
Ru6Ni41Co30Fe9Cu14,16,9,8,hcp,Co-Co-Ni,hcp,Co-Co-Ni,0.683,0.017,-486.2827,-490.1289,-0.584
Ru6Ni41Co30Fe9Cu14,16,9,9,bridge,Ni-Ni,hcp,Co-Ni-Ni,0.651,0.052,-486.2827,-490.132,-0.5871
Ru18Ni46Co9Fe19Cu9,17,0,0,bridge,Ni-Ru,bridge,Ni-Ru,1.004,0.012,-522.838,-526.8566,-0.7564
Ru18Ni46Co9Fe19Cu9,17,0,1,bridge,Ni-Ni,hcp,Ni-Ni-Ru,0.741,0.048,-522.838,-526.8775,-0.7773
Ru18Ni46Co9Fe19Cu9,17,0,2,top,Fe,fcc,Fe-Fe-Ni,0.864,0.201,-522.838,-526.6452,-0.545
Ru18Ni46Co9Fe19Cu9,17,0,3,top,Co,fcc,Co-Fe-Ni,0.757,0.264,-522.838,-526.741,-0.6407
Ru18Ni46Co9Fe19Cu9,17,0,4,fcc,Fe-Fe-Ni,fcc,Fe-Fe-Ni,0.855,0.173,-522.838,-526.645,-0.5448
Ru18Ni46Co9Fe19Cu9,17,0,5,bridge,Ni-Ni,fcc,Fe-Ni-Ni,0.788,0.196,-522.838,-526.6905,-0.5903
Ru18Ni46Co9Fe19Cu9,17,0,6,bridge,Fe-Ni,hcp,Fe-Fe-Ni,0.87,0.297,-522.838,-526.7359,-0.6357
Ru18Ni46Co9Fe19Cu9,17,0,7,hcp,Fe-Ni-Ni,hcp,Fe-Ni-Ni,0.714,0.169,-522.838,-526.5733,-0.4731
Ru18Ni46Co9Fe19Cu9,17,0,8,fcc,Ni-Ni-Ru,fcc,Ni-Ni-Ru,0.869,0.042,-522.838,-526.8749,-0.7747
Ru18Ni46Co9Fe19Cu9,17,0,9,bridge,Ni-Ni,fcc,Ni-Ni-Ru,0.782,0.054,-522.838,-526.8795,-0.7793
Ru18Ni46Co9Fe19Cu9,17,1,0,hcp,Co-Fe-Ni,hcp,Co-Fe-Ni,0.663,0.29,-523.7819,-527.673,-0.6289
Ru18Ni46Co9Fe19Cu9,17,1,1,bridge,Ni-Ni,fcc,Fe-Ni-Ni,0.69,0.262,-523.7819,-527.6013,-0.5571
Ru18Ni46Co9Fe19Cu9,17,1,2,fcc,Fe-Fe-Ru,fcc,Fe-Fe-Ru,1.014,0.311,-523.7819,-527.8483,-0.8042
Ru18Ni46Co9Fe19Cu9,17,1,3,bridge,Ni-Ru,bridge,Ni-Ru,0.799,0.315,-523.7819,-527.8001,-0.756
Ru18Ni46Co9Fe19Cu9,17,1,4,bridge,Fe-Ru,bridge,Fe-Ru,0.987,0.174,-523.7819,-527.7002,-0.6561
Ru18Ni46Co9Fe19Cu9,17,1,5,bridge,Ni-Ni,hcp,Ni-Ni-Ni,0.561,0.063,-523.7819,-527.6625,-0.6183
Ru18Ni46Co9Fe19Cu9,17,1,6,bridge,Ni-Ni,hcp,Ni-Ni-Ni,0.562,0.062,-523.7819,-527.6625,-0.6183
Ru18Ni46Co9Fe19Cu9,17,1,7,top,Ni,bridge,Ni-Ru,0.799,0.316,-523.7819,-527.8001,-0.756
Ru18Ni46Co9Fe19Cu9,17,1,8,top,Fe,fcc,Fe-Fe-Ru,1.018,0.311,-523.7819,-527.8481,-0.804
Ru18Ni46Co9Fe19Cu9,17,1,9,hcp,Co-Fe-Ni,hcp,Co-Fe-Ni,0.674,0.213,-523.7819,-527.5657,-0.5216
Ru18Ni46Co9Fe19Cu9,17,2,0,bridge,Fe-Fe,fcc,Fe-Fe-Ni,0.862,0.094,-523.4736,-527.2998,-0.564
Ru18Ni46Co9Fe19Cu9,17,2,1,bridge,Cu-Fe,hcp,Cu-Fe-Fe,0.905,0.165,-523.4736,-527.2962,-0.5603
Ru18Ni46Co9Fe19Cu9,17,2,2,bridge,Co-Ni,bridge,Co-Ru,0.91,0.321,-523.4736,-527.5122,-0.7764
Ru18Ni46Co9Fe19Cu9,17,2,3,bridge,Fe-Ru,fcc,Fe-Fe-Ru,1.079,0.348,-523.4736,-527.581,-0.8452
Ru18Ni46Co9Fe19Cu9,17,2,4,hcp,Fe-Fe-Ni,hcp,Fe-Fe-Ni,0.853,0.147,-523.4736,-527.3348,-0.599
Ru18Ni46Co9Fe19Cu9,17,2,5,bridge,Cu-Fe,bridge,Cu-Fe,1.008,0.087,-523.4736,-527.2103,-0.4745
Ru18Ni46Co9Fe19Cu9,17,2,6,top,Ni,hcp,Fe-Ni-Ni,0.839,0.265,-523.4736,-527.3774,-0.6416
Ru18Ni46Co9Fe19Cu9,17,2,7,fcc,Co-Cu-Cu,fcc,Co-Cu-Cu,0.662,0.114,-523.4736,-527.2142,-0.4784
Ru18Ni46Co9Fe19Cu9,17,2,8,fcc,Cu-Fe-Ru,fcc,Cu-Fe-Ru,0.884,0.191,-523.4736,-527.4363,-0.7005
Ru18Ni46Co9Fe19Cu9,17,2,9,top,Fe,fcc,Fe-Ni-Ni,0.764,0.136,-523.4736,-527.3442,-0.6084
Ru18Ni46Co9Fe19Cu9,17,3,0,bridge,Ni-Ni,bridge,Ni-Ru,0.922,0.243,-524.6763,-528.7431,-0.8046
Ru18Ni46Co9Fe19Cu9,17,3,1,bridge,Fe-Ni,hcp,Fe-Ni-Ni,0.714,0.118,-524.6763,-528.5257,-0.5872
Ru18Ni46Co9Fe19Cu9,17,3,2,bridge,Ni-Ru,hcp,Ni-Ni-Ru,0.756,0.025,-524.6763,-528.77,-0.8315
Ru18Ni46Co9Fe19Cu9,17,3,3,fcc,Ni-Ni-Ru,fcc,Ni-Ni-Ru,0.746,0.03,-524.6763,-528.602,-0.6634
Ru18Ni46Co9Fe19Cu9,17,3,4,top,Ru,fcc,Fe-Ni-Ru,1.026,0.386,-524.6763,-528.793,-0.8544
Ru18Ni46Co9Fe19Cu9,17,3,5,fcc,Co-Fe-Ni,fcc,Co-Fe-Ni,0.728,0.197,-524.6763,-528.5297,-0.5911
Ru18Ni46Co9Fe19Cu9,17,3,6,top,Ni,fcc,Fe-Ni-Ni,0.783,0.321,-524.6763,-528.4943,-0.5558
Ru18Ni46Co9Fe19Cu9,17,3,7,bridge,Ni-Ru,fcc,Fe-Ni-Ru,1.024,0.387,-524.6763,-528.793,-0.8545
Ru18Ni46Co9Fe19Cu9,17,3,8,hcp,Fe-Ni-Ni,hcp,Fe-Ni-Ni,0.815,0.196,-524.6763,-528.4777,-0.5392
Ru18Ni46Co9Fe19Cu9,17,3,9,bridge,Ni-Ni,hcp,Ni-Ni-Ni,0.564,0.011,-524.6763,-528.6015,-0.663
Ru18Ni46Co9Fe19Cu9,17,4,0,bridge,Fe-Ni,hcp,Fe-Fe-Ni,0.948,0.18,-523.8959,-527.7706,-0.6125
Ru18Ni46Co9Fe19Cu9,17,4,1,bridge,Co-Ni,bridge,Co-Ni,0.876,0.041,-523.8959,-527.6663,-0.5082
Ru18Ni46Co9Fe19Cu9,17,4,2,hcp,Cu-Ni-Ni,hcp,Cu-Ni-Ni,0.697,0.081,-523.8959,-527.6781,-0.52
Ru18Ni46Co9Fe19Cu9,17,4,3,bridge,Cu-Fe,hcp,Cu-Fe-Ru,0.946,0.203,-523.8959,-527.8208,-0.6627
Ru18Ni46Co9Fe19Cu9,17,4,4,top,Fe,hcp,Fe-Fe-Ni,0.872,0.207,-523.8959,-527.7556,-0.5975
Ru18Ni46Co9Fe19Cu9,17,4,5,bridge,Fe-Ni,fcc,Fe-Ni-Ru,0.967,0.193,-523.8959,-527.9846,-0.8265
Ru18Ni46Co9Fe19Cu9,17,4,6,fcc,Fe-Ni-Ni,fcc,Fe-Ni-Ni,0.863,0.249,-523.8959,-527.7095,-0.5514
Ru18Ni46Co9Fe19Cu9,17,4,7,fcc,Ni-Ni-Ru,bridge,Ni-Ru,0.957,0.311,-523.8959,-527.9135,-0.7554
Ru18Ni46Co9Fe19Cu9,17,4,8,bridge,Ni-Ni,hcp,Ni-Ni-Ru,0.848,0.021,-523.8959,-527.9943,-0.8362
Ru18Ni46Co9Fe19Cu9,17,4,9,top,Ru,fcc,Fe-Ni-Ru,0.968,0.189,-523.8959,-527.9846,-0.8265
Ru18Ni46Co9Fe19Cu9,17,5,0,hcp,Co-Ni-Ru,fcc,Ni-Ni-Ru,0.761,0.098,-526.1031,-530.1333,-0.768
Ru18Ni46Co9Fe19Cu9,17,5,1,bridge,Ni-Ni,hcp,Ni-Ni-Ru,0.811,0.068,-526.1031,-530.2009,-0.8356
Ru18Ni46Co9Fe19Cu9,17,5,2,bridge,Co-Ni,bridge,Co-Ni,0.825,0.106,-526.1031,-529.7531,-0.3878
Ru18Ni46Co9Fe19Cu9,17,5,3,top,Ni,fcc,Ni-Ni-Ru,1.007,0.32,-526.1031,-530.2267,-0.8614
Ru18Ni46Co9Fe19Cu9,17,5,4,bridge,Fe-Ni,hcp,Ni-Ni-Ru,0.74,0.091,-526.1031,-530.1481,-0.7828
Ru18Ni46Co9Fe19Cu9,17,5,5,bridge,Ni-Ru,hcp,Ni-Ni-Ru,0.997,0.308,-526.1031,-530.2384,-0.873
Ru18Ni46Co9Fe19Cu9,17,5,6,hcp,Ni-Ni-Ru,hcp,Ni-Ni-Ru,0.78,0.044,-526.1031,-530.1229,-0.7576
Ru18Ni46Co9Fe19Cu9,17,5,7,fcc,Ni-Ni-Ru,fcc,Ni-Ni-Ru,0.9,0.122,-526.1031,-530.1848,-0.8195
Ru18Ni46Co9Fe19Cu9,17,5,8,bridge,Ni-Ni,hcp,Ni-Ni-Ru,0.996,0.304,-526.1031,-530.2383,-0.873
Ru18Ni46Co9Fe19Cu9,17,5,9,top,Ni,hcp,Ni-Ni-Ru,0.857,0.067,-526.1031,-530.1869,-0.8216
Ru18Ni46Co9Fe19Cu9,17,6,0,hcp,Co-Ni-Ru,hcp,Co-Ni-Ru,0.779,0.056,-525.6144,-529.591,-0.7143
Ru18Ni46Co9Fe19Cu9,17,6,1,hcp,Cu-Ni-Ru,hcp,Cu-Ni-Ru,0.857,0.109,-525.6144,-529.6023,-0.7257
Ru18Ni46Co9Fe19Cu9,17,6,2,bridge,Ni-Ru,fcc,Ni-Ru-Ru,1.029,0.338,-525.6144,-529.7252,-0.8486
Ru18Ni46Co9Fe19Cu9,17,6,3,top,Ru,hcp,Cu-Ni-Ru,0.8,0.096,-525.6144,-529.5986,-0.722
Ru18Ni46Co9Fe19Cu9,17,6,4,fcc,Fe-Ni-Ni,fcc,Fe-Ni-Ni,0.631,0.171,-525.6144,-529.4442,-0.5675
Ru18Ni46Co9Fe19Cu9,17,6,5,bridge,Ni-Ru,fcc,Ni-Ni-Ru,0.9,0.324,-525.6144,-529.6517,-0.775
Ru18Ni46Co9Fe19Cu9,17,6,6,top,Ni,hcp,Fe-Ni-Ni,0.753,0.051,-525.6144,-529.4107,-0.534
Ru18Ni46Co9Fe19Cu9,17,6,7,bridge,Fe-Ru,hcp,Co-Fe-Ru,1.035,0.373,-525.6144,-529.6669,-0.7902
Ru18Ni46Co9Fe19Cu9,17,6,8,bridge,Co-Ru,bridge,Ru-Ru,1.072,0.236,-525.6144,-529.7127,-0.836
Ru18Ni46Co9Fe19Cu9,17,6,9,bridge,Ni-Ni,fcc,Cu-Ni-Ru,0.821,0.069,-525.6144,-529.6195,-0.7428
Ru18Ni46Co9Fe19Cu9,17,7,0,bridge,Ni-Ru,hcp,Ni-Ru-Ru,0.781,0.105,-524.7733,-528.8824,-0.8468
Ru18Ni46Co9Fe19Cu9,17,7,1,bridge,Ru-Ru,bridge,Ru-Ru,1.02,0.305,-524.7733,-528.8885,-0.8529
Ru18Ni46Co9Fe19Cu9,17,7,2,top,Ru,hcp,Fe-Ni-Ru,0.928,0.29,-524.7733,-528.9124,-0.8768
Ru18Ni46Co9Fe19Cu9,17,7,3,hcp,Co-Ni-Ni,hcp,Co-Ni-Ni,0.816,0.043,-524.7733,-528.7307,-0.6951
Ru18Ni46Co9Fe19Cu9,17,7,4,bridge,Fe-Ni,bridge,Ni-Ru,1.077,0.335,-524.7733,-528.9187,-0.8832
Ru18Ni46Co9Fe19Cu9,17,7,5,fcc,Co-Cu-Ni,fcc,Co-Cu-Ni,0.842,0.04,-524.7733,-528.6381,-0.6026
Ru18Ni46Co9Fe19Cu9,17,7,6,bridge,Ni-Ni,fcc,Ni-Ni-Ni,0.714,0.015,-524.7733,-528.6603,-0.6247
Ru18Ni46Co9Fe19Cu9,17,7,7,fcc,Fe-Ni-Ru,fcc,Fe-Ni-Ru,1.081,0.349,-524.7733,-528.8715,-0.836
Ru18Ni46Co9Fe19Cu9,17,7,8,top,Ru,bridge,Ru-Ru,1.018,0.314,-524.7733,-528.8885,-0.8529
Ru18Ni46Co9Fe19Cu9,17,7,9,bridge,Ni-Ru,fcc,Ni-Ru-Ru,0.801,0.083,-524.7733,-528.8781,-0.8426
Ru18Ni46Co9Fe19Cu9,17,8,0,bridge,Co-Ni,hcp,Co-Ni-Ru,0.721,0.043,-524.1718,-528.2084,-0.7744
Ru18Ni46Co9Fe19Cu9,17,8,1,top,Ni,fcc,Fe-Ni-Ni,0.801,0.241,-524.1718,-528.0669,-0.6329
Ru18Ni46Co9Fe19Cu9,17,8,2,top,Ni,hcp,Co-Fe-Ni,0.776,0.339,-524.1718,-528.0829,-0.6489
Ru18Ni46Co9Fe19Cu9,17,8,3,bridge,Cu-Fe,hcp,Cu-Fe-Ni,0.815,0.195,-524.1718,-527.9365,-0.5025
Ru18Ni46Co9Fe19Cu9,17,8,4,bridge,Ni-Ni,fcc,Fe-Ni-Ni,0.792,0.268,-524.1718,-527.9975,-0.5634
Ru18Ni46Co9Fe19Cu9,17,8,5,fcc,Co-Fe-Ni,fcc,Co-Fe-Ni,0.818,0.294,-524.1718,-528.0937,-0.6596
Ru18Ni46Co9Fe19Cu9,17,8,6,fcc,Co-Cu-Ni,fcc,Co-Cu-Ni,0.687,0.111,-524.1718,-527.9574,-0.5234
Ru18Ni46Co9Fe19Cu9,17,8,7,bridge,Co-Ni,hcp,Co-Fe-Ni,0.778,0.34,-524.1718,-528.0829,-0.6489
Ru18Ni46Co9Fe19Cu9,17,8,8,hcp,Fe-Fe-Fe,hcp,Fe-Fe-Fe,0.85,0.1,-524.1718,-528.039,-0.605
Ru18Ni46Co9Fe19Cu9,17,8,9,bridge,Co-Fe,fcc,Co-Fe-Fe,0.854,0.305,-524.1718,-528.0747,-0.6407
Ru18Ni46Co9Fe19Cu9,17,9,0,bridge,Ru-Ru,hcp,Ni-Ru-Ru,0.813,0.281,-525.6812,-529.8639,-0.9205
Ru18Ni46Co9Fe19Cu9,17,9,1,top,Co,hcp,Ni-Ru-Ru,0.775,0.255,-525.6812,-529.7764,-0.833
Ru18Ni46Co9Fe19Cu9,17,9,2,fcc,Ni-Ni-Ru,fcc,Ni-Ni-Ru,0.64,0.083,-525.6812,-529.7259,-0.7825
Ru18Ni46Co9Fe19Cu9,17,9,3,bridge,Ni-Ru,hcp,Ni-Ru-Ru,0.812,0.273,-525.6812,-529.8639,-0.9204
Ru18Ni46Co9Fe19Cu9,17,9,4,hcp,Co-Ni-Ru,fcc,Ni-Ni-Ru,0.644,0.078,-525.6812,-529.7259,-0.7825
Ru18Ni46Co9Fe19Cu9,17,9,5,bridge,Ni-Ru,fcc,Ni-Ni-Ru,0.682,0.063,-525.6812,-529.7565,-0.813
Ru18Ni46Co9Fe19Cu9,17,9,6,bridge,Cu-Ni,fcc,Co-Cu-Ni,0.588,0.069,-525.6812,-529.4767,-0.5333
Ru18Ni46Co9Fe19Cu9,17,9,7,top,Ru,hcp,Co-Ni-Ru,0.729,0.177,-525.6812,-529.6651,-0.7216
Ru18Ni46Co9Fe19Cu9,17,9,8,hcp,Co-Cu-Ni,hcp,Co-Cu-Ni,0.572,0.098,-525.6812,-529.5041,-0.5606
Ru18Ni46Co9Fe19Cu9,17,9,9,bridge,Co-Ru,fcc,Ni-Ni-Ru,0.678,0.06,-525.6812,-529.7564,-0.813
Ru7Ni46Co12Fe29Cu7,18,0,0,fcc,Ni-Ni-Ru,fcc,Ni-Ni-Ru,0.917,0.216,-522.1237,-526.1512,-0.7653
Ru7Ni46Co12Fe29Cu7,18,0,1,top,Fe,hcp,Fe-Fe-Fe,0.984,0.049,-522.1237,-525.9929,-0.607
Ru7Ni46Co12Fe29Cu7,18,0,2,bridge,Co-Ni,hcp,Co-Fe-Ni,0.934,0.198,-522.1237,-526.0218,-0.6359
Ru7Ni46Co12Fe29Cu7,18,0,3,bridge,Cu-Ru,hcp,Cu-Ni-Ru,0.833,0.079,-522.1237,-526.0775,-0.6916
Ru7Ni46Co12Fe29Cu7,18,0,4,bridge,Cu-Fe,fcc,Cu-Fe-Fe,0.912,0.09,-522.1237,-525.8918,-0.5059
Ru7Ni46Co12Fe29Cu7,18,0,5,bridge,Cu-Ni,hcp,Cu-Fe-Ni,0.821,0.055,-522.1237,-525.836,-0.4501
Ru7Ni46Co12Fe29Cu7,18,0,6,hcp,Co-Fe-Ni,hcp,Co-Fe-Ni,0.929,0.189,-522.1237,-526.0218,-0.6358
Ru7Ni46Co12Fe29Cu7,18,0,7,bridge,Fe-Ni,fcc,Fe-Fe-Ni,0.944,0.142,-522.1237,-526.0258,-0.6399
Ru7Ni46Co12Fe29Cu7,18,0,8,top,Cu,hcp,Cu-Fe-Ni,0.811,0.141,-522.1237,-525.9122,-0.5263
Ru7Ni46Co12Fe29Cu7,18,0,9,hcp,Fe-Fe-Fe,hcp,Fe-Fe-Fe,0.979,0.039,-522.1237,-525.9927,-0.6067
Ru7Ni46Co12Fe29Cu7,18,1,0,bridge,Fe-Ni,bridge,Fe-Ni,0.96,0.12,-522.5482,-526.1892,-0.3788
Ru7Ni46Co12Fe29Cu7,18,1,1,top,Ni,bridge,Ni-Ni,0.874,0.025,-522.5482,-526.2938,-0.4834
Ru7Ni46Co12Fe29Cu7,18,1,2,bridge,Ni-Ru,bridge,Ni-Ru,1.041,0.317,-522.5482,-526.5924,-0.782
Ru7Ni46Co12Fe29Cu7,18,1,3,fcc,Ni-Ni-Ni,fcc,Ni-Ni-Ni,0.698,0.039,-522.5482,-526.416,-0.6056
Ru7Ni46Co12Fe29Cu7,18,1,4,bridge,Ni-Ni,fcc,Fe-Ni-Ni,0.843,0.313,-522.5482,-526.4166,-0.6061
Ru7Ni46Co12Fe29Cu7,18,1,5,hcp,Ni-Ni-Ni,hcp,Ni-Ni-Ni,0.676,0.048,-522.5482,-526.4345,-0.6241
Ru7Ni46Co12Fe29Cu7,18,1,6,bridge,Ni-Ni,hcp,Fe-Ni-Ni,0.797,0.241,-522.5482,-526.3836,-0.5732
Ru7Ni46Co12Fe29Cu7,18,1,7,hcp,Ni-Ni-Ni,hcp,Ni-Ni-Ni,0.669,0.043,-522.5482,-526.4477,-0.6373
Ru7Ni46Co12Fe29Cu7,18,1,8,bridge,Ni-Ni,fcc,Fe-Ni-Ni,0.762,0.304,-522.5482,-526.3586,-0.5482
Ru7Ni46Co12Fe29Cu7,18,1,9,top,Fe,hcp,Fe-Fe-Ru,1.149,0.322,-522.5482,-526.5324,-0.722
Ru7Ni46Co12Fe29Cu7,18,2,0,fcc,Ni-Ni-Ru,bridge,Ni-Ru,1.058,0.323,-522.3889,-526.3784,-0.7272
Ru7Ni46Co12Fe29Cu7,18,2,1,bridge,Ni-Ru,bridge,Ni-Ru,1.044,0.269,-522.3889,-526.4187,-0.7675
Ru7Ni46Co12Fe29Cu7,18,2,2,bridge,Fe-Fe,hcp,Fe-Fe-Ni,0.903,0.224,-522.3889,-526.2421,-0.5909
Ru7Ni46Co12Fe29Cu7,18,2,3,bridge,Fe-Ni,bridge,Fe-Ni,0.985,0.122,-522.3889,-525.9993,-0.3481
Ru7Ni46Co12Fe29Cu7,18,2,4,bridge,Fe-Ni,fcc,Fe-Fe-Ni,0.927,0.202,-522.3889,-526.2292,-0.578
Ru7Ni46Co12Fe29Cu7,18,2,5,top,Ru,top,Ru,1.584,0.001,-522.3889,-526.0574,-0.4062
Ru7Ni46Co12Fe29Cu7,18,2,6,hcp,Fe-Ni-Ru,bridge,Ni-Ru,1.038,0.269,-522.3889,-526.4187,-0.7675
Ru7Ni46Co12Fe29Cu7,18,2,7,bridge,Co-Ni,hcp,Co-Fe-Ni,0.863,0.257,-522.3889,-526.2546,-0.6034
Ru7Ni46Co12Fe29Cu7,18,2,8,fcc,Fe-Ni-Ni,fcc,Fe-Ni-Ni,0.779,0.135,-522.3889,-526.1366,-0.4854
Ru7Ni46Co12Fe29Cu7,18,2,9,top,Ni,bridge,Ni-Ru,1.044,0.271,-522.3889,-526.4187,-0.7675
Ru7Ni46Co12Fe29Cu7,18,3,0,bridge,Cu-Fe,bridge,Cu-Fe,0.934,0.032,-521.6243,-525.1299,-0.2434
Ru7Ni46Co12Fe29Cu7,18,3,1,bridge,Co-Ni,bridge,Co-Ni,0.754,0.063,-521.6243,-525.4154,-0.5289
Ru7Ni46Co12Fe29Cu7,18,3,2,hcp,Co-Ni-Ni,hcp,Co-Ni-Ni,0.579,0.056,-521.6243,-525.5101,-0.6236
Ru7Ni46Co12Fe29Cu7,18,3,3,bridge,Fe-Ni,hcp,Fe-Fe-Ni,0.778,0.248,-521.6243,-525.4743,-0.5877
Ru7Ni46Co12Fe29Cu7,18,3,4,fcc,Co-Ni-Ni,fcc,Co-Ni-Ni,0.634,0.065,-521.6243,-525.4878,-0.6013
Ru7Ni46Co12Fe29Cu7,18,3,5,top,Fe,fcc,Fe-Fe-Ni,0.856,0.192,-521.6243,-525.4303,-0.5438
Ru7Ni46Co12Fe29Cu7,18,3,6,bridge,Fe-Ni,hcp,Fe-Fe-Ni,0.812,0.23,-521.6243,-525.4577,-0.5712
Ru7Ni46Co12Fe29Cu7,18,3,7,top,Co,hcp,Co-Fe-Ni,0.747,0.255,-521.6243,-525.4928,-0.6063
Ru7Ni46Co12Fe29Cu7,18,3,8,bridge,Fe-Fe,bridge,Fe-Fe,0.931,0.031,-521.6243,-525.272,-0.3855
Ru7Ni46Co12Fe29Cu7,18,3,9,hcp,Co-Fe-Ni,hcp,Co-Fe-Ni,0.752,0.281,-521.6243,-525.4567,-0.5702
Ru7Ni46Co12Fe29Cu7,18,4,0,top,Ni,fcc,Fe-Ni-Ru,1.012,0.243,-523.1133,-527.1095,-0.734
Ru7Ni46Co12Fe29Cu7,18,4,1,bridge,Fe-Ru,bridge,Co-Ru,1.087,0.34,-523.1133,-527.0899,-0.7144
Ru7Ni46Co12Fe29Cu7,18,4,2,bridge,Ru-Ru,hcp,Ni-Ru-Ru,0.97,0.007,-523.1133,-527.1558,-0.7803
Ru7Ni46Co12Fe29Cu7,18,4,3,bridge,Ni-Ni,hcp,Ni-Ni-Ru,0.867,0.049,-523.1133,-527.1136,-0.7381
Ru7Ni46Co12Fe29Cu7,18,4,4,top,Co,hcp,Fe-Ni-Ru,1.015,0.261,-523.1133,-527.1276,-0.7521
Ru7Ni46Co12Fe29Cu7,18,4,5,hcp,Ni-Ni-Ru,hcp,Ni-Ni-Ru,0.865,0.038,-523.1133,-527.1136,-0.7381
Ru7Ni46Co12Fe29Cu7,18,4,6,fcc,Fe-Ni-Ru,fcc,Fe-Ni-Ru,1.009,0.241,-523.1133,-527.1095,-0.734
Ru7Ni46Co12Fe29Cu7,18,4,7,bridge,Ru-Ru,bridge,Ru-Ru,1.153,0.0,-523.1133,-527.0818,-0.7063
Ru7Ni46Co12Fe29Cu7,18,4,8,hcp,Ru-Ru-Ru,bridge,Ru-Ru,1.094,0.356,-523.1133,-527.1235,-0.748
Ru7Ni46Co12Fe29Cu7,18,4,9,bridge,Ni-Ru,hcp,Ni-Ru-Ru,0.971,0.006,-523.1133,-527.1558,-0.7803
Ru7Ni46Co12Fe29Cu7,18,5,0,bridge,Fe-Ni,bridge,Ni-Ru,1.049,0.345,-522.7321,-526.754,-0.7596
Ru7Ni46Co12Fe29Cu7,18,5,1,bridge,Co-Ni,hcp,Co-Fe-Ni,0.875,0.289,-522.7321,-526.5515,-0.5571
Ru7Ni46Co12Fe29Cu7,18,5,2,bridge,Fe-Ni,bridge,Ni-Ru,1.072,0.244,-522.7321,-526.7199,-0.7255
Ru7Ni46Co12Fe29Cu7,18,5,3,hcp,Fe-Ni-Ru,bridge,Ni-Ru,1.04,0.271,-522.7321,-526.7523,-0.7579
Ru7Ni46Co12Fe29Cu7,18,5,4,hcp,Fe-Fe-Ni,hcp,Fe-Fe-Ni,0.917,0.169,-522.7321,-526.482,-0.4876
Ru7Ni46Co12Fe29Cu7,18,5,5,top,Ni,hcp,Fe-Fe-Ni,0.923,0.179,-522.7321,-526.4819,-0.4876
Ru7Ni46Co12Fe29Cu7,18,5,6,bridge,Ni-Ni,hcp,Fe-Ni-Ni,0.886,0.267,-522.7321,-526.5524,-0.558
Ru7Ni46Co12Fe29Cu7,18,5,7,top,Ni,fcc,Fe-Fe-Ni,0.976,0.227,-522.7321,-526.5198,-0.5254
Ru7Ni46Co12Fe29Cu7,18,5,8,bridge,Ni-Ni,fcc,Fe-Ni-Ni,0.868,0.25,-522.7321,-526.5128,-0.5184
Ru7Ni46Co12Fe29Cu7,18,5,9,fcc,Co-Co-Fe,bridge,Co-Co,0.919,0.235,-522.7321,-526.6079,-0.6135
Ru7Ni46Co12Fe29Cu7,18,6,0,bridge,Fe-Ni,hcp,Fe-Ni-Ni,0.802,0.261,-523.2509,-527.0849,-0.5718
Ru7Ni46Co12Fe29Cu7,18,6,1,top,Ni,hcp,Fe-Ni-Ni,0.832,0.274,-523.2509,-527.1054,-0.5923
Ru7Ni46Co12Fe29Cu7,18,6,2,bridge,Fe-Ru,bridge,Ni-Ru,0.994,0.266,-523.2509,-527.2722,-0.7591
Ru7Ni46Co12Fe29Cu7,18,6,3,bridge,Ni-Ru,bridge,Ni-Ru,1.032,0.3,-523.2509,-527.265,-0.7519
Ru7Ni46Co12Fe29Cu7,18,6,4,hcp,Fe-Ni-Ni,hcp,Fe-Ni-Ni,0.832,0.277,-523.2509,-527.1054,-0.5923
Ru7Ni46Co12Fe29Cu7,18,6,5,top,Fe,bridge,Ni-Ru,1.034,0.287,-523.2509,-527.2649,-0.7518
Ru7Ni46Co12Fe29Cu7,18,6,6,hcp,Fe-Fe-Ni,hcp,Fe-Fe-Ni,0.905,0.171,-523.2509,-527.0926,-0.5795
Ru7Ni46Co12Fe29Cu7,18,6,7,fcc,Fe-Ni-Ni,fcc,Fe-Ni-Ni,0.818,0.215,-523.2509,-527.0984,-0.5853
Ru7Ni46Co12Fe29Cu7,18,6,8,bridge,Fe-Ni,bridge,Ni-Ru,1.051,0.128,-523.2509,-527.2569,-0.7437
Ru7Ni46Co12Fe29Cu7,18,6,9,bridge,Ni-Ni,hcp,Ni-Ni-Ru,0.832,0.012,-523.2509,-527.2469,-0.7337
Ru7Ni46Co12Fe29Cu7,18,7,0,bridge,Ni-Ni,fcc,Fe-Ni-Ni,0.753,0.276,-523.0094,-526.8009,-0.5293
Ru7Ni46Co12Fe29Cu7,18,7,1,hcp,Ni-Ni-Ni,hcp,Ni-Ni-Ni,0.62,0.016,-523.0094,-526.8974,-0.6257
Ru7Ni46Co12Fe29Cu7,18,7,2,top,Fe,hcp,Fe-Fe-Ru,1.185,0.275,-523.0094,-527.0054,-0.7338
Ru7Ni46Co12Fe29Cu7,18,7,3,bridge,Co-Cu,fcc,Co-Cu-Fe,0.817,0.215,-523.0094,-526.7233,-0.4517
Ru7Ni46Co12Fe29Cu7,18,7,4,bridge,Co-Ni,fcc,Co-Fe-Ni,0.817,0.312,-523.0094,-526.8661,-0.5945
Ru7Ni46Co12Fe29Cu7,18,7,5,fcc,Ni-Ni-Ni,fcc,Ni-Ni-Ni,0.658,0.009,-523.0094,-526.8447,-0.5731
Ru7Ni46Co12Fe29Cu7,18,7,6,top,Co,bridge,Ni-Ru,1.047,0.323,-523.0094,-527.0504,-0.7788
Ru7Ni46Co12Fe29Cu7,18,7,7,fcc,Fe-Ni-Ru,bridge,Ni-Ru,1.03,0.316,-523.0094,-527.01,-0.7384
Ru7Ni46Co12Fe29Cu7,18,7,8,bridge,Ni-Ni,fcc,Ni-Ni-Ni,0.662,0.012,-523.0094,-526.8447,-0.5731
Ru7Ni46Co12Fe29Cu7,18,7,9,bridge,Fe-Fe,hcp,Fe-Fe-Ru,1.178,0.277,-523.0094,-527.0055,-0.7339
Ru7Ni46Co12Fe29Cu7,18,8,0,top,Fe,fcc,Co-Fe-Fe,0.951,0.271,-521.1985,-525.0481,-0.5873
Ru7Ni46Co12Fe29Cu7,18,8,1,bridge,Co-Ni,bridge,Co-Ni,0.876,0.015,-521.1985,-524.956,-0.4953
Ru7Ni46Co12Fe29Cu7,18,8,2,fcc,Ni-Ni-Ru,bridge,Ni-Ru,1.012,0.358,-521.1985,-525.1914,-0.7307
Ru7Ni46Co12Fe29Cu7,18,8,3,bridge,Fe-Ni,hcp,Fe-Ni-Ni,0.801,0.236,-521.1985,-525.0865,-0.6258
Ru7Ni46Co12Fe29Cu7,18,8,4,hcp,Co-Ni-Ni,hcp,Co-Ni-Ni,0.703,0.019,-521.1985,-525.0514,-0.5907
Ru7Ni46Co12Fe29Cu7,18,8,5,top,Ni,fcc,Fe-Fe-Ni,0.91,0.237,-521.1985,-525.0604,-0.5997
Ru7Ni46Co12Fe29Cu7,18,8,6,fcc,Co-Cu-Fe,fcc,Co-Cu-Fe,0.898,0.283,-521.1985,-524.9618,-0.5011
Ru7Ni46Co12Fe29Cu7,18,8,7,bridge,Ni-Ru,hcp,Fe-Ni-Ru,1.038,0.277,-521.1985,-525.2503,-0.7896
Ru7Ni46Co12Fe29Cu7,18,8,8,bridge,Cu-Fe,hcp,Cu-Fe-Fe,0.965,0.096,-521.1985,-524.9541,-0.4934
Ru7Ni46Co12Fe29Cu7,18,8,9,bridge,Cu-Ni,bridge,Ni-Ru,1.013,0.356,-521.1985,-525.1914,-0.7307
Ru7Ni46Co12Fe29Cu7,18,9,0,top,Ni,fcc,Co-Ni-Ni,0.679,0.022,-522.0352,-525.9202,-0.6228
Ru7Ni46Co12Fe29Cu7,18,9,1,hcp,Co-Ni-Ni,hcp,Co-Ni-Ni,0.67,0.027,-522.0352,-525.9106,-0.6132
Ru7Ni46Co12Fe29Cu7,18,9,2,hcp,Co-Ni-Ni,hcp,Co-Ni-Ni,0.695,0.093,-522.0352,-525.8929,-0.5955
Ru7Ni46Co12Fe29Cu7,18,9,3,bridge,Ni-Ru,fcc,Ni-Ni-Ru,0.962,0.331,-522.0352,-526.0215,-0.7241
Ru7Ni46Co12Fe29Cu7,18,9,4,bridge,Ni-Ni,fcc,Co-Ni-Ni,0.677,0.019,-522.0352,-525.9202,-0.6228
Ru7Ni46Co12Fe29Cu7,18,9,5,top,Co,hcp,Co-Fe-Ni,0.815,0.242,-522.0352,-525.9744,-0.6769
Ru7Ni46Co12Fe29Cu7,18,9,6,fcc,Cu-Ni-Ru,fcc,Cu-Ni-Ru,0.877,0.068,-522.0352,-525.993,-0.6956
Ru7Ni46Co12Fe29Cu7,18,9,7,bridge,Co-Co,hcp,Co-Ni-Ru,0.95,0.272,-522.0352,-525.9694,-0.672
Ru7Ni46Co12Fe29Cu7,18,9,8,bridge,Ni-Ni,hcp,Fe-Ni-Ni,0.782,0.123,-522.0352,-525.8982,-0.6008
Ru7Ni46Co12Fe29Cu7,18,9,9,bridge,Ni-Ni,fcc,Ni-Ni-Ru,0.876,0.09,-522.0352,-526.0186,-0.7211
Ru13Ni14Co29Fe36Cu8,19,0,0,top,Co,bridge,Co-Ni,0.858,0.3,-563.5148,-567.4226,-0.6455
Ru13Ni14Co29Fe36Cu8,19,0,1,bridge,Co-Fe,bridge,Co-Fe,0.938,0.142,-563.5148,-567.3116,-0.5346
Ru13Ni14Co29Fe36Cu8,19,0,2,bridge,Fe-Fe,hcp,Fe-Fe-Ni,0.885,0.162,-563.5148,-567.4185,-0.6415
Ru13Ni14Co29Fe36Cu8,19,0,3,fcc,Co-Cu-Ni,fcc,Co-Cu-Ni,0.729,0.132,-563.5148,-567.2661,-0.489
Ru13Ni14Co29Fe36Cu8,19,0,4,bridge,Co-Co,bridge,Co-Co,0.86,0.307,-563.5148,-567.4259,-0.6489
Ru13Ni14Co29Fe36Cu8,19,0,5,bridge,Fe-Ru,hcp,Fe-Fe-Ru,1.179,0.285,-563.5148,-567.6221,-0.845
Ru13Ni14Co29Fe36Cu8,19,0,6,hcp,Co-Cu-Ni,hcp,Co-Cu-Ni,0.786,0.055,-563.5148,-567.3267,-0.5497
Ru13Ni14Co29Fe36Cu8,19,0,7,top,Fe,hcp,Fe-Fe-Ru,1.181,0.287,-563.5148,-567.6221,-0.8451
Ru13Ni14Co29Fe36Cu8,19,0,8,bridge,Co-Fe,bridge,Co-Ni,0.854,0.32,-563.5148,-567.4224,-0.6453
Ru13Ni14Co29Fe36Cu8,19,0,9,hcp,Fe-Fe-Ru,hcp,Fe-Fe-Ru,1.172,0.274,-563.5148,-567.6211,-0.8441
Ru13Ni14Co29Fe36Cu8,19,1,0,fcc,Co-Co-Fe,fcc,Co-Co-Fe,0.74,0.309,-562.7382,-566.6669,-0.6664
Ru13Ni14Co29Fe36Cu8,19,1,1,top,Fe,fcc,Fe-Fe-Fe,0.948,0.149,-562.7382,-566.7165,-0.716
Ru13Ni14Co29Fe36Cu8,19,1,2,hcp,Co-Co-Co,hcp,Co-Co-Co,0.607,0.045,-562.7382,-566.6398,-0.6394
Ru13Ni14Co29Fe36Cu8,19,1,3,bridge,Co-Fe,hcp,Co-Fe-Fe,0.86,0.305,-562.7382,-566.7168,-0.7163
Ru13Ni14Co29Fe36Cu8,19,1,4,fcc,Co-Fe-Fe,fcc,Co-Fe-Fe,0.865,0.357,-562.7382,-566.7052,-0.7048
Ru13Ni14Co29Fe36Cu8,19,1,5,bridge,Fe-Ru,hcp,Fe-Ni-Ru,0.984,0.328,-562.7382,-566.8091,-0.8086
Ru13Ni14Co29Fe36Cu8,19,1,6,bridge,Fe-Fe,hcp,Fe-Fe-Fe,0.924,0.118,-562.7382,-566.7059,-0.7055
Ru13Ni14Co29Fe36Cu8,19,1,7,top,Co,hcp,Co-Co-Fe,0.704,0.333,-562.7382,-566.5413,-0.5409
Ru13Ni14Co29Fe36Cu8,19,1,8,bridge,Co-Ni,fcc,Co-Fe-Ni,0.797,0.263,-562.7382,-566.6195,-0.6191
Ru13Ni14Co29Fe36Cu8,19,1,9,bridge,Co-Fe,bridge,Co-Ru,0.893,0.313,-562.7382,-566.7017,-0.7012
Ru13Ni14Co29Fe36Cu8,19,2,0,bridge,Co-Co,bridge,Co-Ru,0.983,0.191,-563.7626,-567.8243,-0.7995
Ru13Ni14Co29Fe36Cu8,19,2,1,hcp,Co-Co-Fe,bridge,Co-Co,0.693,0.327,-563.7626,-567.6779,-0.653
Ru13Ni14Co29Fe36Cu8,19,2,2,hcp,Fe-Fe-Ni,hcp,Fe-Fe-Ni,0.578,0.189,-563.7626,-567.6137,-0.5889
Ru13Ni14Co29Fe36Cu8,19,2,3,bridge,Co-Co,bridge,Co-Co,0.756,0.039,-563.7626,-567.767,-0.7422
Ru13Ni14Co29Fe36Cu8,19,2,4,fcc,Co-Co-Fe,bridge,Co-Co,0.667,0.252,-563.7626,-567.7145,-0.6896
Ru13Ni14Co29Fe36Cu8,19,2,5,bridge,Co-Fe,bridge,Co-Co,0.662,0.265,-563.7626,-567.7145,-0.6897
Ru13Ni14Co29Fe36Cu8,19,2,6,top,Co,bridge,Co-Ru,0.915,0.163,-563.7626,-567.7121,-0.6873
Ru13Ni14Co29Fe36Cu8,19,2,7,top,Ni,bridge,Ni-Ru,0.837,0.136,-563.7626,-567.7822,-0.7574
Ru13Ni14Co29Fe36Cu8,19,2,8,bridge,Co-Ru,bridge,Co-Ru,0.869,0.214,-563.7626,-567.8138,-0.7889
Ru13Ni14Co29Fe36Cu8,19,2,9,bridge,Co-Co,bridge,Co-Ru,0.865,0.235,-563.7626,-567.8139,-0.789
Ru13Ni14Co29Fe36Cu8,19,3,0,top,Fe,bridge,Fe-Ru,1.175,0.336,-564.738,-568.7201,-0.7198
Ru13Ni14Co29Fe36Cu8,19,3,1,bridge,Cu-Fe,fcc,Cu-Fe-Fe,0.849,0.033,-564.738,-568.5467,-0.5465
Ru13Ni14Co29Fe36Cu8,19,3,2,fcc,Co-Cu-Ru,fcc,Co-Cu-Ru,0.758,0.163,-564.738,-568.7257,-0.7255
Ru13Ni14Co29Fe36Cu8,19,3,3,bridge,Cu-Ru,hcp,Cu-Ru-Ru,0.81,0.09,-564.738,-568.7393,-0.739
Ru13Ni14Co29Fe36Cu8,19,3,4,fcc,Cu-Ni-Ru,fcc,Cu-Ni-Ru,0.805,0.086,-564.738,-568.6775,-0.6773
Ru13Ni14Co29Fe36Cu8,19,3,5,bridge,Co-Ni,fcc,Co-Fe-Ni,0.683,0.302,-564.738,-568.5715,-0.5713
Ru13Ni14Co29Fe36Cu8,19,3,6,bridge,Cu-Fe,bridge,Cu-Fe,1.003,0.003,-564.738,-568.401,-0.4007
Ru13Ni14Co29Fe36Cu8,19,3,7,top,Co,fcc,Co-Fe-Ru,1.018,0.375,-564.738,-568.7243,-0.7241
Ru13Ni14Co29Fe36Cu8,19,3,8,hcp,Co-Co-Ru,bridge,Co-Ru,0.997,0.198,-564.738,-568.6921,-0.6919
Ru13Ni14Co29Fe36Cu8,19,3,9,bridge,Cu-Ni,fcc,Cu-Ni-Ru,0.804,0.093,-564.738,-568.6776,-0.6773
Ru13Ni14Co29Fe36Cu8,19,4,0,hcp,Fe-Fe-Fe,hcp,Fe-Fe-Fe,0.799,0.059,-561.7205,-565.6279,-0.6452
Ru13Ni14Co29Fe36Cu8,19,4,1,hcp,Co-Co-Co,hcp,Co-Co-Co,0.572,0.07,-561.7205,-565.6333,-0.6505
Ru13Ni14Co29Fe36Cu8,19,4,2,bridge,Co-Fe,fcc,Co-Fe-Fe,0.753,0.231,-561.7205,-565.6489,-0.6661
Ru13Ni14Co29Fe36Cu8,19,4,3,top,Ru,bridge,Co-Ru,1.11,0.06,-561.7205,-565.8107,-0.828
Ru13Ni14Co29Fe36Cu8,19,4,4,bridge,Co-Fe,fcc,Co-Fe-Fe,0.803,0.196,-561.7205,-565.6255,-0.6427
Ru13Ni14Co29Fe36Cu8,19,4,5,fcc,Co-Co-Co,fcc,Co-Co-Co,0.69,0.074,-561.7205,-565.5397,-0.557
Ru13Ni14Co29Fe36Cu8,19,4,6,top,Cu,fcc,Co-Fe-Fe,0.808,0.206,-561.7205,-565.6256,-0.6428
Ru13Ni14Co29Fe36Cu8,19,4,7,bridge,Co-Fe,fcc,Co-Co-Fe,0.638,0.326,-561.7205,-565.5715,-0.5887
Ru13Ni14Co29Fe36Cu8,19,4,8,bridge,Co-Co,hcp,Co-Co-Co,0.694,0.114,-561.7205,-565.595,-0.6123
Ru13Ni14Co29Fe36Cu8,19,4,9,bridge,Co-Ru,bridge,Co-Ru,1.111,0.033,-561.7205,-565.8105,-0.8277
Ru13Ni14Co29Fe36Cu8,19,5,0,fcc,Fe-Fe-Ru,fcc,Fe-Fe-Ru,1.08,0.322,-563.2674,-567.3812,-0.8516
Ru13Ni14Co29Fe36Cu8,19,5,1,fcc,Fe-Fe-Ni,fcc,Fe-Fe-Ni,0.67,0.142,-563.2674,-567.1109,-0.5812
Ru13Ni14Co29Fe36Cu8,19,5,2,bridge,Fe-Fe,hcp,Fe-Fe-Fe,0.878,0.097,-563.2674,-567.2697,-0.74
Ru13Ni14Co29Fe36Cu8,19,5,3,top,Fe,fcc,Co-Fe-Ru,0.984,0.353,-563.2674,-567.3003,-0.7706
Ru13Ni14Co29Fe36Cu8,19,5,4,bridge,Co-Fe,fcc,Co-Fe-Ru,1.048,0.253,-563.2674,-567.3032,-0.7736
Ru13Ni14Co29Fe36Cu8,19,5,5,hcp,Co-Co-Fe,hcp,Co-Co-Fe,0.704,0.293,-563.2674,-567.1774,-0.6477
Ru13Ni14Co29Fe36Cu8,19,5,6,top,Co,bridge,Co-Co,0.71,0.118,-563.2674,-567.1298,-0.6001
Ru13Ni14Co29Fe36Cu8,19,5,7,bridge,Co-Fe,bridge,Co-Ru,0.983,0.359,-563.2674,-567.3003,-0.7706
Ru13Ni14Co29Fe36Cu8,19,5,8,bridge,Fe-Fe,hcp,Fe-Fe-Fe,0.874,0.09,-563.2674,-567.2697,-0.74
Ru13Ni14Co29Fe36Cu8,19,5,9,bridge,Co-Fe,bridge,Co-Fe,0.865,0.1,-563.2674,-567.1048,-0.5752
Ru13Ni14Co29Fe36Cu8,19,6,0,top,Co,bridge,Co-Ni,0.833,0.351,-562.5437,-566.5076,-0.7016
Ru13Ni14Co29Fe36Cu8,19,6,1,bridge,Ni-Ru,hcp,Fe-Ni-Ru,0.893,0.296,-562.5437,-566.6011,-0.7951
Ru13Ni14Co29Fe36Cu8,19,6,2,bridge,Ni-Ru,bridge,Ni-Ru,0.915,0.323,-562.5437,-566.5736,-0.7676
Ru13Ni14Co29Fe36Cu8,19,6,3,hcp,Cu-Fe-Ni,hcp,Cu-Fe-Ni,0.761,0.162,-562.5437,-566.3215,-0.5155
Ru13Ni14Co29Fe36Cu8,19,6,4,bridge,Cu-Fe,hcp,Cu-Fe-Fe,0.916,0.119,-562.5437,-566.38,-0.5741
Ru13Ni14Co29Fe36Cu8,19,6,5,fcc,Co-Fe-Fe,fcc,Co-Fe-Fe,0.88,0.273,-562.5437,-566.445,-0.639
Ru13Ni14Co29Fe36Cu8,19,6,6,bridge,Co-Ni,hcp,Co-Fe-Ni,0.827,0.253,-562.5437,-566.4758,-0.6698
Ru13Ni14Co29Fe36Cu8,19,6,7,hcp,Cu-Ni-Ru,hcp,Cu-Ni-Ru,0.873,0.108,-562.5437,-566.5287,-0.7227
Ru13Ni14Co29Fe36Cu8,19,6,8,bridge,Fe-Ni,hcp,Co-Fe-Ni,0.824,0.254,-562.5437,-566.4757,-0.6698
Ru13Ni14Co29Fe36Cu8,19,6,9,top,Co,hcp,Co-Fe-Ni,0.824,0.357,-562.5437,-566.4126,-0.6067
Ru13Ni14Co29Fe36Cu8,19,7,0,fcc,Co-Fe-Ru,bridge,Co-Ru,0.941,0.329,-565.0343,-569.0999,-0.8034
Ru13Ni14Co29Fe36Cu8,19,7,1,top,Fe,fcc,Fe-Fe-Ru,1.072,0.259,-565.0343,-569.1642,-0.8676
Ru13Ni14Co29Fe36Cu8,19,7,2,bridge,Co-Ru,bridge,Co-Ru,0.736,0.298,-565.0343,-569.0918,-0.7952
Ru13Ni14Co29Fe36Cu8,19,7,3,hcp,Co-Co-Ru,hcp,Co-Co-Ru,0.883,0.344,-565.0343,-569.1168,-0.8202
Ru13Ni14Co29Fe36Cu8,19,7,4,top,Fe,hcp,Fe-Ru-Ru,1.093,0.358,-565.0343,-569.2074,-0.9108
Ru13Ni14Co29Fe36Cu8,19,7,5,fcc,Co-Fe-Ru,bridge,Co-Ru,0.777,0.156,-565.0343,-569.0826,-0.7861
Ru13Ni14Co29Fe36Cu8,19,7,6,bridge,Co-Fe,bridge,Co-Ru,0.777,0.18,-565.0343,-569.0824,-0.7858
Ru13Ni14Co29Fe36Cu8,19,7,7,bridge,Co-Co,hcp,Co-Co-Ru,0.775,0.14,-565.0343,-569.1128,-0.8162
Ru13Ni14Co29Fe36Cu8,19,7,8,bridge,Fe-Ru,fcc,Fe-Fe-Ru,0.9,0.339,-565.0343,-569.0246,-0.7281
Ru13Ni14Co29Fe36Cu8,19,7,9,bridge,Fe-Ru,hcp,Fe-Fe-Ru,1.06,0.203,-565.0343,-569.2015,-0.9049
Ru13Ni14Co29Fe36Cu8,19,8,0,bridge,Fe-Ni,fcc,Fe-Fe-Ni,0.832,0.241,-563.6835,-567.5939,-0.6481
Ru13Ni14Co29Fe36Cu8,19,8,1,bridge,Co-Ni,hcp,Co-Fe-Ni,0.647,0.286,-563.6835,-567.5084,-0.5627
Ru13Ni14Co29Fe36Cu8,19,8,2,fcc,Co-Fe-Fe,fcc,Co-Fe-Fe,0.802,0.339,-563.6835,-567.586,-0.6402
Ru13Ni14Co29Fe36Cu8,19,8,3,bridge,Fe-Ru,bridge,Fe-Ru,1.108,0.091,-563.6835,-567.7103,-0.7645
Ru13Ni14Co29Fe36Cu8,19,8,4,bridge,Fe-Ru,hcp,Fe-Fe-Ru,1.031,0.233,-563.6835,-567.8173,-0.8715
Ru13Ni14Co29Fe36Cu8,19,8,5,top,Fe,fcc,Co-Fe-Ru,1.141,0.24,-563.6835,-567.7665,-0.8208
Ru13Ni14Co29Fe36Cu8,19,8,6,top,Co,bridge,Co-Ru,0.957,0.216,-563.6835,-567.6982,-0.7524
Ru13Ni14Co29Fe36Cu8,19,8,7,bridge,Fe-Ni,fcc,Fe-Ni-Ni,0.668,0.268,-563.6835,-567.5533,-0.6075
Ru13Ni14Co29Fe36Cu8,19,8,8,hcp,Co-Fe-Ni,hcp,Co-Fe-Ni,0.683,0.336,-563.6835,-567.5508,-0.605
Ru13Ni14Co29Fe36Cu8,19,8,9,fcc,Fe-Fe-Ru,bridge,Fe-Ru,1.096,0.375,-563.6835,-567.7194,-0.7736
Ru13Ni14Co29Fe36Cu8,19,9,0,top,Ni,hcp,Fe-Fe-Ni,0.951,0.218,-563.3105,-567.2229,-0.6502
Ru13Ni14Co29Fe36Cu8,19,9,1,bridge,Fe-Ni,hcp,Fe-Fe-Ni,0.953,0.226,-563.3105,-567.2229,-0.6502
Ru13Ni14Co29Fe36Cu8,19,9,2,bridge,Cu-Fe,hcp,Cu-Fe-Fe,0.912,0.143,-563.3105,-567.1068,-0.5341
Ru13Ni14Co29Fe36Cu8,19,9,3,fcc,Fe-Fe-Fe,fcc,Fe-Fe-Fe,0.909,0.092,-563.3105,-567.2477,-0.675
Ru13Ni14Co29Fe36Cu8,19,9,4,bridge,Ni-Ru,fcc,Fe-Ni-Ru,0.959,0.292,-563.3105,-567.3772,-0.8045
Ru13Ni14Co29Fe36Cu8,19,9,5,fcc,Cu-Fe-Ru,fcc,Cu-Fe-Ru,0.928,0.172,-563.3105,-567.2243,-0.6516
Ru13Ni14Co29Fe36Cu8,19,9,6,hcp,Fe-Fe-Ni,hcp,Fe-Fe-Ni,0.901,0.147,-563.3105,-567.1475,-0.5748
Ru13Ni14Co29Fe36Cu8,19,9,7,bridge,Cu-Ni,hcp,Cu-Ni-Ni,0.746,0.059,-563.3105,-567.1035,-0.5308
Ru13Ni14Co29Fe36Cu8,19,9,8,top,Ni,hcp,Fe-Fe-Ni,0.899,0.144,-563.3105,-567.1474,-0.5747
Ru13Ni14Co29Fe36Cu8,19,9,9,bridge,Co-Fe,fcc,Co-Fe-Fe,0.974,0.263,-563.3105,-567.2236,-0.6509
Ru7Ni49Co27Fe5Cu13,20,0,0,bridge,Ni-Ni,hcp,Ni-Ni-Ni,0.648,0.034,-476.2169,-480.157,-0.6779
Ru7Ni49Co27Fe5Cu13,20,0,1,top,Ni,bridge,Ni-Ni,0.827,0.222,-476.2169,-480.0148,-0.5356
Ru7Ni49Co27Fe5Cu13,20,0,2,fcc,Cu-Ni-Ni,fcc,Cu-Ni-Ni,0.695,0.095,-476.2169,-480.0267,-0.5475
Ru7Ni49Co27Fe5Cu13,20,0,3,bridge,Co-Ni,hcp,Co-Ni-Ni,0.671,0.043,-476.2169,-480.0866,-0.6074
Ru7Ni49Co27Fe5Cu13,20,0,4,top,Co,bridge,Co-Co,0.89,0.239,-476.2169,-479.962,-0.4829
Ru7Ni49Co27Fe5Cu13,20,0,5,bridge,Ni-Ni,fcc,Fe-Ni-Ni,0.755,0.245,-476.2169,-480.0446,-0.5654
Ru7Ni49Co27Fe5Cu13,20,0,6,bridge,Fe-Ni,hcp,Fe-Ni-Ni,0.762,0.248,-476.2169,-480.1027,-0.6236
Ru7Ni49Co27Fe5Cu13,20,0,7,hcp,Cu-Ni-Ni,hcp,Cu-Ni-Ni,0.698,0.088,-476.2169,-480.0337,-0.5545
Ru7Ni49Co27Fe5Cu13,20,0,8,bridge,Fe-Ni,hcp,Fe-Ni-Ni,0.73,0.211,-476.2169,-480.054,-0.5748
Ru7Ni49Co27Fe5Cu13,20,0,9,fcc,Fe-Ni-Ni,fcc,Fe-Ni-Ni,0.759,0.299,-476.2169,-480.0725,-0.5933
Ru7Ni49Co27Fe5Cu13,20,1,0,bridge,Co-Fe,fcc,Co-Fe-Ni,0.834,0.253,-475.417,-479.3122,-0.6329
Ru7Ni49Co27Fe5Cu13,20,1,1,bridge,Co-Ni,bridge,Co-Ni,0.89,0.029,-475.417,-479.1849,-0.5056
Ru7Ni49Co27Fe5Cu13,20,1,2,top,Co,hcp,Co-Co-Ni,0.757,0.077,-475.417,-479.2947,-0.6155
Ru7Ni49Co27Fe5Cu13,20,1,3,bridge,Co-Ni,bridge,Co-Ni,0.887,0.026,-475.417,-479.2455,-0.5662
Ru7Ni49Co27Fe5Cu13,20,1,4,hcp,Cu-Ni-Ni,hcp,Cu-Ni-Ni,0.685,0.1,-475.417,-479.177,-0.4978
Ru7Ni49Co27Fe5Cu13,20,1,5,fcc,Ni-Ni-Ni,fcc,Ni-Ni-Ni,0.629,0.023,-475.417,-479.2394,-0.5601
Ru7Ni49Co27Fe5Cu13,20,1,6,fcc,Co-Co-Ni,fcc,Co-Co-Ni,0.692,0.018,-475.417,-479.1783,-0.499
Ru7Ni49Co27Fe5Cu13,20,1,7,bridge,Co-Co,bridge,Co-Ru,1.068,0.1,-475.417,-479.3703,-0.691
Ru7Ni49Co27Fe5Cu13,20,1,8,top,Ni,hcp,Co-Ni-Ni,0.68,0.01,-475.417,-479.3188,-0.6395
Ru7Ni49Co27Fe5Cu13,20,1,9,bridge,Co-Ni,fcc,Co-Ni-Ni,0.671,0.025,-475.417,-479.26,-0.5807
Ru7Ni49Co27Fe5Cu13,20,2,0,bridge,Co-Cu,bridge,Co-Cu,0.935,0.06,-475.2454,-478.86,-0.3523
Ru7Ni49Co27Fe5Cu13,20,2,1,bridge,Ni-Ni,fcc,Ni-Ni-Ni,0.654,0.031,-475.2454,-479.1514,-0.6438
Ru7Ni49Co27Fe5Cu13,20,2,2,fcc,Co-Cu-Ni,fcc,Co-Cu-Ni,0.724,0.069,-475.2454,-479.0112,-0.5036
Ru7Ni49Co27Fe5Cu13,20,2,3,top,Co,hcp,Co-Ni-Ni,0.756,0.042,-475.2454,-479.114,-0.6064
Ru7Ni49Co27Fe5Cu13,20,2,4,top,Co,fcc,Co-Co-Ni,0.757,0.033,-475.2454,-479.0847,-0.5771
Ru7Ni49Co27Fe5Cu13,20,2,5,bridge,Cu-Ni,bridge,Cu-Ni,0.875,0.085,-475.2454,-478.8529,-0.3453
Ru7Ni49Co27Fe5Cu13,20,2,6,bridge,Co-Ni,fcc,Co-Co-Ni,0.7,0.017,-475.2454,-479.0779,-0.5703
Ru7Ni49Co27Fe5Cu13,20,2,7,bridge,Cu-Ni,fcc,Cu-Ni-Ni,0.677,0.059,-475.2454,-479.0105,-0.5029
Ru7Ni49Co27Fe5Cu13,20,2,8,hcp,Co-Cu-Ni,hcp,Co-Cu-Ni,0.691,0.121,-475.2454,-478.9717,-0.4641
Ru7Ni49Co27Fe5Cu13,20,2,9,hcp,Co-Ni-Ni,hcp,Co-Ni-Ni,0.742,0.035,-475.2454,-479.1362,-0.6285
Ru7Ni49Co27Fe5Cu13,20,3,0,top,Co,fcc,Co-Ni-Ni,0.74,0.018,-475.8352,-479.7264,-0.6289
Ru7Ni49Co27Fe5Cu13,20,3,1,bridge,Co-Ni,hcp,Co-Ni-Ni,0.693,0.033,-475.8352,-479.6968,-0.5994
Ru7Ni49Co27Fe5Cu13,20,3,2,fcc,Co-Ni-Ni,fcc,Co-Ni-Ni,0.73,0.047,-475.8352,-479.6358,-0.5383
Ru7Ni49Co27Fe5Cu13,20,3,3,bridge,Ni-Ni,hcp,Co-Ni-Ni,0.735,0.017,-475.8352,-479.7011,-0.6037
Ru7Ni49Co27Fe5Cu13,20,3,4,bridge,Co-Ni,fcc,Co-Ni-Ni,0.748,0.054,-475.8352,-479.6583,-0.5609
Ru7Ni49Co27Fe5Cu13,20,3,5,bridge,Ni-Ni,fcc,Co-Ni-Ni,0.772,0.014,-475.8352,-479.6858,-0.5883
Ru7Ni49Co27Fe5Cu13,20,3,6,bridge,Co-Ni,hcp,Co-Ni-Ni,0.735,0.085,-475.8352,-479.6611,-0.5637
Ru7Ni49Co27Fe5Cu13,20,3,7,fcc,Fe-Ni-Ni,fcc,Fe-Ni-Ni,0.793,0.208,-475.8352,-479.6364,-0.539
Ru7Ni49Co27Fe5Cu13,20,3,8,hcp,Co-Fe-Ni,hcp,Co-Fe-Ni,0.791,0.266,-475.8352,-479.6541,-0.5566
Ru7Ni49Co27Fe5Cu13,20,3,9,top,Ni,bridge,Co-Ni,0.859,0.266,-475.8352,-479.6255,-0.5281
Ru7Ni49Co27Fe5Cu13,20,4,0,bridge,Co-Ni,hcp,Co-Co-Ni,0.808,0.05,-474.7746,-478.6222,-0.5854
Ru7Ni49Co27Fe5Cu13,20,4,1,bridge,Co-Co,fcc,Co-Co-Co,0.864,0.015,-474.7746,-478.5338,-0.497
Ru7Ni49Co27Fe5Cu13,20,4,2,bridge,Co-Ni,hcp,Co-Ni-Ni,0.768,0.029,-474.7746,-478.613,-0.5762
Ru7Ni49Co27Fe5Cu13,20,4,3,bridge,Ni-Ni,hcp,Co-Ni-Ni,0.745,0.012,-474.7746,-478.6356,-0.5988
Ru7Ni49Co27Fe5Cu13,20,4,4,top,Ni,fcc,Co-Co-Ni,0.765,0.01,-474.7746,-478.5493,-0.5125
Ru7Ni49Co27Fe5Cu13,20,4,5,hcp,Co-Co-Ni,hcp,Co-Co-Ni,0.838,0.023,-474.7746,-478.6141,-0.5773
Ru7Ni49Co27Fe5Cu13,20,4,6,bridge,Co-Fe,bridge,Co-Fe,1.035,0.187,-474.7746,-478.4798,-0.443
Ru7Ni49Co27Fe5Cu13,20,4,7,hcp,Co-Co-Co,hcp,Co-Co-Co,0.838,0.054,-474.7746,-478.5377,-0.5009
Ru7Ni49Co27Fe5Cu13,20,4,8,top,Ni,fcc,Co-Co-Ni,0.809,0.025,-474.7746,-478.5797,-0.5429
Ru7Ni49Co27Fe5Cu13,20,4,9,fcc,Co-Co-Ni,fcc,Co-Co-Ni,0.766,0.005,-474.7746,-478.5492,-0.5124
Ru7Ni49Co27Fe5Cu13,20,5,0,bridge,Co-Ni,bridge,Ni-Ru,1.087,0.063,-475.3442,-479.3115,-0.705
Ru7Ni49Co27Fe5Cu13,20,5,1,bridge,Ni-Ru,bridge,Ni-Ru,1.089,0.109,-475.3442,-479.258,-0.6515
Ru7Ni49Co27Fe5Cu13,20,5,2,fcc,Co-Co-Ni,fcc,Co-Co-Ni,0.75,0.019,-475.3442,-479.2052,-0.5987
Ru7Ni49Co27Fe5Cu13,20,5,3,fcc,Co-Co-Ni,fcc,Co-Co-Ni,0.734,0.028,-475.3442,-479.1612,-0.5548
Ru7Ni49Co27Fe5Cu13,20,5,4,hcp,Co-Co-Cu,hcp,Co-Co-Cu,0.73,0.096,-475.3442,-478.9654,-0.359
Ru7Ni49Co27Fe5Cu13,20,5,5,bridge,Co-Ni,fcc,Co-Co-Ni,0.741,0.031,-475.3442,-479.1612,-0.5548
Ru7Ni49Co27Fe5Cu13,20,5,6,bridge,Co-Ru,bridge,Ni-Ru,1.088,0.065,-475.3442,-479.3115,-0.705
Ru7Ni49Co27Fe5Cu13,20,5,7,top,Ni,bridge,Co-Ni,0.945,0.036,-475.3442,-479.0465,-0.44
Ru7Ni49Co27Fe5Cu13,20,5,8,top,Co,fcc,Co-Co-Ni,0.749,0.02,-475.3442,-479.2052,-0.5987
Ru7Ni49Co27Fe5Cu13,20,5,9,bridge,Cu-Ni,bridge,Cu-Ni,0.908,0.099,-475.3442,-478.9199,-0.3134
Ru7Ni49Co27Fe5Cu13,20,6,0,hcp,Ni-Ni-Ru,hcp,Ni-Ni-Ru,0.815,0.031,-476.5257,-480.5121,-0.7242
Ru7Ni49Co27Fe5Cu13,20,6,1,fcc,Co-Ni-Ni,fcc,Co-Ni-Ni,0.704,0.02,-476.5257,-480.3454,-0.5575
Ru7Ni49Co27Fe5Cu13,20,6,2,top,Ni,hcp,Co-Co-Ni,0.825,0.068,-476.5257,-480.3504,-0.5625
Ru7Ni49Co27Fe5Cu13,20,6,3,bridge,Ni-Ni,hcp,Ni-Ni-Ni,0.669,0.001,-476.5257,-480.3799,-0.592
Ru7Ni49Co27Fe5Cu13,20,6,4,bridge,Ni-Ni,hcp,Ni-Ni-Ni,0.668,0.003,-476.5257,-480.3799,-0.592
Ru7Ni49Co27Fe5Cu13,20,6,5,bridge,Ni-Ni,fcc,Co-Ni-Ni,0.767,0.075,-476.5257,-480.4241,-0.6362
Ru7Ni49Co27Fe5Cu13,20,6,6,top,Ni,fcc,Co-Co-Ni,0.763,0.021,-476.5257,-480.3276,-0.5397
Ru7Ni49Co27Fe5Cu13,20,6,7,hcp,Co-Ni-Ni,hcp,Co-Ni-Ni,0.693,0.031,-476.5257,-480.3258,-0.5379
Ru7Ni49Co27Fe5Cu13,20,6,8,bridge,Ni-Ni,fcc,Ni-Ni-Ru,0.84,0.035,-476.5257,-480.5036,-0.7157
Ru7Ni49Co27Fe5Cu13,20,6,9,bridge,Ni-Ni,hcp,Ni-Ni-Ru,0.905,0.083,-476.5257,-480.5343,-0.7464
Ru7Ni49Co27Fe5Cu13,20,7,0,bridge,Ni-Ni,hcp,Ni-Ni-Ni,0.662,0.028,-478.0626,-481.955,-0.6301
Ru7Ni49Co27Fe5Cu13,20,7,1,top,Ni,fcc,Co-Ni-Ni,0.66,0.037,-478.0626,-481.8587,-0.5338
Ru7Ni49Co27Fe5Cu13,20,7,2,bridge,Ni-Ni,hcp,Ni-Ni-Ni,0.601,0.005,-478.0626,-481.9108,-0.5859
Ru7Ni49Co27Fe5Cu13,20,7,3,hcp,Ni-Ni-Ru,hcp,Ni-Ni-Ru,0.853,0.016,-478.0626,-482.1182,-0.7934
Ru7Ni49Co27Fe5Cu13,20,7,4,top,Ni,hcp,Ni-Ni-Ru,0.788,0.006,-478.0626,-482.0567,-0.7318
Ru7Ni49Co27Fe5Cu13,20,7,5,hcp,Ni-Ni-Ni,hcp,Ni-Ni-Ni,0.601,0.005,-478.0626,-481.9108,-0.5859
Ru7Ni49Co27Fe5Cu13,20,7,6,bridge,Co-Ni,fcc,Co-Ni-Ru,0.796,0.037,-478.0626,-481.9685,-0.6436
Ru7Ni49Co27Fe5Cu13,20,7,7,bridge,Cu-Ni,hcp,Cu-Ni-Ni,0.661,0.08,-478.0626,-481.8641,-0.5392
Ru7Ni49Co27Fe5Cu13,20,7,8,bridge,Cu-Ni,hcp,Cu-Ni-Ni,0.665,0.099,-478.0626,-481.8894,-0.5645
Ru7Ni49Co27Fe5Cu13,20,7,9,fcc,Ni-Ni-Ni,fcc,Ni-Ni-Ni,0.637,0.033,-478.0626,-481.8481,-0.5232
Ru7Ni49Co27Fe5Cu13,20,8,0,bridge,Co-Ni,fcc,Co-Ni-Ni,0.672,0.029,-476.7383,-480.5981,-0.5976
Ru7Ni49Co27Fe5Cu13,20,8,1,top,Ni,hcp,Ni-Ni-Ru,0.975,0.263,-476.7383,-480.7456,-0.7451
Ru7Ni49Co27Fe5Cu13,20,8,2,fcc,Co-Ni-Ru,hcp,Ni-Ni-Ru,0.833,0.034,-476.7383,-480.7368,-0.7362
Ru7Ni49Co27Fe5Cu13,20,8,3,bridge,Co-Ni,hcp,Ni-Ni-Ru,0.993,0.317,-476.7383,-480.7463,-0.7458
Ru7Ni49Co27Fe5Cu13,20,8,4,bridge,Co-Co,fcc,Co-Co-Co,0.709,0.057,-476.7383,-480.4526,-0.452
Ru7Ni49Co27Fe5Cu13,20,8,5,hcp,Ni-Ni-Ni,hcp,Ni-Ni-Ni,0.664,0.053,-476.7383,-480.6355,-0.635
Ru7Ni49Co27Fe5Cu13,20,8,6,top,Co,hcp,Ni-Ni-Ru,0.991,0.322,-476.7383,-480.7463,-0.7458
Ru7Ni49Co27Fe5Cu13,20,8,7,bridge,Co-Ni,fcc,Co-Ni-Ni,0.677,0.026,-476.7383,-480.5981,-0.5975
Ru7Ni49Co27Fe5Cu13,20,8,8,bridge,Ni-Ni,hcp,Ni-Ni-Ru,0.903,0.082,-476.7383,-480.7421,-0.7416
Ru7Ni49Co27Fe5Cu13,20,8,9,fcc,Co-Cu-Ni,fcc,Co-Cu-Ni,0.696,0.074,-476.7383,-480.4906,-0.4901
Ru7Ni49Co27Fe5Cu13,20,9,0,top,Ni,hcp,Co-Ni-Ni,0.686,0.03,-476.3334,-480.2137,-0.6181
Ru7Ni49Co27Fe5Cu13,20,9,1,bridge,Ni-Ni,fcc,Co-Ni-Ni,0.643,0.033,-476.3334,-480.163,-0.5674
Ru7Ni49Co27Fe5Cu13,20,9,2,fcc,Co-Ni-Ni,fcc,Co-Ni-Ni,0.699,0.006,-476.3334,-480.146,-0.5504
Ru7Ni49Co27Fe5Cu13,20,9,3,bridge,Co-Ni,hcp,Co-Co-Ni,0.713,0.054,-476.3334,-480.161,-0.5653
Ru7Ni49Co27Fe5Cu13,20,9,4,hcp,Cu-Ni-Ni,hcp,Cu-Ni-Ni,0.664,0.098,-476.3334,-480.1115,-0.5159
Ru7Ni49Co27Fe5Cu13,20,9,5,bridge,Co-Ni,hcp,Co-Ni-Ni,0.668,0.033,-476.3334,-480.1566,-0.561
Ru7Ni49Co27Fe5Cu13,20,9,6,hcp,Co-Cu-Cu,hcp,Co-Cu-Cu,0.747,0.084,-476.3334,-479.9481,-0.3525
Ru7Ni49Co27Fe5Cu13,20,9,7,bridge,Cu-Ni,hcp,Cu-Ni-Ni,0.653,0.107,-476.3334,-480.1658,-0.5702
Ru7Ni49Co27Fe5Cu13,20,9,8,bridge,Co-Cu,fcc,Co-Cu-Ni,0.736,0.064,-476.3334,-480.0663,-0.4707
Ru7Ni49Co27Fe5Cu13,20,9,9,top,Ni,hcp,Co-Co-Ni,0.693,0.026,-476.3334,-480.1699,-0.5743
Ru6Ni36Co16Fe35Cu7,21,0,0,bridge,Co-Fe,fcc,Co-Fe-Fe,0.931,0.246,-536.4599,-540.2638,-0.5417
Ru6Ni36Co16Fe35Cu7,21,0,1,top,Co,hcp,Co-Fe-Ni,0.88,0.32,-536.4599,-540.3005,-0.5784
Ru6Ni36Co16Fe35Cu7,21,0,2,bridge,Co-Fe,fcc,Co-Fe-Fe,0.928,0.249,-536.4599,-540.2638,-0.5417
Ru6Ni36Co16Fe35Cu7,21,0,3,bridge,Co-Fe,fcc,Co-Fe-Fe,0.965,0.269,-536.4599,-540.2486,-0.5265
Ru6Ni36Co16Fe35Cu7,21,0,4,hcp,Co-Fe-Fe,hcp,Co-Fe-Fe,0.988,0.278,-536.4599,-540.2899,-0.5678
Ru6Ni36Co16Fe35Cu7,21,0,5,bridge,Ni-Ni,bridge,Ni-Ni,0.905,0.014,-536.4599,-540.17,-0.4479
Ru6Ni36Co16Fe35Cu7,21,0,6,top,Fe,fcc,Co-Fe-Fe,0.97,0.232,-536.4599,-540.3394,-0.6173
Ru6Ni36Co16Fe35Cu7,21,0,7,fcc,Co-Fe-Ni,fcc,Co-Fe-Ni,0.856,0.291,-536.4599,-540.2772,-0.5551
Ru6Ni36Co16Fe35Cu7,21,0,8,hcp,Fe-Ni-Ni,hcp,Fe-Ni-Ni,0.782,0.209,-536.4599,-540.257,-0.5349
Ru6Ni36Co16Fe35Cu7,21,0,9,bridge,Fe-Ni,fcc,Fe-Fe-Ni,0.904,0.188,-536.4599,-540.2594,-0.5373
Ru6Ni36Co16Fe35Cu7,21,1,0,fcc,Fe-Ni-Ni,fcc,Fe-Ni-Ni,0.882,0.186,-536.3669,-540.193,-0.5639
Ru6Ni36Co16Fe35Cu7,21,1,1,hcp,Fe-Fe-Ni,hcp,Fe-Fe-Ni,0.95,0.15,-536.3669,-540.1776,-0.5485
Ru6Ni36Co16Fe35Cu7,21,1,2,top,Ni,hcp,Fe-Fe-Ni,0.954,0.152,-536.3669,-540.1777,-0.5486
Ru6Ni36Co16Fe35Cu7,21,1,3,bridge,Co-Ni,hcp,Co-Fe-Ni,0.88,0.234,-536.3669,-540.1773,-0.5482
Ru6Ni36Co16Fe35Cu7,21,1,4,top,Fe,hcp,Co-Co-Fe,0.923,0.354,-536.3669,-540.1948,-0.5657
Ru6Ni36Co16Fe35Cu7,21,1,5,bridge,Fe-Ni,hcp,Fe-Fe-Ni,0.997,0.173,-536.3669,-540.2223,-0.5932
Ru6Ni36Co16Fe35Cu7,21,1,6,bridge,Co-Fe,hcp,Co-Fe-Fe,1.018,0.261,-536.3669,-540.188,-0.5589
Ru6Ni36Co16Fe35Cu7,21,1,7,bridge,Fe-Ni,fcc,Fe-Ni-Ni,0.874,0.176,-536.3669,-540.193,-0.5639
Ru6Ni36Co16Fe35Cu7,21,1,8,bridge,Co-Co,fcc,Co-Co-Fe,0.938,0.316,-536.3669,-540.1788,-0.5497
Ru6Ni36Co16Fe35Cu7,21,1,9,fcc,Co-Co-Ni,fcc,Co-Co-Ni,0.799,0.009,-536.3669,-540.1639,-0.5348
Ru6Ni36Co16Fe35Cu7,21,2,0,bridge,Ni-Ni,hcp,Fe-Ni-Ni,0.745,0.208,-537.8609,-541.6978,-0.5746
Ru6Ni36Co16Fe35Cu7,21,2,1,bridge,Fe-Ni,fcc,Fe-Fe-Ni,0.76,0.103,-537.8609,-541.6644,-0.5413
Ru6Ni36Co16Fe35Cu7,21,2,2,fcc,Ni-Ni-Ni,fcc,Ni-Ni-Ni,0.661,0.006,-537.8609,-541.6583,-0.5351
Ru6Ni36Co16Fe35Cu7,21,2,3,top,Ni,hcp,Fe-Fe-Ni,0.848,0.224,-537.8609,-541.7473,-0.6241
Ru6Ni36Co16Fe35Cu7,21,2,4,bridge,Fe-Fe,hcp,Fe-Fe-Fe,0.891,0.092,-537.8609,-541.6938,-0.5707
Ru6Ni36Co16Fe35Cu7,21,2,5,top,Ni,hcp,Fe-Ni-Ru,1.002,0.328,-537.8609,-541.8807,-0.7576
Ru6Ni36Co16Fe35Cu7,21,2,6,hcp,Co-Ni-Ru,hcp,Co-Ni-Ru,0.85,0.073,-537.8609,-541.7814,-0.6582
Ru6Ni36Co16Fe35Cu7,21,2,7,bridge,Co-Fe,hcp,Co-Fe-Fe,0.924,0.283,-537.8609,-541.7385,-0.6154
Ru6Ni36Co16Fe35Cu7,21,2,8,bridge,Co-Fe,fcc,Co-Fe-Ni,0.729,0.308,-537.8609,-541.7085,-0.5853
Ru6Ni36Co16Fe35Cu7,21,2,9,fcc,Co-Co-Fe,bridge,Co-Co,0.826,0.25,-537.8609,-541.7469,-0.6237
Ru6Ni36Co16Fe35Cu7,21,3,0,bridge,Cu-Ru,hcp,Cu-Fe-Ru,1.019,0.29,-537.8773,-541.787,-0.6474
Ru6Ni36Co16Fe35Cu7,21,3,1,hcp,Cu-Ni-Ni,hcp,Cu-Ni-Ni,0.707,0.084,-537.8773,-541.6347,-0.4951
Ru6Ni36Co16Fe35Cu7,21,3,2,bridge,Cu-Fe,hcp,Cu-Fe-Ru,1.007,0.266,-537.8773,-541.7869,-0.6473
Ru6Ni36Co16Fe35Cu7,21,3,3,bridge,Ni-Ru,bridge,Ni-Ru,1.032,0.214,-537.8773,-541.9026,-0.763
Ru6Ni36Co16Fe35Cu7,21,3,4,fcc,Co-Cu-Ru,fcc,Co-Cu-Ru,0.903,0.099,-537.8773,-541.7594,-0.6198
Ru6Ni36Co16Fe35Cu7,21,3,5,top,Ni,bridge,Ni-Ru,1.011,0.198,-537.8773,-541.8704,-0.7308
Ru6Ni36Co16Fe35Cu7,21,3,6,bridge,Co-Ru,bridge,Co-Ru,0.974,0.06,-537.8773,-541.875,-0.7354
Ru6Ni36Co16Fe35Cu7,21,3,7,bridge,Cu-Ni,fcc,Cu-Fe-Ni,0.808,0.162,-537.8773,-541.623,-0.4834
Ru6Ni36Co16Fe35Cu7,21,3,8,top,Ni,hcp,Ni-Ni-Ni,0.713,0.025,-537.8773,-541.774,-0.6344
Ru6Ni36Co16Fe35Cu7,21,3,9,hcp,Co-Ni-Ru,hcp,Co-Ni-Ru,0.833,0.063,-537.8773,-541.8896,-0.75
Ru6Ni36Co16Fe35Cu7,21,4,0,bridge,Fe-Ni,fcc,Fe-Fe-Ni,0.935,0.156,-536.1457,-539.9873,-0.5793
Ru6Ni36Co16Fe35Cu7,21,4,1,fcc,Co-Fe-Ni,fcc,Co-Fe-Ni,0.823,0.235,-536.1457,-540.0039,-0.5959
Ru6Ni36Co16Fe35Cu7,21,4,2,hcp,Fe-Fe-Ni,hcp,Fe-Fe-Ni,0.858,0.156,-536.1457,-539.9559,-0.5479
Ru6Ni36Co16Fe35Cu7,21,4,3,bridge,Fe-Ni,hcp,Fe-Fe-Ni,0.946,0.222,-536.1457,-540.0123,-0.6043
Ru6Ni36Co16Fe35Cu7,21,4,4,bridge,Fe-Ni,fcc,Fe-Ni-Ni,0.75,0.249,-536.1457,-539.9501,-0.5421
Ru6Ni36Co16Fe35Cu7,21,4,5,bridge,Co-Fe,hcp,Co-Fe-Fe,0.962,0.295,-536.1457,-540.0661,-0.6581
Ru6Ni36Co16Fe35Cu7,21,4,6,top,Ni,hcp,Fe-Fe-Ni,0.874,0.187,-536.1457,-539.9742,-0.5662
Ru6Ni36Co16Fe35Cu7,21,4,7,bridge,Co-Fe,bridge,Co-Fe,0.939,0.145,-536.1457,-539.8068,-0.3988
Ru6Ni36Co16Fe35Cu7,21,4,8,fcc,Co-Fe-Ni,fcc,Co-Fe-Ni,0.83,0.227,-536.1457,-539.9912,-0.5832
Ru6Ni36Co16Fe35Cu7,21,4,9,top,Fe,fcc,Co-Fe-Fe,0.896,0.273,-536.1457,-540.0389,-0.6309
Ru6Ni36Co16Fe35Cu7,21,5,0,bridge,Fe-Ni,fcc,Fe-Fe-Ni,0.733,0.11,-536.335,-540.2476,-0.6503
Ru6Ni36Co16Fe35Cu7,21,5,1,fcc,Cu-Cu-Fe,fcc,Cu-Cu-Fe,0.82,0.135,-536.335,-540.0609,-0.4636
Ru6Ni36Co16Fe35Cu7,21,5,2,top,Ni,hcp,Co-Fe-Ni,0.714,0.34,-536.335,-540.2874,-0.6902
Ru6Ni36Co16Fe35Cu7,21,5,3,hcp,Cu-Fe-Ni,hcp,Cu-Fe-Ni,0.679,0.176,-536.335,-540.1595,-0.5622
Ru6Ni36Co16Fe35Cu7,21,5,4,bridge,Fe-Ni,hcp,Fe-Ni-Ni,0.726,0.154,-536.335,-540.2278,-0.6306
Ru6Ni36Co16Fe35Cu7,21,5,5,bridge,Cu-Fe,hcp,Cu-Fe-Fe,0.858,0.132,-536.335,-540.1692,-0.5719
Ru6Ni36Co16Fe35Cu7,21,5,6,bridge,Fe-Fe,hcp,Fe-Fe-Fe,0.973,0.06,-536.335,-540.2837,-0.6864
Ru6Ni36Co16Fe35Cu7,21,5,7,hcp,Cu-Cu-Fe,hcp,Cu-Cu-Fe,0.814,0.074,-536.335,-540.0725,-0.4752
Ru6Ni36Co16Fe35Cu7,21,5,8,bridge,Fe-Ni,fcc,Fe-Fe-Ni,0.816,0.168,-536.335,-540.2649,-0.6676
Ru6Ni36Co16Fe35Cu7,21,5,9,top,Cu,hcp,Cu-Cu-Fe,0.762,0.069,-536.335,-540.0428,-0.4455
Ru6Ni36Co16Fe35Cu7,21,6,0,fcc,Co-Fe-Fe,fcc,Co-Fe-Fe,0.87,0.316,-535.4843,-539.314,-0.5674
Ru6Ni36Co16Fe35Cu7,21,6,1,bridge,Co-Ni,hcp,Co-Fe-Ni,0.716,0.355,-535.4843,-539.3297,-0.5831
Ru6Ni36Co16Fe35Cu7,21,6,2,bridge,Co-Ni,bridge,Co-Ni,0.747,0.344,-535.4843,-539.3588,-0.6122
Ru6Ni36Co16Fe35Cu7,21,6,3,hcp,Fe-Ni-Ni,hcp,Fe-Ni-Ni,0.714,0.249,-535.4843,-539.3214,-0.5748
Ru6Ni36Co16Fe35Cu7,21,6,4,bridge,Cu-Fe,hcp,Cu-Fe-Fe,0.893,0.095,-535.4843,-539.2677,-0.5212
Ru6Ni36Co16Fe35Cu7,21,6,5,bridge,Co-Ni,hcp,Co-Fe-Ni,0.732,0.268,-535.4843,-539.2856,-0.539
Ru6Ni36Co16Fe35Cu7,21,6,6,fcc,Co-Fe-Fe,fcc,Co-Fe-Fe,0.855,0.271,-535.4843,-539.3063,-0.5597
Ru6Ni36Co16Fe35Cu7,21,6,7,bridge,Fe-Ni,hcp,Fe-Ni-Ni,0.704,0.237,-535.4843,-539.3214,-0.5749
Ru6Ni36Co16Fe35Cu7,21,6,8,top,Ni,hcp,Co-Fe-Ni,0.717,0.293,-535.4843,-539.3078,-0.5612
Ru6Ni36Co16Fe35Cu7,21,6,9,top,Ni,hcp,Co-Fe-Ni,0.742,0.34,-535.4843,-539.3587,-0.6121
Ru6Ni36Co16Fe35Cu7,21,7,0,bridge,Co-Fe,hcp,Fe-Fe-Ru,1.184,0.311,-536.0869,-540.2393,-0.8902
Ru6Ni36Co16Fe35Cu7,21,7,1,hcp,Co-Fe-Ru,bridge,Co-Ru,0.953,0.286,-536.0869,-540.0936,-0.7445
Ru6Ni36Co16Fe35Cu7,21,7,2,bridge,Co-Fe,bridge,Co-Fe,1.005,0.203,-536.0869,-539.8648,-0.5157
Ru6Ni36Co16Fe35Cu7,21,7,3,bridge,Fe-Ru,bridge,Fe-Ru,1.134,0.203,-536.0869,-540.0463,-0.6972
Ru6Ni36Co16Fe35Cu7,21,7,4,fcc,Co-Fe-Ru,fcc,Co-Fe-Ru,1.106,0.35,-536.0869,-540.0806,-0.7315
Ru6Ni36Co16Fe35Cu7,21,7,5,top,Fe,fcc,Fe-Fe-Fe,1.015,0.087,-536.0869,-540.0505,-0.7014
Ru6Ni36Co16Fe35Cu7,21,7,6,hcp,Co-Co-Fe,hcp,Co-Co-Fe,0.763,0.296,-536.0869,-539.9616,-0.6125
Ru6Ni36Co16Fe35Cu7,21,7,7,bridge,Co-Fe,hcp,Co-Co-Fe,0.785,0.325,-536.0869,-539.9855,-0.6364
Ru6Ni36Co16Fe35Cu7,21,7,8,top,Fe,fcc,Fe-Fe-Fe,1.017,0.073,-536.0869,-540.0505,-0.7014
Ru6Ni36Co16Fe35Cu7,21,7,9,bridge,Fe-Ni,fcc,Fe-Fe-Ni,0.881,0.189,-536.0869,-539.9404,-0.5913
Ru6Ni36Co16Fe35Cu7,21,8,0,top,Ni,fcc,Fe-Fe-Ni,0.95,0.213,-534.8941,-538.7565,-0.6002
Ru6Ni36Co16Fe35Cu7,21,8,1,fcc,Co-Ni-Ni,fcc,Co-Ni-Ni,0.746,0.031,-534.8941,-538.7297,-0.5733
Ru6Ni36Co16Fe35Cu7,21,8,2,top,Ni,hcp,Fe-Fe-Ni,0.947,0.249,-534.8941,-538.7492,-0.5929
Ru6Ni36Co16Fe35Cu7,21,8,3,bridge,Ni-Ni,hcp,Ni-Ni-Ni,0.755,0.06,-534.8941,-538.7756,-0.6193
Ru6Ni36Co16Fe35Cu7,21,8,4,bridge,Fe-Fe,hcp,Fe-Fe-Ni,0.928,0.221,-534.8941,-538.7679,-0.6116
Ru6Ni36Co16Fe35Cu7,21,8,5,bridge,Fe-Fe,hcp,Fe-Fe-Fe,0.983,0.054,-534.8941,-538.7178,-0.5615
Ru6Ni36Co16Fe35Cu7,21,8,6,bridge,Ni-Ni,hcp,Ni-Ni-Ni,0.755,0.058,-534.8941,-538.7756,-0.6193
Ru6Ni36Co16Fe35Cu7,21,8,7,hcp,Co-Fe-Ni,hcp,Co-Fe-Ni,0.902,0.194,-534.8941,-538.7648,-0.6085
Ru6Ni36Co16Fe35Cu7,21,8,8,fcc,Fe-Fe-Ni,fcc,Fe-Fe-Ni,0.955,0.218,-534.8941,-538.7565,-0.6002
Ru6Ni36Co16Fe35Cu7,21,8,9,bridge,Fe-Fe,fcc,Fe-Fe-Ni,0.948,0.192,-534.8941,-538.72,-0.5637
Ru6Ni36Co16Fe35Cu7,21,9,0,hcp,Fe-Ni-Ni,hcp,Fe-Ni-Ni,0.795,0.131,-536.4794,-540.3822,-0.6406
Ru6Ni36Co16Fe35Cu7,21,9,1,fcc,Fe-Fe-Fe,fcc,Fe-Fe-Fe,0.944,0.114,-536.4794,-540.3648,-0.6232
Ru6Ni36Co16Fe35Cu7,21,9,2,top,Cu,hcp,Cu-Fe-Fe,0.873,0.165,-536.4794,-540.3095,-0.5679
Ru6Ni36Co16Fe35Cu7,21,9,3,top,Fe,fcc,Fe-Fe-Ni,0.906,0.192,-536.4794,-540.3591,-0.6175
Ru6Ni36Co16Fe35Cu7,21,9,4,bridge,Ni-Ni,hcp,Fe-Ni-Ni,0.809,0.114,-536.4794,-540.2556,-0.514
Ru6Ni36Co16Fe35Cu7,21,9,5,fcc,Fe-Ni-Ni,fcc,Fe-Ni-Ni,0.795,0.221,-536.4794,-540.3406,-0.599
Ru6Ni36Co16Fe35Cu7,21,9,6,bridge,Fe-Ni,hcp,Fe-Fe-Ni,0.911,0.167,-536.4794,-540.3801,-0.6385
Ru6Ni36Co16Fe35Cu7,21,9,7,bridge,Ni-Ni,hcp,Ni-Ni-Ru,0.823,0.035,-536.4794,-540.5369,-0.7953
Ru6Ni36Co16Fe35Cu7,21,9,8,bridge,Cu-Ru,hcp,Cu-Ni-Ru,0.777,0.035,-536.4794,-540.4493,-0.7077
Ru6Ni36Co16Fe35Cu7,21,9,9,bridge,Fe-Ni,fcc,Fe-Fe-Ni,0.871,0.193,-536.4794,-540.3249,-0.5832
Ru11Ni8Co33Fe21Cu28,22,0,0,bridge,Ni-Ru,hcp,Cu-Ni-Ru,0.69,0.106,-500.8759,-504.8007,-0.6626
Ru11Ni8Co33Fe21Cu28,22,0,1,bridge,Cu-Cu,hcp,Cu-Ni-Ru,0.691,0.103,-500.8759,-504.8007,-0.6626
Ru11Ni8Co33Fe21Cu28,22,0,2,fcc,Co-Fe-Ni,fcc,Co-Fe-Ni,0.772,0.308,-500.8759,-504.8033,-0.6652
Ru11Ni8Co33Fe21Cu28,22,0,3,bridge,Co-Co,fcc,Co-Co-Co,0.673,0.032,-500.8759,-504.7376,-0.5995
Ru11Ni8Co33Fe21Cu28,22,0,4,top,Ni,fcc,Fe-Ni-Ni,0.683,0.2,-500.8759,-504.7221,-0.584
Ru11Ni8Co33Fe21Cu28,22,0,5,hcp,Cu-Ni-Ru,hcp,Cu-Ni-Ru,0.69,0.102,-500.8759,-504.8007,-0.6626
Ru11Ni8Co33Fe21Cu28,22,0,6,top,Ni,fcc,Co-Fe-Ni,0.77,0.295,-500.8759,-504.8034,-0.6652
Ru11Ni8Co33Fe21Cu28,22,0,7,bridge,Cu-Cu,hcp,Cu-Cu-Ru,0.778,0.158,-500.8759,-504.7268,-0.5887
Ru11Ni8Co33Fe21Cu28,22,0,8,bridge,Co-Fe,fcc,Co-Fe-Fe,0.894,0.203,-500.8759,-504.7422,-0.604
Ru11Ni8Co33Fe21Cu28,22,0,9,hcp,Co-Co-Cu,hcp,Co-Co-Cu,0.717,0.147,-500.8759,-504.6547,-0.5165
Ru11Ni8Co33Fe21Cu28,22,1,0,bridge,Co-Co,hcp,Co-Co-Cu,0.565,0.138,-503.5042,-507.3006,-0.5342
Ru11Ni8Co33Fe21Cu28,22,1,1,hcp,Co-Co-Cu,hcp,Co-Co-Cu,0.567,0.144,-503.5042,-507.3704,-0.604
Ru11Ni8Co33Fe21Cu28,22,1,2,hcp,Co-Cu-Cu,hcp,Co-Cu-Cu,0.638,0.081,-503.5042,-507.3141,-0.5477
Ru11Ni8Co33Fe21Cu28,22,1,3,fcc,Co-Co-Fe,fcc,Co-Co-Fe,0.573,0.268,-503.5042,-507.3664,-0.6
Ru11Ni8Co33Fe21Cu28,22,1,4,bridge,Co-Cu,hcp,Co-Co-Cu,0.591,0.177,-503.5042,-507.3466,-0.5802
Ru11Ni8Co33Fe21Cu28,22,1,5,bridge,Cu-Cu,hcp,Co-Cu-Cu,0.651,0.103,-503.5042,-507.214,-0.4476
Ru11Ni8Co33Fe21Cu28,22,1,6,top,Co,top,Co,1.193,0.001,-503.5042,-506.8217,-0.0553
Ru11Ni8Co33Fe21Cu28,22,1,7,bridge,Co-Cu,hcp,Co-Co-Cu,0.566,0.139,-503.5042,-507.3006,-0.5342
Ru11Ni8Co33Fe21Cu28,22,1,8,top,Co,bridge,Co-Ru,0.977,0.265,-503.5042,-507.4161,-0.6497
Ru11Ni8Co33Fe21Cu28,22,1,9,bridge,Cu-Fe,hcp,Co-Cu-Fe,0.591,0.19,-503.5042,-507.2626,-0.4962
Ru11Ni8Co33Fe21Cu28,22,2,0,bridge,Cu-Fe,fcc,Co-Cu-Fe,0.703,0.108,-503.4574,-507.3051,-0.5855
Ru11Ni8Co33Fe21Cu28,22,2,1,bridge,Co-Ni,hcp,Co-Ni-Ru,0.962,0.222,-503.4574,-507.5185,-0.7989
Ru11Ni8Co33Fe21Cu28,22,2,2,top,Co,fcc,Co-Fe-Ni,0.849,0.214,-503.4574,-507.4552,-0.7355
Ru11Ni8Co33Fe21Cu28,22,2,3,fcc,Co-Co-Co,fcc,Co-Co-Co,0.623,0.016,-503.4574,-507.285,-0.5653
Ru11Ni8Co33Fe21Cu28,22,2,4,top,Ru,bridge,Co-Ru,1.046,0.137,-503.4574,-507.5099,-0.7903
Ru11Ni8Co33Fe21Cu28,22,2,5,bridge,Co-Ru,bridge,Co-Ru,1.024,0.08,-503.4574,-507.5164,-0.7968
Ru11Ni8Co33Fe21Cu28,22,2,6,hcp,Co-Fe-Fe,hcp,Co-Fe-Fe,0.838,0.3,-503.4574,-507.287,-0.5674
Ru11Ni8Co33Fe21Cu28,22,2,7,bridge,Cu-Ni,hcp,Cu-Ni-Ru,0.84,0.093,-503.4574,-507.4638,-0.7441
Ru11Ni8Co33Fe21Cu28,22,2,8,fcc,Cu-Cu-Ni,fcc,Cu-Cu-Ni,0.747,0.055,-503.4574,-507.0402,-0.3205
Ru11Ni8Co33Fe21Cu28,22,2,9,bridge,Cu-Ru,hcp,Cu-Fe-Ru,0.994,0.206,-503.4574,-507.3885,-0.6689
Ru11Ni8Co33Fe21Cu28,22,3,0,bridge,Co-Cu,bridge,Co-Cu,0.913,0.153,-503.6483,-507.3376,-0.4271
Ru11Ni8Co33Fe21Cu28,22,3,1,bridge,Cu-Cu,fcc,Co-Cu-Cu,0.73,0.118,-503.6483,-507.4066,-0.496
Ru11Ni8Co33Fe21Cu28,22,3,2,fcc,Co-Cu-Ru,bridge,Co-Ru,0.854,0.279,-503.6483,-507.6373,-0.7267
Ru11Ni8Co33Fe21Cu28,22,3,3,top,Fe,fcc,Fe-Fe-Fe,0.885,0.059,-503.6483,-507.5765,-0.666
Ru11Ni8Co33Fe21Cu28,22,3,4,hcp,Co-Cu-Fe,hcp,Co-Cu-Fe,0.813,0.24,-503.6483,-507.5296,-0.6191
Ru11Ni8Co33Fe21Cu28,22,3,5,bridge,Co-Fe,fcc,Co-Fe-Ru,0.883,0.342,-503.6483,-507.609,-0.6985
Ru11Ni8Co33Fe21Cu28,22,3,6,fcc,Co-Co-Co,fcc,Co-Co-Co,0.636,0.016,-503.6483,-507.5679,-0.6574
Ru11Ni8Co33Fe21Cu28,22,3,7,bridge,Cu-Fe,hcp,Cu-Fe-Fe,0.841,0.104,-503.6483,-507.4633,-0.5528
Ru11Ni8Co33Fe21Cu28,22,3,8,top,Cu,fcc,Cu-Fe-Fe,0.786,0.08,-503.6483,-507.4523,-0.5418
Ru11Ni8Co33Fe21Cu28,22,3,9,bridge,Fe-Fe,hcp,Fe-Fe-Fe,0.862,0.073,-503.6483,-507.549,-0.6384
Ru11Ni8Co33Fe21Cu28,22,4,0,top,Fe,fcc,Co-Fe-Fe,0.787,0.249,-501.9015,-505.8559,-0.6922
Ru11Ni8Co33Fe21Cu28,22,4,1,fcc,Cu-Fe-Ru,fcc,Cu-Fe-Ru,0.844,0.269,-501.9015,-505.9624,-0.7986
Ru11Ni8Co33Fe21Cu28,22,4,2,bridge,Co-Cu,hcp,Co-Co-Cu,0.603,0.185,-501.9015,-505.7505,-0.5867
Ru11Ni8Co33Fe21Cu28,22,4,3,hcp,Co-Co-Cu,hcp,Co-Co-Cu,0.605,0.194,-501.9015,-505.7505,-0.5867
Ru11Ni8Co33Fe21Cu28,22,4,4,top,Cu,fcc,Co-Cu-Cu,0.724,0.113,-501.9015,-505.7234,-0.5596
Ru11Ni8Co33Fe21Cu28,22,4,5,bridge,Co-Fe,hcp,Co-Co-Fe,0.695,0.3,-501.9015,-505.8712,-0.7074
Ru11Ni8Co33Fe21Cu28,22,4,6,bridge,Co-Cu,fcc,Co-Cu-Fe,0.72,0.187,-501.9015,-505.6855,-0.5218
Ru11Ni8Co33Fe21Cu28,22,4,7,bridge,Cu-Fe,hcp,Cu-Fe-Ni,0.624,0.132,-501.9015,-505.7116,-0.5478
Ru11Ni8Co33Fe21Cu28,22,4,8,bridge,Co-Cu,fcc,Co-Cu-Fe,0.599,0.13,-501.9015,-505.748,-0.5842
Ru11Ni8Co33Fe21Cu28,22,4,9,fcc,Co-Fe-Fe,fcc,Co-Fe-Fe,0.788,0.248,-501.9015,-505.8559,-0.6921
Ru11Ni8Co33Fe21Cu28,22,5,0,top,Fe,top,Fe,1.528,0.003,-501.4366,-504.4645,0.2344
Ru11Ni8Co33Fe21Cu28,22,5,1,bridge,Co-Cu,hcp,Co-Cu-Fe,0.807,0.156,-501.4366,-505.2157,-0.5169
Ru11Ni8Co33Fe21Cu28,22,5,2,hcp,Co-Cu-Fe,hcp,Co-Cu-Fe,0.804,0.161,-501.4366,-505.2158,-0.5169
Ru11Ni8Co33Fe21Cu28,22,5,3,bridge,Co-Ni,fcc,Co-Co-Ni,0.679,0.058,-501.4366,-505.3443,-0.6454
Ru11Ni8Co33Fe21Cu28,22,5,4,fcc,Co-Cu-Ni,fcc,Co-Cu-Ni,0.728,0.112,-501.4366,-505.2094,-0.5105
Ru11Ni8Co33Fe21Cu28,22,5,5,fcc,Co-Fe-Ni,fcc,Co-Fe-Ni,0.874,0.309,-501.4366,-505.3815,-0.6826
Ru11Ni8Co33Fe21Cu28,22,5,6,bridge,Co-Co,bridge,Co-Co,0.962,0.019,-501.4366,-505.2436,-0.5447
Ru11Ni8Co33Fe21Cu28,22,5,7,bridge,Co-Co,bridge,Co-Co,0.934,0.042,-501.4366,-505.2493,-0.5504
Ru11Ni8Co33Fe21Cu28,22,5,8,top,Co,bridge,Co-Co,0.838,0.314,-501.4366,-505.3926,-0.6937
Ru11Ni8Co33Fe21Cu28,22,5,9,bridge,Co-Co,hcp,Co-Co-Fe,0.764,0.294,-501.4366,-505.3076,-0.6087
Ru11Ni8Co33Fe21Cu28,22,6,0,bridge,Co-Ni,fcc,Co-Fe-Ni,0.7,0.271,-503.3989,-507.2042,-0.543
Ru11Ni8Co33Fe21Cu28,22,6,1,top,Cu,fcc,Co-Co-Cu,0.695,0.088,-503.3989,-507.1682,-0.507
Ru11Ni8Co33Fe21Cu28,22,6,2,top,Co,hcp,Co-Fe-Fe,0.848,0.297,-503.3989,-507.2425,-0.5813
Ru11Ni8Co33Fe21Cu28,22,6,3,hcp,Co-Cu-Fe,hcp,Co-Cu-Fe,0.813,0.181,-503.3989,-507.1119,-0.4507
Ru11Ni8Co33Fe21Cu28,22,6,4,fcc,Co-Co-Co,fcc,Co-Co-Co,0.706,0.04,-503.3989,-507.2537,-0.5925
Ru11Ni8Co33Fe21Cu28,22,6,5,bridge,Co-Co,hcp,Co-Co-Co,0.737,0.053,-503.3989,-507.2754,-0.6142
Ru11Ni8Co33Fe21Cu28,22,6,6,bridge,Fe-Ni,fcc,Co-Fe-Ni,0.75,0.232,-503.3989,-507.2502,-0.589
Ru11Ni8Co33Fe21Cu28,22,6,7,bridge,Cu-Ni,bridge,Cu-Ni,0.847,0.087,-503.3989,-506.9893,-0.3281
Ru11Ni8Co33Fe21Cu28,22,6,8,bridge,Co-Ni,bridge,Co-Ni,0.771,0.051,-503.3989,-507.1244,-0.4632
Ru11Ni8Co33Fe21Cu28,22,6,9,hcp,Co-Fe-Ni,hcp,Co-Fe-Ni,0.732,0.214,-503.3989,-507.2289,-0.5677
Ru11Ni8Co33Fe21Cu28,22,7,0,top,Co,fcc,Co-Fe-Fe,0.76,0.25,-504.159,-508.0681,-0.6469
Ru11Ni8Co33Fe21Cu28,22,7,1,fcc,Cu-Fe-Ru,fcc,Cu-Fe-Ru,0.94,0.318,-504.159,-508.2486,-0.8274
Ru11Ni8Co33Fe21Cu28,22,7,2,hcp,Cu-Fe-Fe,hcp,Cu-Fe-Fe,0.76,0.12,-504.159,-507.9934,-0.5721
Ru11Ni8Co33Fe21Cu28,22,7,3,bridge,Co-Cu,hcp,Co-Cu-Fe,0.697,0.172,-504.159,-507.9691,-0.5479
Ru11Ni8Co33Fe21Cu28,22,7,4,bridge,Co-Cu,fcc,Co-Cu-Ni,0.6,0.074,-504.159,-508.0213,-0.6
Ru11Ni8Co33Fe21Cu28,22,7,5,bridge,Fe-Ru,bridge,Fe-Ru,1.104,0.381,-504.159,-508.1117,-0.6905
Ru11Ni8Co33Fe21Cu28,22,7,6,hcp,Co-Cu-Cu,hcp,Co-Cu-Cu,0.643,0.116,-504.159,-507.8613,-0.4401
Ru11Ni8Co33Fe21Cu28,22,7,7,bridge,Cu-Cu,hcp,Cu-Cu-Ni,0.637,0.072,-504.159,-507.9567,-0.5355
Ru11Ni8Co33Fe21Cu28,22,7,8,top,Ru,bridge,Fe-Ru,1.089,0.284,-504.159,-508.2023,-0.7811
Ru11Ni8Co33Fe21Cu28,22,7,9,bridge,Cu-Fe,hcp,Cu-Fe-Fe,0.77,0.141,-504.159,-507.9937,-0.5725
Ru11Ni8Co33Fe21Cu28,22,8,0,bridge,Co-Ru,hcp,Co-Co-Ru,0.804,0.111,-504.7292,-508.6985,-0.7071
Ru11Ni8Co33Fe21Cu28,22,8,1,bridge,Co-Fe,hcp,Co-Fe-Ru,0.848,0.215,-504.7292,-508.7606,-0.7692
Ru11Ni8Co33Fe21Cu28,22,8,2,top,Ru,bridge,Cu-Ru,1.03,0.22,-504.7292,-508.6367,-0.6453
Ru11Ni8Co33Fe21Cu28,22,8,3,hcp,Co-Cu-Ru,hcp,Co-Cu-Ru,0.825,0.106,-504.7292,-508.6656,-0.6742
Ru11Ni8Co33Fe21Cu28,22,8,4,bridge,Co-Cu,hcp,Co-Cu-Fe,0.778,0.206,-504.7292,-508.5286,-0.5372
Ru11Ni8Co33Fe21Cu28,22,8,5,top,Cu,fcc,Cu-Ni-Ru,0.821,0.02,-504.7292,-508.809,-0.8175
Ru11Ni8Co33Fe21Cu28,22,8,6,bridge,Cu-Ru,bridge,Cu-Ru,1.031,0.069,-504.7292,-508.6554,-0.664
Ru11Ni8Co33Fe21Cu28,22,8,7,fcc,Co-Fe-Ru,bridge,Co-Ru,0.941,0.383,-504.7292,-508.7071,-0.7156
Ru11Ni8Co33Fe21Cu28,22,8,8,bridge,Cu-Fe,hcp,Cu-Cu-Fe,0.8,0.036,-504.7292,-508.5796,-0.5882
Ru11Ni8Co33Fe21Cu28,22,8,9,hcp,Co-Cu-Fe,hcp,Co-Cu-Fe,0.715,0.12,-504.7292,-508.4763,-0.4849
Ru11Ni8Co33Fe21Cu28,22,9,0,fcc,Co-Co-Cu,fcc,Co-Co-Cu,0.756,0.116,-503.9072,-507.7874,-0.6179
Ru11Ni8Co33Fe21Cu28,22,9,1,hcp,Co-Co-Co,hcp,Co-Co-Co,0.678,0.007,-503.9072,-507.8052,-0.6357
Ru11Ni8Co33Fe21Cu28,22,9,2,bridge,Co-Co,hcp,Co-Cu-Ru,0.892,0.041,-503.9072,-507.9375,-0.768
Ru11Ni8Co33Fe21Cu28,22,9,3,bridge,Fe-Fe,bridge,Fe-Ru,1.186,0.272,-503.9072,-507.9434,-0.7739
Ru11Ni8Co33Fe21Cu28,22,9,4,bridge,Fe-Ru,bridge,Co-Ru,1.011,0.233,-503.9072,-507.9852,-0.8157
Ru11Ni8Co33Fe21Cu28,22,9,5,bridge,Co-Co,fcc,Co-Co-Fe,0.75,0.239,-503.9072,-507.7506,-0.5811
Ru11Ni8Co33Fe21Cu28,22,9,6,fcc,Cu-Fe-Fe,fcc,Cu-Fe-Fe,0.846,0.154,-503.9072,-507.679,-0.5095
Ru11Ni8Co33Fe21Cu28,22,9,7,top,Fe,bridge,Co-Ru,1.015,0.201,-503.9072,-507.9855,-0.8161
Ru11Ni8Co33Fe21Cu28,22,9,8,top,Co,bridge,Co-Ru,1.007,0.264,-503.9072,-507.9848,-0.8153
Ru11Ni8Co33Fe21Cu28,22,9,9,bridge,Cu-Fe,hcp,Cu-Fe-Fe,0.821,0.134,-503.9072,-507.6863,-0.5169
Ru36Ni31Co10Fe6Cu17,23,0,0,bridge,Ru-Ru,bridge,Ru-Ru,0.455,0.358,-525.5395,-529.4973,-0.6956
Ru36Ni31Co10Fe6Cu17,23,0,1,hcp,Ni-Ru-Ru,bridge,Ru-Ru,0.262,0.271,-525.5395,-529.7831,-0.9813
Ru36Ni31Co10Fe6Cu17,23,0,2,top,Ru,bridge,Ru-Ru,0.256,0.327,-525.5395,-529.7067,-0.905
Ru36Ni31Co10Fe6Cu17,23,0,3,bridge,Ru-Ru,fcc,Ru-Ru-Ru,0.301,0.283,-525.5395,-529.5897,-0.7879
Ru36Ni31Co10Fe6Cu17,23,0,4,bridge,Cu-Ru,bridge,Ru-Ru,0.259,0.277,-525.5395,-529.7831,-0.9813
Ru36Ni31Co10Fe6Cu17,23,0,5,bridge,Cu-Ni,hcp,Cu-Ni-Ru,0.194,0.316,-525.5395,-529.5327,-0.731
Ru36Ni31Co10Fe6Cu17,23,0,6,fcc,Cu-Ni-Ru,fcc,Cu-Ni-Ru,-0.091,0.115,-525.5395,-529.4287,-0.627
Ru36Ni31Co10Fe6Cu17,23,0,7,top,Ru,fcc,Ru-Ru-Ru,0.095,0.261,-525.5395,-529.7093,-0.9076
Ru36Ni31Co10Fe6Cu17,23,0,8,bridge,Co-Cu,fcc,Co-Cu-Ni,0.163,0.264,-525.5395,-529.3788,-0.5771
Ru36Ni31Co10Fe6Cu17,23,0,9,fcc,Co-Ru-Ru,bridge,Ru-Ru,0.152,0.347,-525.5395,-529.6269,-0.8252
Ru36Ni31Co10Fe6Cu17,23,1,0,hcp,Cu-Cu-Ru,hcp,Cu-Cu-Ru,0.896,0.08,-524.5502,-528.4608,-0.6483
Ru36Ni31Co10Fe6Cu17,23,1,1,fcc,Ni-Ru-Ru,fcc,Ni-Ru-Ru,0.832,0.194,-524.5502,-528.593,-0.7806
Ru36Ni31Co10Fe6Cu17,23,1,2,bridge,Cu-Ru,hcp,Cu-Ni-Ru,0.851,0.005,-524.5502,-528.5327,-0.7202
Ru36Ni31Co10Fe6Cu17,23,1,3,bridge,Ni-Ru,hcp,Ni-Ru-Ru,1.058,0.261,-524.5502,-528.6821,-0.8696
Ru36Ni31Co10Fe6Cu17,23,1,4,top,Ru,fcc,Cu-Fe-Ru,0.948,0.281,-524.5502,-528.5803,-0.7679
Ru36Ni31Co10Fe6Cu17,23,1,5,top,Cu,fcc,Cu-Ni-Ru,0.836,0.05,-524.5502,-528.5298,-0.7173
Ru36Ni31Co10Fe6Cu17,23,1,6,hcp,Ni-Ru-Ru,hcp,Ni-Ru-Ru,1.061,0.272,-524.5502,-528.6821,-0.8696
Ru36Ni31Co10Fe6Cu17,23,1,7,bridge,Ni-Ru,hcp,Ni-Ru-Ru,1.06,0.275,-524.5502,-528.6821,-0.8696
Ru36Ni31Co10Fe6Cu17,23,1,8,bridge,Ni-Ru,fcc,Fe-Ni-Ru,1.025,0.277,-524.5502,-528.5906,-0.7781
Ru36Ni31Co10Fe6Cu17,23,1,9,bridge,Co-Ru,bridge,Co-Ru,0.872,0.307,-524.5502,-528.5282,-0.7157
Ru36Ni31Co10Fe6Cu17,23,2,0,hcp,Co-Ni-Ru,hcp,Co-Ni-Ru,0.658,0.03,-524.3417,-528.4041,-0.8002
Ru36Ni31Co10Fe6Cu17,23,2,1,bridge,Fe-Ru,bridge,Ru-Ru,0.803,0.383,-524.3417,-528.5324,-0.9285
Ru36Ni31Co10Fe6Cu17,23,2,2,top,Ru,bridge,Ru-Ru,0.825,0.107,-524.3417,-528.5315,-0.9275
Ru36Ni31Co10Fe6Cu17,23,2,3,hcp,Fe-Ru-Ru,bridge,Ru-Ru,0.877,0.296,-524.3417,-528.493,-0.889
Ru36Ni31Co10Fe6Cu17,23,2,4,bridge,Cu-Ni,hcp,Ni-Ni-Ru,0.673,0.195,-524.3417,-528.4214,-0.8175
Ru36Ni31Co10Fe6Cu17,23,2,5,bridge,Cu-Ni,hcp,Cu-Ni-Ru,0.594,0.074,-524.3417,-528.3026,-0.6987
Ru36Ni31Co10Fe6Cu17,23,2,6,fcc,Cu-Fe-Ru,fcc,Cu-Fe-Ru,0.729,0.264,-524.3417,-528.3522,-0.7483
Ru36Ni31Co10Fe6Cu17,23,2,7,bridge,Co-Fe,hcp,Co-Fe-Ru,0.791,0.285,-524.3417,-528.5052,-0.9013
Ru36Ni31Co10Fe6Cu17,23,2,8,top,Ni,fcc,Cu-Ni-Ni,0.613,0.188,-524.3417,-528.1591,-0.5552
Ru36Ni31Co10Fe6Cu17,23,2,9,bridge,Co-Cu,hcp,Co-Co-Ru,0.757,0.104,-524.3417,-528.4385,-0.8346
Ru36Ni31Co10Fe6Cu17,23,3,0,fcc,Cu-Ru-Ru,fcc,Cu-Ru-Ru,0.656,0.125,-525.6225,-529.606,-0.7213
Ru36Ni31Co10Fe6Cu17,23,3,1,bridge,Ru-Ru,hcp,Ru-Ru-Ru,0.724,0.135,-525.6225,-529.7209,-0.8362
Ru36Ni31Co10Fe6Cu17,23,3,2,bridge,Fe-Ru,bridge,Ru-Ru,0.779,0.333,-525.6225,-529.7429,-0.8582
Ru36Ni31Co10Fe6Cu17,23,3,3,bridge,Ru-Ru,hcp,Ru-Ru-Ru,0.763,0.265,-525.6225,-529.6896,-0.8049
Ru36Ni31Co10Fe6Cu17,23,3,4,top,Ru,fcc,Cu-Fe-Ru,0.824,0.275,-525.6225,-529.727,-0.8423
Ru36Ni31Co10Fe6Cu17,23,3,5,fcc,Ru-Ru-Ru,bridge,Ru-Ru,0.749,0.099,-525.6225,-529.707,-0.8222
Ru36Ni31Co10Fe6Cu17,23,3,6,bridge,Cu-Ru,fcc,Cu-Ru-Ru,0.68,0.194,-525.6225,-529.6051,-0.7204
Ru36Ni31Co10Fe6Cu17,23,3,7,top,Ru,hcp,Fe-Ni-Ru,0.775,0.27,-525.6225,-529.7315,-0.8467
Ru36Ni31Co10Fe6Cu17,23,3,8,hcp,Ni-Ni-Ru,hcp,Ni-Ni-Ru,0.776,0.08,-525.6225,-529.6877,-0.8029
Ru36Ni31Co10Fe6Cu17,23,3,9,bridge,Cu-Ru,bridge,Cu-Ru,0.671,0.055,-525.6225,-529.5255,-0.6408
Ru36Ni31Co10Fe6Cu17,23,4,0,bridge,Ru-Ru,fcc,Ni-Ru-Ru,0.554,0.256,-524.2345,-528.459,-0.9622
Ru36Ni31Co10Fe6Cu17,23,4,1,bridge,Cu-Ru,bridge,Cu-Ru,0.629,0.344,-524.2345,-528.2134,-0.7166
Ru36Ni31Co10Fe6Cu17,23,4,2,top,Cu,fcc,Cu-Ru-Ru,0.631,0.271,-524.2345,-528.185,-0.6882
Ru36Ni31Co10Fe6Cu17,23,4,3,top,Ru,bridge,Ru-Ru,0.896,0.383,-524.2345,-528.2902,-0.7935
Ru36Ni31Co10Fe6Cu17,23,4,4,hcp,Co-Ru-Ru,bridge,Ru-Ru,0.892,0.389,-524.2345,-528.2902,-0.7935
Ru36Ni31Co10Fe6Cu17,23,4,5,bridge,Co-Cu,bridge,Co-Ru,0.527,0.05,-524.2345,-528.2664,-0.7696
Ru36Ni31Co10Fe6Cu17,23,4,6,bridge,Ru-Ru,bridge,Ru-Ru,0.892,0.387,-524.2345,-528.2903,-0.7935
Ru36Ni31Co10Fe6Cu17,23,4,7,hcp,Cu-Cu-Ru,hcp,Cu-Cu-Ru,0.413,0.063,-524.2345,-528.0864,-0.5896
Ru36Ni31Co10Fe6Cu17,23,4,8,bridge,Cu-Ru,bridge,Cu-Ru,0.631,0.353,-524.2345,-528.2134,-0.7167
Ru36Ni31Co10Fe6Cu17,23,4,9,fcc,Cu-Cu-Ni,fcc,Cu-Cu-Ni,0.313,0.029,-524.2345,-527.8794,-0.3826
Ru36Ni31Co10Fe6Cu17,23,5,0,bridge,Ni-Ru,bridge,Ni-Ru,0.701,0.354,-524.3813,-528.4382,-0.7947
Ru36Ni31Co10Fe6Cu17,23,5,1,hcp,Cu-Ni-Ru,hcp,Cu-Ni-Ru,0.699,0.079,-524.3813,-528.4373,-0.7938
Ru36Ni31Co10Fe6Cu17,23,5,2,top,Fe,hcp,Co-Fe-Ni,0.782,0.187,-524.3813,-528.2535,-0.61
Ru36Ni31Co10Fe6Cu17,23,5,3,top,Ni,hcp,Co-Ni-Ru,0.878,0.145,-524.3813,-528.4615,-0.818
Ru36Ni31Co10Fe6Cu17,23,5,4,bridge,Cu-Ni,fcc,Cu-Cu-Ni,0.578,0.099,-524.3813,-528.0946,-0.451
Ru36Ni31Co10Fe6Cu17,23,5,5,bridge,Ni-Ni,hcp,Ni-Ni-Ru,0.858,0.131,-524.3813,-528.5166,-0.8731
Ru36Ni31Co10Fe6Cu17,23,5,6,fcc,Co-Ni-Ru,fcc,Co-Ni-Ru,0.873,0.012,-524.3813,-528.5533,-0.9098
Ru36Ni31Co10Fe6Cu17,23,5,7,hcp,Co-Fe-Ni,hcp,Co-Fe-Ni,0.771,0.17,-524.3813,-528.2535,-0.61
Ru36Ni31Co10Fe6Cu17,23,5,8,bridge,Ru-Ru,fcc,Ni-Ru-Ru,0.85,0.162,-524.3813,-528.4491,-0.8055
Ru36Ni31Co10Fe6Cu17,23,5,9,bridge,Ni-Ru,fcc,Ni-Ru-Ru,0.824,0.131,-524.3813,-528.5391,-0.8956
Ru36Ni31Co10Fe6Cu17,23,6,0,fcc,Co-Ni-Ru,fcc,Co-Ni-Ru,0.774,0.046,-523.1886,-527.1387,-0.6878
Ru36Ni31Co10Fe6Cu17,23,6,1,top,Ru,hcp,Ni-Ni-Ru,0.815,0.099,-523.1886,-527.2891,-0.8382
Ru36Ni31Co10Fe6Cu17,23,6,2,top,Ni,fcc,Ni-Ni-Ni,0.683,0.091,-523.1886,-526.9914,-0.5406
Ru36Ni31Co10Fe6Cu17,23,6,3,hcp,Co-Co-Ni,hcp,Co-Co-Ni,0.708,0.091,-523.1886,-527.0759,-0.625
Ru36Ni31Co10Fe6Cu17,23,6,4,fcc,Co-Ni-Ni,fcc,Co-Ni-Ni,0.594,0.026,-523.1886,-527.0705,-0.6197
Ru36Ni31Co10Fe6Cu17,23,6,5,bridge,Co-Ni,fcc,Co-Ni-Ru,0.737,0.058,-523.1886,-527.1857,-0.7348
Ru36Ni31Co10Fe6Cu17,23,6,6,bridge,Ni-Ru,hcp,Ni-Ni-Ru,0.809,0.093,-523.1886,-527.2891,-0.8383
Ru36Ni31Co10Fe6Cu17,23,6,7,bridge,Co-Ru,bridge,Ru-Ru,0.981,0.248,-523.1886,-527.2252,-0.7743
Ru36Ni31Co10Fe6Cu17,23,6,8,bridge,Co-Ni,hcp,Ni-Ni-Ru,0.813,0.102,-523.1886,-527.2891,-0.8382
Ru36Ni31Co10Fe6Cu17,23,6,9,bridge,Ni-Ru,hcp,Ni-Ru-Ru,0.876,0.22,-523.1886,-527.22,-0.7692
Ru36Ni31Co10Fe6Cu17,23,7,0,fcc,Cu-Fe-Ru,fcc,Cu-Fe-Ru,0.824,0.16,-524.1146,-528.1267,-0.7498
Ru36Ni31Co10Fe6Cu17,23,7,1,top,Fe,hcp,Fe-Ru-Ru,0.887,0.234,-524.1146,-528.1667,-0.7898
Ru36Ni31Co10Fe6Cu17,23,7,2,top,Ni,hcp,Ni-Ni-Ru,0.616,0.035,-524.1146,-528.2777,-0.9008
Ru36Ni31Co10Fe6Cu17,23,7,3,fcc,Ni-Ni-Ru,fcc,Ni-Ni-Ru,0.581,0.022,-524.1146,-528.0995,-0.7226
Ru36Ni31Co10Fe6Cu17,23,7,4,bridge,Ni-Ru,fcc,Ni-Ru-Ru,0.547,0.256,-524.1146,-528.3517,-0.9749
Ru36Ni31Co10Fe6Cu17,23,7,5,hcp,Co-Ru-Ru,bridge,Ru-Ru,0.794,0.225,-524.1146,-528.074,-0.6971
Ru36Ni31Co10Fe6Cu17,23,7,6,bridge,Fe-Ni,hcp,Fe-Ni-Ru,0.55,0.278,-524.1146,-528.1594,-0.7825
Ru36Ni31Co10Fe6Cu17,23,7,7,bridge,Fe-Ru,hcp,Fe-Ru-Ru,0.62,0.323,-524.1146,-528.2855,-0.9086
Ru36Ni31Co10Fe6Cu17,23,7,8,bridge,Ru-Ru,bridge,Ru-Ru,0.999,0.365,-524.1146,-528.3615,-0.9846
Ru36Ni31Co10Fe6Cu17,23,7,9,bridge,Ni-Ru,hcp,Ni-Ni-Ru,0.61,0.026,-524.1146,-528.2778,-0.9009
Ru36Ni31Co10Fe6Cu17,23,8,0,bridge,Cu-Ru,fcc,Cu-Cu-Ru,0.595,0.162,-527.1544,-531.2802,-0.8636
Ru36Ni31Co10Fe6Cu17,23,8,1,bridge,Ni-Ru,fcc,Ni-Ru-Ru,0.061,0.084,-527.1544,-531.2427,-0.826
Ru36Ni31Co10Fe6Cu17,23,8,2,hcp,Fe-Ni-Ru,bridge,Ni-Ru,0.321,0.242,-527.1544,-531.1548,-0.7381
Ru36Ni31Co10Fe6Cu17,23,8,3,top,Cu,bridge,Cu-Ru,0.853,0.412,-527.1544,-531.3571,-0.9404
Ru36Ni31Co10Fe6Cu17,23,8,4,bridge,Ni-Ru,hcp,Ni-Ni-Ru,0.117,0.073,-527.1544,-531.281,-0.8643
Ru36Ni31Co10Fe6Cu17,23,8,5,bridge,Ru-Ru,fcc,Fe-Ru-Ru,0.584,0.355,-527.1544,-531.3745,-0.9578
Ru36Ni31Co10Fe6Cu17,23,8,6,top,Fe,hcp,Cu-Fe-Ru,0.843,0.387,-527.1544,-531.357,-0.9403
Ru36Ni31Co10Fe6Cu17,23,8,7,hcp,Ru-Ru-Ru,bridge,Ru-Ru,0.282,0.277,-527.1544,-531.3001,-0.8834
Ru36Ni31Co10Fe6Cu17,23,8,8,fcc,Ru-Ru-Ru,fcc,Ru-Ru-Ru,0.322,0.229,-527.1544,-531.2652,-0.8485
Ru36Ni31Co10Fe6Cu17,23,8,9,bridge,Cu-Ru,hcp,Cu-Ru-Ru,0.202,0.077,-527.1544,-531.2379,-0.8212
Ru36Ni31Co10Fe6Cu17,23,9,0,hcp,Fe-Ni-Ru,hcp,Fe-Ni-Ru,0.679,0.319,-526.1971,-530.3843,-0.9249
Ru36Ni31Co10Fe6Cu17,23,9,1,top,Ni,hcp,Ni-Ni-Ru,0.452,0.293,-526.1971,-530.3129,-0.8535
Ru36Ni31Co10Fe6Cu17,23,9,2,top,Ni,fcc,Ni-Ru-Ru,0.578,0.239,-526.1971,-530.3041,-0.8447
Ru36Ni31Co10Fe6Cu17,23,9,3,fcc,Ni-Ni-Ru,fcc,Ni-Ni-Ru,0.565,0.276,-526.1971,-530.1797,-0.7204
Ru36Ni31Co10Fe6Cu17,23,9,4,bridge,Ru-Ru,bridge,Ru-Ru,0.377,0.19,-526.1971,-530.2443,-0.7849
Ru36Ni31Co10Fe6Cu17,23,9,5,bridge,Ru-Ru,hcp,Fe-Ru-Ru,0.495,0.335,-526.1971,-530.3456,-0.8862
Ru36Ni31Co10Fe6Cu17,23,9,6,fcc,Fe-Ni-Ru,fcc,Fe-Ni-Ru,0.741,0.211,-526.1971,-530.341,-0.8816
Ru36Ni31Co10Fe6Cu17,23,9,7,bridge,Cu-Ni,hcp,Cu-Ni-Ru,0.166,0.057,-526.1971,-530.2008,-0.7414
Ru36Ni31Co10Fe6Cu17,23,9,8,bridge,Cu-Ru,fcc,Co-Cu-Ru,0.183,0.081,-526.1971,-530.1079,-0.6485
Ru36Ni31Co10Fe6Cu17,23,9,9,bridge,Ni-Ru,fcc,Ni-Ni-Ru,0.366,0.088,-526.1971,-530.314,-0.8546
Ru8Ni25Co31Fe10Cu26,24,0,0,bridge,Cu-Fe,hcp,Cu-Cu-Fe,0.781,0.01,-476.0805,-479.8648,-0.5221
Ru8Ni25Co31Fe10Cu26,24,0,1,hcp,Cu-Cu-Fe,hcp,Cu-Cu-Fe,0.781,0.01,-476.0805,-479.8648,-0.5221
Ru8Ni25Co31Fe10Cu26,24,0,2,hcp,Co-Cu-Cu,hcp,Co-Cu-Cu,0.681,0.128,-476.0805,-479.8045,-0.4618
Ru8Ni25Co31Fe10Cu26,24,0,3,fcc,Cu-Ni-Ni,fcc,Cu-Ni-Ni,0.657,0.072,-476.0805,-479.9501,-0.6074
Ru8Ni25Co31Fe10Cu26,24,0,4,bridge,Cu-Fe,fcc,Cu-Fe-Ni,0.705,0.088,-476.0805,-479.9813,-0.6386
Ru8Ni25Co31Fe10Cu26,24,0,5,bridge,Cu-Cu,hcp,Cu-Cu-Fe,0.784,0.009,-476.0805,-479.8648,-0.5221
Ru8Ni25Co31Fe10Cu26,24,0,6,bridge,Cu-Fe,hcp,Cu-Cu-Fe,0.758,0.039,-476.0805,-479.9068,-0.5641
Ru8Ni25Co31Fe10Cu26,24,0,7,top,Fe,hcp,Fe-Ni-Ni,0.742,0.081,-476.0805,-480.0448,-0.7021
Ru8Ni25Co31Fe10Cu26,24,0,8,bridge,Cu-Ni,fcc,Cu-Ni-Ni,0.629,0.065,-476.0805,-479.9158,-0.5731
Ru8Ni25Co31Fe10Cu26,24,0,9,top,Cu,hcp,Cu-Cu-Fe,0.757,0.032,-476.0805,-479.9068,-0.5641
Ru8Ni25Co31Fe10Cu26,24,1,0,bridge,Cu-Cu,bridge,Cu-Cu,1.02,0.008,-474.1045,-477.6655,-0.2987
Ru8Ni25Co31Fe10Cu26,24,1,1,bridge,Co-Cu,hcp,Co-Cu-Ni,0.693,0.107,-474.1045,-477.8722,-0.5054
Ru8Ni25Co31Fe10Cu26,24,1,2,top,Cu,hcp,Co-Cu-Ni,0.671,0.117,-474.1045,-477.8958,-0.529
Ru8Ni25Co31Fe10Cu26,24,1,3,bridge,Cu-Ni,fcc,Co-Cu-Ni,0.666,0.058,-474.1045,-477.8528,-0.486
Ru8Ni25Co31Fe10Cu26,24,1,4,hcp,Co-Cu-Ni,hcp,Co-Cu-Ni,0.696,0.097,-474.1045,-477.8915,-0.5248
Ru8Ni25Co31Fe10Cu26,24,1,5,bridge,Co-Ni,fcc,Co-Co-Ni,0.696,0.034,-474.1045,-477.9752,-0.6084
Ru8Ni25Co31Fe10Cu26,24,1,6,hcp,Co-Cu-Ni,hcp,Co-Cu-Ni,0.695,0.111,-474.1045,-477.8721,-0.5053
Ru8Ni25Co31Fe10Cu26,24,1,7,bridge,Co-Ni,fcc,Co-Co-Ni,0.66,0.011,-474.1045,-478.0133,-0.6465
Ru8Ni25Co31Fe10Cu26,24,1,8,fcc,Co-Co-Ni,fcc,Co-Co-Ni,0.656,0.006,-474.1045,-478.0133,-0.6465
Ru8Ni25Co31Fe10Cu26,24,1,9,top,Cu,hcp,Co-Cu-Ni,0.689,0.106,-474.1045,-477.894,-0.5272
Ru8Ni25Co31Fe10Cu26,24,2,0,top,Fe,bridge,Co-Co,0.898,0.239,-472.822,-476.6971,-0.6128
Ru8Ni25Co31Fe10Cu26,24,2,1,bridge,Co-Cu,hcp,Co-Cu-Ni,0.674,0.128,-472.822,-476.6171,-0.5328
Ru8Ni25Co31Fe10Cu26,24,2,2,bridge,Co-Fe,hcp,Co-Co-Fe,0.786,0.303,-472.822,-476.6505,-0.5662
Ru8Ni25Co31Fe10Cu26,24,2,3,fcc,Co-Cu-Cu,fcc,Co-Cu-Cu,0.746,0.108,-472.822,-476.463,-0.3787
Ru8Ni25Co31Fe10Cu26,24,2,4,bridge,Co-Co,fcc,Co-Co-Co,0.708,0.016,-472.822,-476.6857,-0.6014
Ru8Ni25Co31Fe10Cu26,24,2,5,hcp,Co-Cu-Fe,hcp,Co-Cu-Fe,0.854,0.217,-472.822,-476.5851,-0.5008
Ru8Ni25Co31Fe10Cu26,24,2,6,hcp,Co-Cu-Ni,hcp,Co-Cu-Ni,0.668,0.098,-472.822,-476.5534,-0.4691
Ru8Ni25Co31Fe10Cu26,24,2,7,bridge,Co-Cu,fcc,Co-Cu-Cu,0.746,0.105,-472.822,-476.463,-0.3787
Ru8Ni25Co31Fe10Cu26,24,2,8,top,Co,fcc,Co-Fe-Ni,0.761,0.272,-472.822,-476.6717,-0.5874
Ru8Ni25Co31Fe10Cu26,24,2,9,bridge,Co-Cu,fcc,Co-Cu-Ni,0.64,0.089,-472.822,-476.5932,-0.5089
Ru8Ni25Co31Fe10Cu26,24,3,0,top,Cu,fcc,Co-Cu-Fe,0.706,0.144,-476.6376,-480.4139,-0.514
Ru8Ni25Co31Fe10Cu26,24,3,1,top,Ni,hcp,Fe-Ni-Ni,0.796,0.234,-476.6376,-480.4598,-0.5599
Ru8Ni25Co31Fe10Cu26,24,3,2,hcp,Co-Fe-Ni,hcp,Co-Fe-Ni,0.715,0.181,-476.6376,-480.5193,-0.6194
Ru8Ni25Co31Fe10Cu26,24,3,3,bridge,Co-Co,hcp,Co-Co-Fe,0.731,0.313,-476.6376,-480.5426,-0.6428
Ru8Ni25Co31Fe10Cu26,24,3,4,bridge,Co-Cu,bridge,Co-Ru,0.91,0.329,-476.6376,-480.5328,-0.633
Ru8Ni25Co31Fe10Cu26,24,3,5,fcc,Co-Cu-Cu,fcc,Co-Cu-Cu,0.666,0.104,-476.6376,-480.2263,-0.3264
Ru8Ni25Co31Fe10Cu26,24,3,6,bridge,Co-Fe,hcp,Co-Fe-Ni,0.713,0.17,-476.6376,-480.5194,-0.6195
Ru8Ni25Co31Fe10Cu26,24,3,7,bridge,Co-Fe,hcp,Co-Co-Fe,0.734,0.322,-476.6376,-480.5427,-0.6428
Ru8Ni25Co31Fe10Cu26,24,3,8,hcp,Co-Cu-Cu,hcp,Co-Cu-Cu,0.654,0.095,-476.6376,-480.2972,-0.3973
Ru8Ni25Co31Fe10Cu26,24,3,9,bridge,Cu-Ru,bridge,Ru-Ru,1.075,0.19,-476.6376,-480.6423,-0.7424
Ru8Ni25Co31Fe10Cu26,24,4,0,hcp,Fe-Ni-Ni,hcp,Fe-Ni-Ni,0.697,0.14,-476.0156,-479.9328,-0.655
Ru8Ni25Co31Fe10Cu26,24,4,1,bridge,Fe-Fe,hcp,Fe-Fe-Fe,0.911,0.173,-476.0156,-479.884,-0.6062
Ru8Ni25Co31Fe10Cu26,24,4,2,top,Cu,fcc,Cu-Fe-Fe,0.854,0.062,-476.0156,-479.882,-0.6042
Ru8Ni25Co31Fe10Cu26,24,4,3,bridge,Cu-Ni,fcc,Cu-Ni-Ru,0.765,0.07,-476.0156,-479.8879,-0.6101
Ru8Ni25Co31Fe10Cu26,24,4,4,fcc,Co-Ni-Ru,bridge,Co-Ru,0.987,0.255,-476.0156,-480.0307,-0.7529
Ru8Ni25Co31Fe10Cu26,24,4,5,hcp,Co-Cu-Ni,hcp,Co-Cu-Ni,0.678,0.085,-476.0156,-479.7724,-0.4946
Ru8Ni25Co31Fe10Cu26,24,4,6,top,Cu,hcp,Co-Cu-Ru,0.868,0.08,-476.0156,-480.0057,-0.7279
Ru8Ni25Co31Fe10Cu26,24,4,7,bridge,Co-Fe,fcc,Co-Fe-Fe,0.879,0.251,-476.0156,-479.8711,-0.5933
Ru8Ni25Co31Fe10Cu26,24,4,8,bridge,Ni-Ni,fcc,Cu-Ni-Ni,0.617,0.088,-476.0156,-479.8535,-0.5757
Ru8Ni25Co31Fe10Cu26,24,4,9,bridge,Cu-Cu,hcp,Cu-Cu-Fe,0.785,0.025,-476.0156,-479.7165,-0.4387
Ru8Ni25Co31Fe10Cu26,24,5,0,fcc,Co-Co-Ni,fcc,Co-Co-Ni,0.664,0.004,-474.2205,-478.0157,-0.533
Ru8Ni25Co31Fe10Cu26,24,5,1,bridge,Ni-Ni,fcc,Ni-Ni-Ni,0.61,0.023,-474.2205,-478.1299,-0.6471
Ru8Ni25Co31Fe10Cu26,24,5,2,bridge,Cu-Cu,bridge,Cu-Cu,0.946,0.026,-474.2205,-477.6013,-0.1185
Ru8Ni25Co31Fe10Cu26,24,5,3,bridge,Co-Ni,hcp,Co-Ni-Ni,0.641,0.029,-474.2205,-478.0653,-0.5826
Ru8Ni25Co31Fe10Cu26,24,5,4,bridge,Ni-Ni,bridge,Ni-Ni,0.864,0.022,-474.2205,-477.974,-0.4912
Ru8Ni25Co31Fe10Cu26,24,5,5,bridge,Co-Ni,fcc,Co-Ni-Ni,0.671,0.044,-474.2205,-478.1405,-0.6577
Ru8Ni25Co31Fe10Cu26,24,5,6,top,Ni,fcc,Co-Ni-Ni,0.672,0.045,-474.2205,-478.1405,-0.6577
Ru8Ni25Co31Fe10Cu26,24,5,7,hcp,Ni-Ni-Ni,hcp,Ni-Ni-Ni,0.66,0.028,-474.2205,-478.1256,-0.6428
Ru8Ni25Co31Fe10Cu26,24,5,8,fcc,Ni-Ni-Ni,fcc,Ni-Ni-Ni,0.609,0.02,-474.2205,-478.1299,-0.6472
Ru8Ni25Co31Fe10Cu26,24,5,9,top,Ni,hcp,Co-Ni-Ni,0.688,0.047,-474.2205,-478.1495,-0.6667
Ru8Ni25Co31Fe10Cu26,24,6,0,bridge,Cu-Cu,fcc,Cu-Cu-Fe,0.821,0.086,-474.2582,-477.969,-0.4485
Ru8Ni25Co31Fe10Cu26,24,6,1,bridge,Co-Co,hcp,Co-Co-Fe,0.724,0.253,-474.2582,-478.1167,-0.5963
Ru8Ni25Co31Fe10Cu26,24,6,2,fcc,Cu-Cu-Ni,fcc,Cu-Cu-Ni,0.696,0.1,-474.2582,-478.0669,-0.5465
Ru8Ni25Co31Fe10Cu26,24,6,3,hcp,Cu-Fe-Ni,hcp,Cu-Fe-Ni,0.771,0.168,-474.2582,-478.1428,-0.6223
Ru8Ni25Co31Fe10Cu26,24,6,4,hcp,Co-Cu-Fe,hcp,Co-Cu-Fe,0.833,0.267,-474.2582,-478.1015,-0.5811
Ru8Ni25Co31Fe10Cu26,24,6,5,bridge,Co-Co,fcc,Co-Co-Ni,0.702,0.022,-474.2582,-478.1821,-0.6617
Ru8Ni25Co31Fe10Cu26,24,6,6,bridge,Co-Fe,hcp,Co-Cu-Fe,0.748,0.215,-474.2582,-478.0751,-0.5546
Ru8Ni25Co31Fe10Cu26,24,6,7,bridge,Cu-Fe,hcp,Co-Cu-Fe,0.828,0.256,-474.2582,-478.1016,-0.5811
Ru8Ni25Co31Fe10Cu26,24,6,8,top,Fe,top,Fe,1.543,0.002,-474.2582,-477.2946,0.2259
Ru8Ni25Co31Fe10Cu26,24,6,9,top,Cu,fcc,Co-Cu-Fe,0.806,0.205,-474.2582,-478.0523,-0.5319
Ru8Ni25Co31Fe10Cu26,24,7,0,hcp,Cu-Fe-Ni,hcp,Cu-Fe-Ni,0.761,0.107,-474.4827,-478.2361,-0.4911
Ru8Ni25Co31Fe10Cu26,24,7,1,bridge,Cu-Ni,fcc,Cu-Ni-Ru,0.892,0.025,-474.4827,-478.408,-0.6631
Ru8Ni25Co31Fe10Cu26,24,7,2,top,Fe,hcp,Co-Fe-Ni,0.793,0.203,-474.4827,-478.3476,-0.6026
Ru8Ni25Co31Fe10Cu26,24,7,3,fcc,Co-Cu-Ni,fcc,Co-Cu-Ni,0.691,0.094,-474.4827,-478.2071,-0.4621
Ru8Ni25Co31Fe10Cu26,24,7,4,bridge,Co-Co,hcp,Co-Co-Co,0.726,0.029,-474.4827,-478.2615,-0.5165
Ru8Ni25Co31Fe10Cu26,24,7,5,bridge,Co-Co,fcc,Co-Co-Ni,0.712,0.037,-474.4827,-478.3058,-0.5608
Ru8Ni25Co31Fe10Cu26,24,7,6,top,Ni,fcc,Co-Ni-Ni,0.694,0.039,-474.4827,-478.4144,-0.6694
Ru8Ni25Co31Fe10Cu26,24,7,7,bridge,Co-Co,bridge,Co-Ru,1.068,0.125,-474.4827,-478.3519,-0.6069
Ru8Ni25Co31Fe10Cu26,24,7,8,fcc,Co-Co-Ni,fcc,Co-Co-Ni,0.714,0.032,-474.4827,-478.3058,-0.5608
Ru8Ni25Co31Fe10Cu26,24,7,9,bridge,Fe-Ni,fcc,Fe-Ni-Ni,0.779,0.125,-474.4827,-478.3926,-0.6477
Ru8Ni25Co31Fe10Cu26,24,8,0,top,Co,hcp,Co-Co-Ru,0.897,0.28,-477.0366,-480.9913,-0.6925
Ru8Ni25Co31Fe10Cu26,24,8,1,bridge,Cu-Ru,fcc,Cu-Ru-Ru,0.924,0.275,-477.0366,-480.8763,-0.5775
Ru8Ni25Co31Fe10Cu26,24,8,2,bridge,Co-Cu,hcp,Co-Co-Ru,0.894,0.274,-477.0366,-480.9913,-0.6925
Ru8Ni25Co31Fe10Cu26,24,8,3,bridge,Cu-Cu,bridge,Cu-Cu,0.849,0.004,-477.0366,-480.478,-0.1791
Ru8Ni25Co31Fe10Cu26,24,8,4,fcc,Cu-Cu-Fe,fcc,Cu-Cu-Fe,0.726,0.096,-477.0366,-480.7323,-0.4334
Ru8Ni25Co31Fe10Cu26,24,8,5,bridge,Co-Cu,fcc,Co-Cu-Ru,0.813,0.339,-477.0366,-480.9083,-0.6095
Ru8Ni25Co31Fe10Cu26,24,8,6,hcp,Co-Co-Ni,hcp,Co-Co-Ni,0.535,0.03,-477.0366,-480.7969,-0.4981
Ru8Ni25Co31Fe10Cu26,24,8,7,fcc,Co-Cu-Ru,fcc,Co-Cu-Ru,0.768,0.023,-477.0366,-480.9349,-0.6361
Ru8Ni25Co31Fe10Cu26,24,8,8,top,Cu,hcp,Cu-Cu-Ru,0.704,0.097,-477.0366,-480.801,-0.5021
Ru8Ni25Co31Fe10Cu26,24,8,9,bridge,Co-Ru,hcp,Co-Co-Ru,0.898,0.286,-477.0366,-480.9913,-0.6925
Ru8Ni25Co31Fe10Cu26,24,9,0,hcp,Co-Co-Cu,hcp,Co-Co-Cu,0.739,0.171,-473.8089,-477.564,-0.4929
Ru8Ni25Co31Fe10Cu26,24,9,1,top,Co,bridge,Co-Co,0.75,0.34,-473.8089,-477.6481,-0.5769
Ru8Ni25Co31Fe10Cu26,24,9,2,bridge,Cu-Ni,hcp,Co-Cu-Ni,0.624,0.111,-473.8089,-477.5749,-0.5038
Ru8Ni25Co31Fe10Cu26,24,9,3,bridge,Co-Ni,bridge,Co-Ni,0.806,0.015,-473.8089,-477.5657,-0.4945
Ru8Ni25Co31Fe10Cu26,24,9,4,hcp,Co-Cu-Cu,hcp,Co-Cu-Cu,0.74,0.135,-473.8089,-477.5114,-0.4403
Ru8Ni25Co31Fe10Cu26,24,9,5,bridge,Co-Ni,fcc,Co-Ni-Ni,0.625,0.023,-473.8089,-477.6862,-0.615
Ru8Ni25Co31Fe10Cu26,24,9,6,fcc,Cu-Cu-Cu,fcc,Cu-Cu-Cu,0.795,0.034,-473.8089,-477.4185,-0.3473
Ru8Ni25Co31Fe10Cu26,24,9,7,top,Co,fcc,Co-Co-Ni,0.651,0.027,-473.8089,-477.6535,-0.5823
Ru8Ni25Co31Fe10Cu26,24,9,8,bridge,Co-Co,fcc,Co-Co-Fe,0.758,0.351,-473.8089,-477.6292,-0.5581
Ru8Ni25Co31Fe10Cu26,24,9,9,bridge,Co-Cu,bridge,Co-Cu,0.985,0.122,-473.8089,-477.4458,-0.3747
